label,epoch,val_loss,train_loss
leaky_relu 2x64,1,0.6593956192334492,0.8448146242688034
leaky_relu 2x64,2,0.6225328405698141,0.645643426226559
leaky_relu 2x64,3,0.6022887150446574,0.6156673309039343
leaky_relu 2x64,4,0.5888324578603109,0.5978943315319263
leaky_relu 2x64,5,0.5850315729777018,0.5829854615088507
leaky_relu 2x64,6,0.5695796807607015,0.5715363727835927
leaky_relu 2x64,7,0.5589768648147583,0.5611117436746441
leaky_relu 2x64,8,0.5501797437667847,0.5525862192684287
leaky_relu 2x64,9,0.5441053152084351,0.5446751493845131
leaky_relu 2x64,10,0.542735481262207,0.5382632725634096
leaky_relu 2x64,11,0.5300478140513102,0.5320104072695856
leaky_relu 2x64,12,0.5345047593116761,0.5254543839670532
leaky_relu 2x64,13,0.5240975717703501,0.5226194098567121
leaky_relu 2x64,14,0.5179224292437236,0.5165388700471889
leaky_relu 2x64,15,0.5179282784461975,0.5122905907710443
leaky_relu 2x64,16,0.5143808623154958,0.508849790434436
leaky_relu 2x64,17,0.5089318672815959,0.505125529266329
leaky_relu 2x64,18,0.5077797055244446,0.5013292796811267
leaky_relu 2x64,19,0.5099314451217651,0.4981362212590856
leaky_relu 2x64,20,0.5012158691883087,0.49552313908979656
leaky_relu 2x64,21,0.4990016202131907,0.49243699278929215
leaky_relu 2x64,22,0.5008736073970794,0.48943283118509184
leaky_relu 2x64,23,0.4965304513772329,0.4880238675450295
leaky_relu 2x64,24,0.49553954402605693,0.4847461228803655
leaky_relu 2x64,25,0.49926247795422873,0.4818043282431211
leaky_relu 2x64,26,0.4940209150314331,0.4816839212218522
leaky_relu 2x64,27,0.4881273647149404,0.479478043322575
leaky_relu 2x64,28,0.4947397172451019,0.47639962396699814
leaky_relu 2x64,29,0.48731908202171326,0.4756581817085689
leaky_relu 2x64,30,0.48841062585512796,0.47204306552853725
leaky_relu 2x64,31,0.48500159780184426,0.470538102454787
leaky_relu 2x64,32,0.4877354621887207,0.4694943082590896
leaky_relu 2x64,33,0.48691387971242267,0.4678177340382803
leaky_relu 2x64,34,0.4866790592670441,0.46582348946502417
leaky_relu 2x64,35,0.48178136547406514,0.46570751294005863
leaky_relu 2x64,36,0.48098013202349343,0.462868449579409
leaky_relu 2x64,37,0.4776303271452586,0.4618911060626935
leaky_relu 2x64,38,0.48128236730893453,0.46003630601765155
leaky_relu 2x64,39,0.4753661493460337,0.45849023090589713
leaky_relu 2x64,40,0.4808697819709778,0.4568005105527325
leaky_relu 2x64,41,0.47582518458366396,0.45827764573244173
leaky_relu 2x64,42,0.47439803878466286,0.4549827201027394
leaky_relu 2x64,43,0.4755812923113505,0.4547060915624555
leaky_relu 2x64,44,0.47654380997021994,0.4526599444915405
leaky_relu 2x64,45,0.47370511293411255,0.45292578805524525
leaky_relu 2x64,46,0.47283347646395363,0.45035617203735
leaky_relu 2x64,47,0.47557579080263773,0.4489142466731145
leaky_relu 2x64,48,0.4721631407737732,0.4490344162694893
leaky_relu 2x64,49,0.4710593740145365,0.4464206288612437
leaky_relu 2x64,50,0.46939541896184284,0.4452669296403571
leaky_relu 2x64,51,0.4709655205408732,0.4451572204843904
leaky_relu 2x64,52,0.46905687053998313,0.44615023830531225
leaky_relu 2x64,53,0.46663804252942404,0.44389287349855283
leaky_relu 2x64,54,0.469310998916626,0.4411733203813062
leaky_relu 2x64,55,0.4690013368924459,0.44067494591269946
leaky_relu 2x64,56,0.4721019506454468,0.4409110292055314
leaky_relu 2x64,57,0.46454808513323465,0.43945820207328573
leaky_relu 2x64,58,0.4677628517150879,0.43779463074945235
leaky_relu 2x64,59,0.4662996033827464,0.43807347921877865
leaky_relu 2x64,60,0.4660860399405162,0.43714409414269856
leaky_relu 2x64,61,0.4650914490222931,0.4360917368056111
leaky_relu 2x64,62,0.4648201127847036,0.43474258801425925
leaky_relu 2x64,63,0.4658118446667989,0.4341067678574612
leaky_relu 2x64,64,0.46779759526252745,0.43334472406399793
leaky_relu 2x64,65,0.4623544653256734,0.4335952156769769
leaky_relu 2x64,66,0.4571555813153585,0.43252769759451987
leaky_relu 2x64,67,0.46166136463483176,0.4298702551478613
leaky_relu 2x64,68,0.4623389224211375,0.4306266916058823
leaky_relu 2x64,69,0.4576393882433573,0.4298038063864278
leaky_relu 2x64,70,0.4567647417386373,0.4275763046126021
leaky_relu 2x64,71,0.4576435486475627,0.4283091995972562
leaky_relu 2x64,72,0.4583491384983063,0.4268121988753567
leaky_relu 2x64,73,0.45810286005338036,0.426748236044542
leaky_relu 2x64,74,0.45788642366727195,0.42646140631184754
leaky_relu 2x64,75,0.46045704881350197,0.4251019907322183
leaky_relu 2x64,76,0.4582720597585042,0.4249545592895104
leaky_relu 2x64,77,0.46348023811976113,0.4253581396164756
leaky_relu 2x64,78,0.4572937568028768,0.42440088630707623
leaky_relu 2x64,79,0.46043147444725036,0.4225477425756852
leaky_relu 2x64,80,0.4610230584939321,0.4226687329494588
leaky_relu 2x64,81,0.4584889074166616,0.42279861256257273
leaky_relu 2x64,82,0.4564427971839905,0.4210264277156179
leaky_relu 2x64,83,0.4611171285311381,0.4202706914804052
leaky_relu 2x64,84,0.4558948198954264,0.4208769668158222
leaky_relu 2x64,85,0.4554497241973877,0.4194518059807915
leaky_relu 2x64,86,0.4542567571004232,0.4190555798544994
leaky_relu 2x64,87,0.4538733740647634,0.4183624932074076
leaky_relu 2x64,88,0.45762794017791747,0.4171567169977574
leaky_relu 2x64,89,0.45276986360549926,0.41632284446726
leaky_relu 2x64,90,0.453902131319046,0.4155475141631855
leaky_relu 2x64,91,0.45583503047625223,0.41597405380695346
leaky_relu 2x64,92,0.4544485608736674,0.4152095828395868
leaky_relu 2x64,93,0.45474751393000284,0.4151954086318023
leaky_relu 2x64,94,0.45519157449404396,0.4150845774625554
leaky_relu 2x64,95,0.4514222284158071,0.4130337049382315
leaky_relu 2x64,96,0.4654275059700012,0.4119581532542277
leaky_relu 2x64,97,0.4541498124599457,0.41393475295576987
leaky_relu 2x64,98,0.4515946865081787,0.4121638017857104
leaky_relu 2x64,99,0.4520494778951009,0.41153261204334907
leaky_relu 2x64,100,0.4507849375406901,0.41182372495537917
leaky_relu 2x64,101,0.4513962805271149,0.4095727864812047
leaky_relu 2x64,102,0.4537546217441559,0.41072162726286165
leaky_relu 2x64,103,0.44738890528678893,0.4098796159153605
leaky_relu 2x64,104,0.4521035571893056,0.4085890935377802
leaky_relu 2x64,105,0.45161542693773904,0.40859425380398523
leaky_relu 2x64,106,0.4501879950364431,0.40847095683252704
leaky_relu 2x64,107,0.45196844736735026,0.4074420538243035
leaky_relu 2x64,108,0.4490455607573191,0.40728730600669993
leaky_relu 2x64,109,0.4491869370142619,0.40618097182875673
leaky_relu 2x64,110,0.45040868520736693,0.4072904922502447
leaky_relu 2x64,111,0.45483243465423584,0.4062761777388783
leaky_relu 2x64,112,0.44868744413057965,0.40661846623096987
leaky_relu 2x64,113,0.4508470571958102,0.4059045176769459
leaky_relu 2x64,114,0.45850886977635896,0.40411687107312405
leaky_relu 2x64,115,0.4484086288855626,0.4053799632930545
leaky_relu 2x64,116,0.45515449001238895,0.40334018576829894
leaky_relu 2x64,117,0.4504341139243199,0.4029782646237506
leaky_relu 2x64,118,0.4508693585029015,0.40254256782226494
leaky_relu 2x64,119,0.44833074853970456,0.40337533925607666
leaky_relu 2x64,120,0.44858216322385347,0.4022975596946292
leaky_relu 2x64,121,0.4483292125738584,0.4001514936617234
leaky_relu 2x64,122,0.4546063679915208,0.4005151123061449
leaky_relu 2x64,123,0.44805052188726574,0.40113528765738327
leaky_relu 2x64,124,0.44842233107640195,0.40023546297078283
leaky_relu 2x64,125,0.44908535938996536,0.39913727450473213
leaky_relu 2x64,126,0.44553762215834397,0.39856698194564927
leaky_relu 2x64,127,0.4464095647518451,0.3980076479748037
leaky_relu 2x64,128,0.4452682641836313,0.39870089923977203
leaky_relu 2x64,129,0.44884844009692854,0.39753611662016536
leaky_relu 2x64,130,0.4467688500881195,0.398026237345325
leaky_relu 2x64,131,0.45033119733516985,0.3976038842746829
leaky_relu 2x64,132,0.4468243145025693,0.3982499774865899
leaky_relu 2x64,133,0.4469621685835031,0.3962623880091345
leaky_relu 2x64,134,0.4466642737388611,0.3963933757415762
leaky_relu 2x64,135,0.44380319347748387,0.395772543604621
leaky_relu 2x64,136,0.4447443072612469,0.3940623647155727
leaky_relu 2x64,137,0.44852471580872166,0.3948509720141284
leaky_relu 2x64,138,0.44896254936854046,0.39482063696686426
leaky_relu 2x64,139,0.44555898010730743,0.39462840122652604
leaky_relu 2x64,140,0.4502638677755992,0.39424876313815155
leaky_relu 2x64,141,0.44626301527023315,0.39513177405680877
leaky_relu 2x64,142,0.4450652761892839,0.39227374848961855
leaky_relu 2x64,143,0.44325939091769134,0.39263375152650154
leaky_relu 2x64,144,0.4463953267444264,0.3915984311018727
leaky_relu 2x64,145,0.4464652321555398,0.3913626598101715
leaky_relu 2x64,146,0.44227742877873505,0.39081328487641503
leaky_relu 2x64,147,0.44241231977939605,0.39164388648971094
leaky_relu 2x64,148,0.44126108288764954,0.3912043569731328
leaky_relu 2x64,149,0.44289680421352384,0.390928407453563
leaky_relu 2x64,150,0.44568148255348206,0.3915598988920918
leaky_relu 2x64,151,0.4450147807598114,0.3921137568489078
leaky_relu 2x64,152,0.44211058020591737,0.3902882328298252
leaky_relu 2x64,153,0.45338276359770036,0.3878989633577529
leaky_relu 2x64,154,0.4418519635995229,0.3911835568305906
leaky_relu 2x64,155,0.44255096051428056,0.38792455042958457
leaky_relu 2x64,156,0.4430629677242703,0.38961107763864233
leaky_relu 2x64,157,0.4499004516336653,0.38884349949846314
leaky_relu 2x64,158,0.4438953631454044,0.38981044008017524
leaky_relu 2x64,159,0.44104573792881435,0.3879727850307931
leaky_relu 2x64,160,0.4398714204629262,0.38903464107507085
leaky_relu 2x64,161,0.4480453431606293,0.3867703357521779
leaky_relu 2x64,162,0.4426458544201321,0.3871981427285712
leaky_relu 2x64,163,0.44404461607337,0.3876222190662773
leaky_relu 2x64,164,0.45299065113067627,0.38483388246444583
leaky_relu 2x64,165,0.43984757150922504,0.38464577941177364
leaky_relu 2x64,166,0.4427545283521925,0.3851614827480453
leaky_relu 2x64,167,0.4389682759841283,0.38431269512615257
leaky_relu 2x64,168,0.4453844080368678,0.3821570740219314
leaky_relu 2x64,169,0.443287655711174,0.38336066841500843
leaky_relu 2x64,170,0.44371178150177004,0.38305978214382475
leaky_relu 2x64,171,0.446545398235321,0.38076262393894467
leaky_relu 2x64,172,0.4430123805999756,0.38183516392814465
leaky_relu 2x64,173,0.441960446536541,0.3809420273714123
leaky_relu 2x64,174,0.4456203207373619,0.37842313798215427
leaky_relu 2x64,175,0.4478844329714775,0.38009955605596757
leaky_relu 2x64,176,0.4409831836819649,0.3811653848466243
leaky_relu 2x64,177,0.4370211139321327,0.3790616779700198
leaky_relu 2x64,178,0.4372114762663841,0.377817828790349
leaky_relu 2x64,179,0.4420337677001953,0.37667612865178723
leaky_relu 2x64,180,0.4629688039422035,0.3774079516955549
leaky_relu 2x64,181,0.43703700602054596,0.38055504008967755
leaky_relu 2x64,182,0.4388800412416458,0.37718900206187383
leaky_relu 2x64,183,0.44003022462129593,0.37778735371556177
leaky_relu 2x64,184,0.43418291956186295,0.3771409648422461
leaky_relu 2x64,185,0.4412926733493805,0.37559972778215406
leaky_relu 2x64,186,0.4358227252960205,0.37759066651573575
leaky_relu 2x64,187,0.4393489509820938,0.375232050383555
leaky_relu 2x64,188,0.43247411400079727,0.3776108304543646
leaky_relu 2x64,189,0.44090741872787476,0.37356889627799256
leaky_relu 2x64,190,0.4361545542875926,0.374736320469429
leaky_relu 2x64,191,0.43788038690884906,0.3717525297423867
leaky_relu 2x64,192,0.4487815996011098,0.37417234619358214
leaky_relu 2x64,193,0.4341263175010681,0.37358830325161074
leaky_relu 2x64,194,0.43391475081443787,0.3714309541069672
leaky_relu 2x64,195,0.4464956521987915,0.372029943949578
leaky_relu 2x64,196,0.43789786100387573,0.3730619371208484
leaky_relu 2x64,197,0.4405659834543864,0.37294073058886607
leaky_relu 2x64,198,0.42995934188365936,0.3733742978728569
leaky_relu 2x64,199,0.4395734667778015,0.3711131028657626
leaky_relu 2x64,200,0.4294285923242569,0.37407096332898415
leaky_relu 2x64,201,0.4448913633823395,0.36968012918026333
leaky_relu 2x64,202,0.442694291472435,0.37090863624655684
leaky_relu 2x64,203,0.44736772775650024,0.36876996143050234
leaky_relu 2x64,204,0.44771328568458557,0.3764771541990936
leaky_relu 2x64,205,0.43976834416389465,0.37297864756561977
leaky_relu 2x64,206,0.43206509947776794,0.3740010680159889
leaky_relu 2x64,207,0.43626248836517334,0.3703706636525314
leaky_relu 2x64,208,0.44813403487205505,0.37281563331945994
leaky_relu 2x64,209,0.44628724455833435,0.37313573270356737
leaky_relu 2x64,210,0.4377424120903015,0.37377092589350863
leaky_relu 2x64,211,0.4275536835193634,0.36901052854382166
leaky_relu 2x64,212,0.44188037514686584,0.37330299074683476
leaky_relu 2x64,213,0.44336751103401184,0.3732943519946387
leaky_relu 2x64,214,0.429261177778244,0.3724277267614411
leaky_relu 2x64,215,0.43612921237945557,0.37069630796359976
leaky_relu 2x64,216,0.42892175912857056,0.36883614119590435
leaky_relu 2x64,217,0.43503156304359436,0.36956817552081755
leaky_relu 2x64,218,0.45249852538108826,0.36795105172546444
leaky_relu 2x64,219,0.4413222670555115,0.37220014019457054
leaky_relu 2x64,220,0.42858368158340454,0.3741648133464761
leaky_relu 2x64,221,0.45567721128463745,0.3698573405209744
leaky_relu 2x64,222,0.4257439970970154,0.36619720764271874
leaky_relu 2x64,223,0.4311438202857971,0.36526583156286097
leaky_relu 2x64,224,0.431996613740921,0.3671860421969611
leaky_relu 2x64,225,0.42595434188842773,0.3652856277925336
leaky_relu 2x64,226,0.42959243059158325,0.36653152396118566
leaky_relu 2x64,227,0.43105030059814453,0.3649433586178419
leaky_relu 2x64,228,0.43013060092926025,0.3652282951499156
leaky_relu 2x64,229,0.4354850947856903,0.3695421701135099
leaky_relu 2x64,230,0.42576414346694946,0.36398167765139594
leaky_relu 2x64,231,0.4311988353729248,0.36626269747859774
leaky_relu 2x64,232,0.4273550808429718,0.3643487872381151
leaky_relu 2x64,233,0.4404561519622803,0.3646408785397561
leaky_relu 2x64,234,0.42566895484924316,0.36321096858683377
leaky_relu 2x64,235,0.4541013836860657,0.3681354346669904
leaky_relu 2x64,236,0.44147998094558716,0.36832575952911767
leaky_relu 2x64,237,0.45526933670043945,0.36804435301007576
leaky_relu 2x64,238,0.43180739879608154,0.3674025602113884
leaky_relu 2x64,239,0.42830654978752136,0.3667028780459154
leaky_relu 2x64,240,0.46407216787338257,0.36592560088168075
leaky_relu 2x64,241,0.44462400674819946,0.36130301326506237
leaky_relu 2x64,242,0.43106988072395325,0.3657227487625022
leaky_relu 2x64,243,0.42962127923965454,0.36296647165046747
leaky_relu 2x64,244,0.43663290143013,0.36134585885583315
leaky_relu 2x64,245,0.4337301254272461,0.36314549325422657
leaky_relu 2x64,246,0.44088032841682434,0.361769256432312
leaky_relu 2x64,247,0.44084468483924866,0.36430530966390823
leaky_relu 2x64,248,0.4275165796279907,0.36096649682135334
leaky_relu 2x64,249,0.4321817457675934,0.36436696300147753
leaky_relu 2x64,250,0.43219345808029175,0.360626736002135
leaky_relu 2x64,251,0.43271127343177795,0.3622433717829897
leaky_relu 2x64,252,0.4307374060153961,0.36299727932224046
leaky_relu 2x64,253,0.44283998012542725,0.36043418250014714
leaky_relu 2x64,254,0.4316093921661377,0.361732554896976
leaky_relu 4x64,1,0.6292970697085063,0.7621692310517474
leaky_relu 4x64,2,0.5845951755841573,0.6021886679577083
leaky_relu 4x64,3,0.5654617349306742,0.5708090669443145
leaky_relu 4x64,4,0.5403074463208516,0.5477256276885171
leaky_relu 4x64,5,0.534359093507131,0.529426977790984
leaky_relu 4x64,6,0.5238152384757996,0.5152215512509425
leaky_relu 4x64,7,0.521366552511851,0.5028784646467678
leaky_relu 4x64,8,0.5044123828411102,0.4929851932672456
leaky_relu 4x64,9,0.49716554284095765,0.48111414577392614
leaky_relu 4x64,10,0.4940784176190694,0.4763075838813912
leaky_relu 4x64,11,0.4837394118309021,0.46860832783822676
leaky_relu 4x64,12,0.4845688243707021,0.4611467483715651
leaky_relu 4x64,13,0.4782276431719462,0.45616509281897166
leaky_relu 4x64,14,0.4715271850426992,0.45036252781014896
leaky_relu 4x64,15,0.4758082389831543,0.44544451120880485
leaky_relu 4x64,16,0.4709805309772491,0.43978672777524064
leaky_relu 4x64,17,0.46416539549827573,0.4380472979069678
leaky_relu 4x64,18,0.46096752484639486,0.430136317001921
leaky_relu 4x64,19,0.46063761711120604,0.4286579719628817
leaky_relu 4x64,20,0.45695462624231975,0.4240215741893902
leaky_relu 4x64,21,0.45662089983622234,0.42056231124384913
leaky_relu 4x64,22,0.45253755648930866,0.41512701938819246
leaky_relu 4x64,23,0.45365736484527586,0.41317211793410075
leaky_relu 4x64,24,0.4466681182384491,0.409272026358767
leaky_relu 4x64,25,0.4523298919200897,0.4037010353127046
leaky_relu 4x64,26,0.44659541845321654,0.40440508382331875
leaky_relu 4x64,27,0.4461294690767924,0.4021299451146048
leaky_relu 4x64,28,0.4516784012317657,0.39694542053525944
leaky_relu 4x64,29,0.4439311464627584,0.39537543133835673
leaky_relu 4x64,30,0.44029087424278257,0.391352140687112
leaky_relu 4x64,31,0.4398736854394277,0.38999489661345227
leaky_relu 4x64,32,0.44121251106262205,0.3856117358214693
leaky_relu 4x64,33,0.437378474076589,0.38325016153971175
leaky_relu 4x64,34,0.4406848589579264,0.38132296321778764
leaky_relu 4x64,35,0.4361925522486369,0.3794937152848569
leaky_relu 4x64,36,0.4390414615472158,0.3760956871645434
leaky_relu 4x64,37,0.42882704933484395,0.3757679081851617
leaky_relu 4x64,38,0.4326042294502258,0.3727612394040318
leaky_relu 4x64,39,0.43199386397997536,0.36724421503389887
leaky_relu 4x64,40,0.43685434659322103,0.36655435119079804
leaky_relu 4x64,41,0.430697109301885,0.3704202499117509
leaky_relu 4x64,42,0.4303496261437734,0.3625039601602768
leaky_relu 4x64,43,0.4329712967077891,0.3629861974823701
leaky_relu 4x64,44,0.4319549143314362,0.3591645467072425
leaky_relu 4x64,45,0.4311060150464376,0.36144656812709614
leaky_relu 4x64,46,0.42875194946924844,0.3567316882723509
leaky_relu 4x64,47,0.42883279323577883,0.35305393849550976
leaky_relu 4x64,48,0.4258287847042084,0.35044391511854417
leaky_relu 4x64,49,0.42611878712972007,0.34684822937427956
leaky_relu 4x64,50,0.42579138080279033,0.3461380280193236
leaky_relu 4x64,51,0.43211813966433205,0.3456066842389058
leaky_relu 4x64,52,0.42629966934521996,0.3461398024128932
leaky_relu 4x64,53,0.4234734316666921,0.3428108623340408
leaky_relu 4x64,54,0.4242957373460134,0.33995779697986767
leaky_relu 4x64,55,0.42219263116518657,0.33907480813616353
leaky_relu 4x64,56,0.42812225222587585,0.3370867848848261
leaky_relu 4x64,57,0.42101820508639015,0.33611600241616935
leaky_relu 4x64,58,0.42625967661539715,0.3321390641140843
leaky_relu 4x64,59,0.42067983945210774,0.3321971156438507
leaky_relu 4x64,60,0.42069374918937685,0.3303347355530357
leaky_relu 4x64,61,0.42105863491694134,0.3296779276695435
leaky_relu 4x64,62,0.42137802839279176,0.32652856683335185
leaky_relu 4x64,63,0.42098546822865807,0.32701498689895214
leaky_relu 4x64,64,0.4199355721473694,0.3245138706131664
leaky_relu 4x64,65,0.41974673271179197,0.32566340868835514
leaky_relu 4x64,66,0.41406638820966085,0.32187600802970184
leaky_relu 4x64,67,0.41811957160631813,0.3194906613593762
leaky_relu 4x64,68,0.4195186932881673,0.31968309073011886
leaky_relu 4x64,69,0.41568632125854493,0.31738722787768414
leaky_relu 4x64,70,0.4166651507218679,0.31579530330225997
leaky_relu 4x64,71,0.4173802713553111,0.315491098998239
leaky_relu 4x64,72,0.4164352476596832,0.31358856878286656
leaky_relu 4x64,73,0.4158933460712433,0.3126170521926605
leaky_relu 4x64,74,0.41616002917289735,0.31159775962242586
leaky_relu 4x64,75,0.41538092295328777,0.31108807813558287
leaky_relu 4x64,76,0.41683243711789447,0.30938868384740414
leaky_relu 4x64,77,0.4157607952753703,0.3086681148454746
leaky_relu 4x64,78,0.4145074657031468,0.3088990510770646
leaky_relu 4x64,79,0.4151761659554073,0.30396643569009846
leaky_relu 4x64,80,0.4170541614294052,0.3054697150390231
leaky_relu 4x64,81,0.4160766878298351,0.30387574724884864
leaky_relu 4x64,82,0.4184753064598356,0.3008266704107227
leaky_relu 4x64,83,0.41713355268750874,0.2989472483179894
leaky_relu 4x64,84,0.41508327424526215,0.3003090585554073
leaky_relu 4x64,85,0.4139193445444107,0.30074007746565307
leaky_relu 4x64,86,0.414253226348332,0.29801383593906783
leaky_relu 4x64,87,0.4165270190972548,0.2968117383973668
leaky_relu 4x64,88,0.4139264455208412,0.29595078405784736
leaky_relu 4x64,89,0.41389899528943574,0.2928907059522262
leaky_relu 4x64,90,0.41120373744231004,0.2922148652308151
leaky_relu 4x64,91,0.41655890299723697,0.29265002206419727
leaky_relu 4x64,92,0.4105733359853427,0.29332594739466206
leaky_relu 4x64,93,0.4115857034921646,0.2887860155367559
leaky_relu 4x64,94,0.41276726871728897,0.29200914746460843
leaky_relu 4x64,95,0.41536535571018857,0.2877979433403351
leaky_relu 4x64,96,0.42541515330473584,0.28833865478030657
leaky_relu 4x64,97,0.4151518263600089,0.28819973193793946
leaky_relu 4x64,98,0.40962621238496566,0.2867524370269132
leaky_relu 4x64,99,0.40872908383607864,0.2855942813216596
leaky_relu 4x64,100,0.40775227174162865,0.2826984824680031
leaky_relu 4x64,101,0.40999465755053927,0.28029103206266187
leaky_relu 4x64,102,0.41022356493132456,0.28066684983515466
leaky_relu 4x64,103,0.41206349929173786,0.27947583008865234
leaky_relu 4x64,104,0.4174317965904872,0.27788889727187077
leaky_relu 4x64,105,0.4145003805557887,0.28059992663982913
leaky_relu 4x64,106,0.4158451457818349,0.28375563649422225
leaky_relu 4x64,107,0.4145635515451431,0.27820547551131386
leaky_relu 4x64,108,0.4116865545511246,0.2758064736182833
leaky_relu 4x64,109,0.4153538892666499,0.2743543900149955
leaky_relu 4x64,110,0.41550848484039304,0.2737257782746877
leaky_relu 4x64,111,0.41984120607376096,0.27158194906052197
leaky_relu 4x64,112,0.4211722493171692,0.27028728916464123
leaky_relu 4x64,113,0.42051590979099274,0.2745903234342885
leaky_relu 4x64,114,0.4231860712170601,0.2733738406669236
leaky_relu 4x64,115,0.4158831909298897,0.27494135818957643
leaky_relu 4x64,116,0.43191417306661606,0.2698488716681696
leaky_relu 4x64,117,0.4196031888326009,0.2668795161902715
leaky_relu 4x64,118,0.41944949825604755,0.26648083254265903
leaky_relu 4x64,119,0.4237101376056671,0.26576280678915776
leaky_relu 4x64,120,0.4181353747844696,0.26472885033102966
leaky_relu 4x64,121,0.43765996396541595,0.2614487268673026
leaky_relu 4x64,122,0.43231458961963654,0.2666011206629977
leaky_relu 4x64,123,0.42029355466365814,0.26665029030798965
leaky_relu 4x64,124,0.4366171956062317,0.2623885663418286
leaky_relu 4x64,125,0.4240518808364868,0.26304578627555575
leaky_relu 4x64,126,0.4229268431663513,0.2583162720496839
leaky_relu 4x64,127,0.419724777340889,0.2597455621362814
leaky_relu 4x64,128,0.42210280895233154,0.2572958103679441
leaky_relu 4x64,129,0.43209515511989594,0.25901522497216956
leaky_relu 4x64,130,0.421460285782814,0.25695245257391675
leaky_relu 4x64,131,0.4239376336336136,0.25732820736604445
leaky_relu 4x64,132,0.42613552510738373,0.2597873510834433
leaky_relu 4x64,133,0.4240797162055969,0.2578551307381718
leaky_relu 4x64,134,0.42837096750736237,0.25469966558552204
leaky_relu 4x64,135,0.42366260290145874,0.2586473033631157
leaky_relu 4x64,136,0.4312724769115448,0.25331836572470723
leaky_relu 4x64,137,0.42045755684375763,0.25563018290383155
leaky_relu 4x64,138,0.4233403354883194,0.24946153038871574
leaky_relu 4x64,139,0.43635915219783783,0.2548625154211063
leaky_relu 4x64,140,0.42461085319519043,0.2535567737526888
leaky_relu 4x64,141,0.4222812354564667,0.2493194887590745
leaky_relu 4x64,142,0.4359751045703888,0.2467557618889211
leaky_relu 4x64,143,0.4265561103820801,0.24770528494188007
relu 2x64,1,0.6590418497721354,0.8451252696252773
relu 2x64,2,0.6213791489601135,0.6448196624174242
relu 2x64,3,0.6006319801012675,0.6143072503479483
relu 2x64,4,0.5868278781572978,0.5961859748955044
relu 2x64,5,0.5826085289319356,0.5808059333829866
relu 2x64,6,0.5668593684832255,0.5692208320958757
relu 2x64,7,0.5565183281898498,0.5587145118549788
relu 2x64,8,0.5479740222295125,0.5502978958665349
relu 2x64,9,0.5418257435162862,0.5425537642409569
relu 2x64,10,0.5403320630391438,0.5361056234948419
relu 2x64,11,0.528037432829539,0.5297601801947369
relu 2x64,12,0.5323646903038025,0.5233555858257501
relu 2x64,13,0.5225882828235626,0.5205232983976325
relu 2x64,14,0.5160315314928691,0.5144559048327592
relu 2x64,15,0.5165598928928375,0.510257562251525
relu 2x64,16,0.5129734357198079,0.5068271576380272
relu 2x64,17,0.507298062245051,0.5032029309819601
relu 2x64,18,0.5057729701201121,0.49944668384577684
relu 2x64,19,0.5089696069558461,0.4962197636046984
relu 2x64,20,0.49905530412991844,0.49383529545154753
relu 2x64,21,0.4974769632021586,0.49063205215596545
relu 2x64,22,0.49915425578753153,0.48762815026649403
relu 2x64,23,0.4953046639760335,0.48634817899476346
relu 2x64,24,0.4934930086135864,0.48292563036681696
relu 2x64,25,0.4979167679945628,0.4799009005778788
relu 2x64,26,0.49237380623817445,0.48009654275749925
relu 2x64,27,0.486819718281428,0.4778061149677086
relu 2x64,28,0.4941733856995901,0.47458759588423655
relu 2x64,29,0.4867320696512858,0.4739210833195229
relu 2x64,30,0.48711955547332764,0.47025612530962585
relu 2x64,31,0.48422329823176063,0.4689878608995294
relu 2x64,32,0.4873526314894358,0.46819104153548996
relu 2x64,33,0.48545523881912234,0.46654294272484825
relu 2x64,34,0.4851496577262878,0.4641524552592898
relu 2x64,35,0.48074079553286236,0.4642054523983031
relu 2x64,36,0.47921389738718667,0.46126161535750215
relu 2x64,37,0.4770634353160858,0.4605337880629982
relu 2x64,38,0.4803276777267456,0.45873707179750517
relu 2x64,39,0.4743603189786275,0.4568923127697919
relu 2x64,40,0.48079577485720315,0.4555012186300914
relu 2x64,41,0.47514724334081015,0.456729791818598
relu 2x64,42,0.474531360467275,0.4536876253150332
relu 2x64,43,0.47463513414065045,0.45335866983578627
relu 2x64,44,0.47432013154029845,0.45129528572082844
relu 2x64,45,0.4729452033837636,0.45177238921278956
relu 2x64,46,0.47244975368181863,0.44888620982287714
relu 2x64,47,0.4746963342030843,0.4478311018505454
relu 2x64,48,0.4720000445842743,0.44789664966706955
relu 2x64,49,0.47139228582382203,0.4450886225513717
relu 2x64,50,0.46863941550254823,0.44410269212871356
relu 2x64,51,0.4697611351807912,0.4436577439638076
relu 2x64,52,0.46842344999313357,0.4448358904712472
relu 2x64,53,0.4668153802553813,0.44237970187674314
relu 2x64,54,0.4683757225672404,0.440023088208356
relu 2x64,55,0.4694418549537659,0.43923929354774377
relu 2x64,56,0.47113226850827533,0.43955522421910537
relu 2x64,57,0.4660528481006622,0.43823092902909727
relu 2x64,58,0.4679380456606547,0.4367177778068836
relu 2x64,59,0.46522229313850405,0.43660172081219967
relu 2x64,60,0.4662653466065725,0.43610727147808903
relu 2x64,61,0.4651611904303233,0.43449788086616076
relu 2x64,62,0.46479208072026573,0.4336187137656351
relu 2x64,63,0.4665203015009562,0.43246243116870103
relu 2x64,64,0.4693791389465332,0.432469916514991
relu 2x64,65,0.4623320996761322,0.4328694461027508
relu 2x64,66,0.45674466093381244,0.4309056034010493
relu 2x64,67,0.46156664689381915,0.428938844102641
relu 2x64,68,0.46112024784088135,0.42889299036696016
relu 2x64,69,0.4577513039112091,0.42845224785076286
relu 2x64,70,0.45680845975875856,0.42647732282141887
relu 2x64,71,0.45851460099220276,0.42705346343589773
relu 2x64,72,0.45701179703076683,0.4257455100763926
relu 2x64,73,0.45942293802897133,0.42529124254343403
relu 2x64,74,0.4595602889855703,0.42497771916718186
relu 2x64,75,0.46068944931030276,0.42432188370727236
relu 2x64,76,0.4579193691412608,0.4240266625897683
relu 2x64,77,0.46369667251904806,0.42376280405068706
relu 2x64,78,0.45762239694595336,0.42353300118839887
relu 2x64,79,0.4600248177846273,0.42128458733018703
relu 2x64,80,0.46192412575085956,0.42210675014439514
relu 2x64,81,0.45796746412913003,0.42145368732933786
relu 2x64,82,0.45662431319554647,0.4199509600462111
relu 2x64,83,0.45901132623354596,0.4192706102599999
relu 2x64,84,0.4554875950018565,0.41958199098593796
relu 2x64,85,0.45577831466992696,0.41818212537751587
relu 2x64,86,0.45498401920000714,0.4179778836157197
relu 2x64,87,0.4533084313074748,0.4175634093494276
relu 2x64,88,0.4583747386932373,0.41607363639350775
relu 2x64,89,0.4541051208972931,0.4153008709328105
relu 2x64,90,0.45306459863980614,0.4149752821174497
relu 2x64,91,0.45557832916577656,0.4147472580491796
relu 2x64,92,0.45355172753334044,0.41437429799402836
relu 2x64,93,0.4548337558905284,0.414072328157311
relu 2x64,94,0.45666086276372275,0.4140249729489342
relu 2x64,95,0.4516733467578888,0.41192632895009557
relu 2x64,96,0.4645021220048269,0.4108442220884777
relu 2x64,97,0.4548088212807973,0.4128363925745496
relu 2x64,98,0.45117506583531697,0.4113586215223544
relu 2x64,99,0.4527390162150065,0.41028815338577185
relu 2x64,100,0.4507625301678975,0.41067266540794284
relu 2x64,101,0.4519192695617676,0.4085156080746694
relu 2x64,102,0.4535170356432597,0.40951419152051627
relu 2x64,103,0.4488739351431529,0.4083302173320859
relu 2x64,104,0.45367032488187153,0.40758227596819024
relu 2x64,105,0.45080434481302895,0.40734534703083625
relu 2x64,106,0.44982732137044273,0.4072652963211016
relu 2x64,107,0.45402805407842,0.4066648830304825
relu 2x64,108,0.45049235423405964,0.4064561329536536
relu 2x64,109,0.45024129152297976,0.40515773637565405
relu 2x64,110,0.45000360409418744,0.40627426404909245
relu 2x64,111,0.4562460442384084,0.4052252458255324
relu 2x64,112,0.4494710942109426,0.40579069584959926
relu 2x64,113,0.45271897528852734,0.40492635928568343
relu 2x64,114,0.4572959861585072,0.40390649644741317
relu 2x64,115,0.4496000451701028,0.4040360200581052
relu 2x64,116,0.45800694610391346,0.40236250757722736
relu 2x64,117,0.4526652821472713,0.402237920451146
relu 2x64,118,0.45024754319872173,0.40170849260535907
relu 2x64,119,0.4492384195327759,0.4031957633731281
relu 2x64,120,0.44804643667661226,0.4016024206969134
relu 2x64,121,0.4480957022080055,0.3993474976347789
relu 2x64,122,0.45398281858517575,0.3996101854353142
relu 2x64,123,0.4468091909702008,0.4000239844502077
relu 2x64,124,0.44933254902179426,0.3985879053323257
relu 2x64,125,0.448507166825808,0.3985764918516503
relu 2x64,126,0.4458019206157097,0.3979624675243577
relu 2x64,127,0.4458906329595126,0.397216612056558
relu 2x64,128,0.44904996110842776,0.3975641873546722
relu 2x64,129,0.44919792505411,0.3972001552600594
relu 2x64,130,0.4449262825342325,0.3972201953406466
relu 2x64,131,0.45061159133911133,0.39692158332849065
relu 2x64,132,0.44599825602311355,0.39762094227717026
relu 2x64,133,0.44600531688103306,0.395028998147469
relu 2x64,134,0.44852458055202776,0.39548159374041786
relu 2x64,135,0.44550177913445693,0.39557016337332934
relu 2x64,136,0.44565661824666536,0.3929479817219509
relu 2x64,137,0.44983033262766325,0.3944926504792022
relu 2x64,138,0.4510438044865926,0.39404611756301194
relu 2x64,139,0.44576625774304074,0.3942712706962259
relu 2x64,140,0.452363761762778,0.3935220102058112
relu 2x64,141,0.4462992772459984,0.3945119060899798
relu 2x64,142,0.4441126162807147,0.39108532126101064
relu 2x64,143,0.44864749095656653,0.39063705923992464
relu 2x64,144,0.44741340658881446,0.3906817987103976
relu 2x64,145,0.4480365135452964,0.3900559977009745
relu 2x64,146,0.4454340690916235,0.3894030995166293
relu 2x64,147,0.44518275558948517,0.3910989822029193
relu 2x64,148,0.4432645708322525,0.39046503802532373
relu 2x64,149,0.44322284162044523,0.38977630901592447
relu 2x64,150,0.44673824972576565,0.3904386690142454
relu 2x64,151,0.4478931824366252,0.39172877642637366
relu 2x64,152,0.44166648719045853,0.38977360717462023
relu 2x64,153,0.457860744661755,0.38888943179069585
relu 2x64,154,0.4431595057249069,0.3923551045758421
relu 2x64,155,0.4424973241984844,0.38793884123761996
relu 2x64,156,0.4417821653187275,0.3867911753869375
relu 2x64,157,0.4573799632489681,0.38799509614320493
relu 2x64,158,0.4473957493901253,0.38940752349550595
relu 2x64,159,0.4470406584441662,0.3873098506493403
relu 2x64,160,0.448006771504879,0.38824366007334915
relu 2x64,161,0.4476909190416336,0.38720796700247284
relu 2x64,162,0.4472045339643955,0.3855905454039252
relu 2x64,163,0.44633391073771883,0.38612620968704825
relu 2x64,164,0.45445098195757183,0.3844746120506554
relu 2x64,165,0.4403871170112065,0.38475515040405694
relu 2x64,166,0.4450556550707136,0.3831146666294507
relu 2x64,167,0.4425380329291026,0.38421948027854175
relu 2x64,168,0.45470428466796875,0.3819849855343871
relu 2x64,169,0.4411416898171107,0.38450495739881324
relu 2x64,170,0.4418692886829376,0.3825982297315658
relu 2x64,171,0.4468470166126887,0.38442997966866893
relu 2x64,172,0.4445592761039734,0.3836662434534209
relu 2x64,173,0.4420984188715617,0.3837503355044147
relu 2x64,174,0.45762258768081665,0.38075813519650165
relu 2x64,175,0.44130050639311474,0.3843826826507351
relu 2x64,176,0.4428206533193588,0.38098326079375594
relu 2x64,177,0.4452522148688634,0.3803124158913515
relu 2x64,178,0.44957955678304035,0.38098030406382716
relu 2x64,179,0.45759617288907367,0.38007224276076107
relu 2x64,180,0.44441600640614826,0.3819437232426354
relu 2x64,181,0.4397723823785782,0.3805412850782872
relu 2x64,182,0.4401368747154872,0.3787578101806958
relu 2x64,183,0.43698641657829285,0.37799090221933684
relu 2x64,184,0.44076867898305255,0.37857626824854035
relu 2x64,185,0.44623859723409015,0.37791895769576267
relu 2x64,186,0.44170689086119336,0.3792418890291638
relu 2x64,187,0.43962736129760743,0.37807758365570204
relu 2x64,188,0.44473642110824585,0.3802019160438658
relu 2x64,189,0.44819615483284,0.3777097801545718
relu 2x64,190,0.441652375459671,0.37779293375017325
relu 2x64,191,0.44497438073158263,0.3768424318936887
relu 2x64,192,0.4412785232067108,0.3800217025109512
relu 2x64,193,0.4424471616744995,0.37548652734418503
relu 2x64,194,0.4404349088668823,0.3770896398589524
relu 2x64,195,0.4528702080249786,0.3739274031938491
relu 2x64,196,0.4414833664894104,0.3784917229403172
relu 2x64,197,0.44726417064666746,0.3747473679335418
relu 2x64,198,0.43803417682647705,0.37635945138461474
relu 2x64,199,0.4426144063472748,0.3758522385150521
relu 2x64,200,0.4397918939590454,0.3747045034328601
relu 2x64,201,0.4399725914001465,0.37333288238109585
relu 2x64,202,0.44296230673789977,0.3733507735837641
relu 2x64,203,0.43805812299251556,0.37414130077255003
relu 2x64,204,0.43843501806259155,0.37443578489747176
relu 2x64,205,0.43988849967718124,0.37281268215430047
relu 2x64,206,0.4340860843658447,0.37390281261806135
relu 2x64,207,0.4317823126912117,0.37191993241529175
relu 2x64,208,0.43787384778261185,0.3717238066373135
relu 2x64,209,0.4362947344779968,0.373217202768281
relu 2x64,210,0.4375555217266083,0.3732980812125515
relu 2x64,211,0.4358421340584755,0.3711092522197542
relu 2x64,212,0.4495929256081581,0.37585704407512255
relu 2x64,213,0.4362238794565201,0.37306687800987876
relu 2x64,214,0.43778660148382187,0.3719927853581196
relu 2x64,215,0.43793267756700516,0.3712918783870181
relu 2x64,216,0.43931154906749725,0.3704363988333201
relu 2x64,217,0.43394700686136883,0.3717065453435322
relu 2x64,218,0.43027589718500775,0.36863043508491794
relu 2x64,219,0.4357622563838959,0.36904598111551484
relu 2x64,220,0.4438242514928182,0.3677678818781813
relu 2x64,221,0.4383445382118225,0.3704743952233775
relu 2x64,222,0.44028522570927936,0.36870321964357783
relu 2x64,223,0.42316728830337524,0.3655937177199543
relu 2x64,224,0.42035403847694397,0.3654339665741991
relu 2x64,225,0.4337782561779022,0.3652717801858698
relu 2x64,226,0.42482538521289825,0.36499547998104187
relu 2x64,227,0.43408970534801483,0.3657620248351788
relu 2x64,228,0.4393075406551361,0.3598114784239519
relu 2x64,229,0.4329507350921631,0.36214974856653115
relu 2x64,230,0.4344298243522644,0.3603766720015854
relu 2x64,231,0.43231356143951416,0.35860818279854945
relu 2x64,232,0.4389726519584656,0.36241073748441377
relu 2x64,233,0.42567309737205505,0.360972118418121
relu 2x64,234,0.42737430334091187,0.35886872129983083
relu 2x64,235,0.4251503646373749,0.35949352282877645
relu 2x64,236,0.4326086938381195,0.35918423310574593
relu 2x64,237,0.4444267451763153,0.36231585749130174
relu 2x64,238,0.42794644832611084,0.3673268743608712
relu 2x64,239,0.43700647354125977,0.3573168699899297
relu 2x64,240,0.43028342723846436,0.359749096074371
relu 2x64,241,0.4214649498462677,0.3588949074194222
relu 2x64,242,0.42279407382011414,0.3547744225786153
relu 2x64,243,0.4337233006954193,0.3629490168226097
relu 2x64,244,0.428679883480072,0.35867467387209484
relu 2x64,245,0.42888343334198,0.3579640595261923
relu 2x64,246,0.43299412727355957,0.35992104031361266
relu 2x64,247,0.42724141478538513,0.35625906504553706
relu 2x64,248,0.44275739789009094,0.3576157864800592
relu 2x64,249,0.4240162670612335,0.3572376425911164
relu 2x64,250,0.4216912090778351,0.35514534204796283
relu 2x64,251,0.4371185898780823,0.35363625077557337
relu 2x64,252,0.41899996995925903,0.3618205483190888
relu 2x64,253,0.45776116847991943,0.35319144584087486
relu 2x64,254,0.42503997683525085,0.35902617452008645
relu 2x64,255,0.4257301688194275,0.35486353966371115
relu 2x64,256,0.4260997772216797,0.3523230349743903
relu 2x64,257,0.42068925499916077,0.3534434436905447
relu 2x64,258,0.4280070960521698,0.35278173331592966
relu 2x64,259,0.4465828537940979,0.35490314456870564
relu 2x64,260,0.42573997378349304,0.35796635341637706
relu 2x64,261,0.4385835528373718,0.3503019919909447
relu 2x64,262,0.4252708852291107,0.3537062458118599
relu 2x64,263,0.4389078915119171,0.35718667487659184
relu 2x64,264,0.42623648047447205,0.3534105239410905
relu 2x64,265,0.42116016149520874,0.35221696155740984
relu 2x64,266,0.4294585585594177,0.3514529610650861
relu 2x64,267,0.4294629693031311,0.3503401372744814
relu 2x64,268,0.4288771450519562,0.35331450691191735
relu 2x64,269,0.4249304533004761,0.3568027753568348
relu 2x64,270,0.4190252721309662,0.35070599357327836
relu 2x64,271,0.4226623475551605,0.3509307733476938
relu 2x64,272,0.4310874044895172,0.35317652893219686
relu 4x64,1,0.627780799070994,0.7597977971086205
relu 4x64,2,0.582740859190623,0.6010601290923077
relu 4x64,3,0.5649355888366699,0.5692478877219471
relu 4x64,4,0.5368581295013428,0.5458477215566798
relu 4x64,5,0.532291313012441,0.5273637706199003
relu 4x64,6,0.5234556635220845,0.5134053877028405
relu 4x64,7,0.5197611252466837,0.5011505701076674
relu 4x64,8,0.5021335522333781,0.49174342678209854
relu 4x64,9,0.49794865449269615,0.48016226257686034
relu 4x64,10,0.49157102902730304,0.4755692523007596
relu 4x64,11,0.4827659447987874,0.4671949300823416
relu 4x64,12,0.4832770049571991,0.45957359155124133
relu 4x64,13,0.47619271477063496,0.45496218549586476
relu 4x64,14,0.4703911463419596,0.44878964955044226
relu 4x64,15,0.4751283288002014,0.44315378817713663
relu 4x64,16,0.4687771658102671,0.438482395200822
relu 4x64,17,0.4649289925893148,0.4366451433075521
relu 4x64,18,0.46220044493675233,0.4292192991714719
relu 4x64,19,0.4613727152347565,0.4266654110537699
relu 4x64,20,0.4549898147583008,0.4218042469485081
relu 4x64,21,0.45622082352638244,0.41759089061105903
relu 4x64,22,0.4527057429154714,0.41359397905690726
relu 4x64,23,0.45143539309501646,0.4105124668508164
relu 4x64,24,0.4465025722980499,0.4072500846637251
relu 4x64,25,0.4534070312976837,0.40172083194354535
relu 4x64,26,0.4483137369155884,0.4029782133633438
relu 4x64,27,0.4427621364593506,0.39998080444302714
relu 4x64,28,0.4505648831526438,0.3947746517968959
relu 4x64,29,0.44093169967333473,0.39341458552637115
relu 4x64,30,0.43993946512540183,0.38859721892288657
relu 4x64,31,0.44173903663953146,0.38731843253373255
relu 4x64,32,0.44008514086405437,0.38361782751371504
relu 4x64,33,0.43921866416931155,0.3807507450520226
relu 4x64,34,0.44044854044914244,0.37979850873172033
relu 4x64,35,0.43591915965080263,0.37720045170547084
relu 4x64,36,0.43920096357663474,0.3736161753664178
relu 4x64,37,0.4304369946320852,0.37291448346204553
relu 4x64,38,0.431680961449941,0.37086931448272603
relu 4x64,39,0.4283537725607554,0.3657424517807902
relu 4x64,40,0.43680800596872965,0.3638822044753178
relu 4x64,41,0.4311247746149699,0.36793684315692904
relu 4x64,42,0.42785254716873167,0.36153823294942317
relu 4x64,43,0.4324251671632131,0.3599748514360105
relu 4x64,44,0.43234715461730955,0.3567243706369434
relu 4x64,45,0.4318058451016744,0.36004204570287934
relu 4x64,46,0.4276360829671224,0.3546262866244751
relu 4x64,47,0.4301978449026744,0.3509692876338363
relu 4x64,48,0.42656386295954385,0.34961531463611706
relu 4x64,49,0.428954142332077,0.34526314409021885
relu 4x64,50,0.42415705919265745,0.34449460447984154
relu 4x64,51,0.4309492846330007,0.34295234481552406
relu 4x64,52,0.4251599689324697,0.343819652526371
relu 4x64,53,0.4259178102016449,0.341402104087508
relu 4x64,54,0.42614276011784874,0.3373457246033553
relu 4x64,55,0.4265947421391805,0.3368777936208646
relu 4x64,56,0.4296006977558136,0.33665725762329995
relu 4x64,57,0.4255850891272227,0.33513346658123555
relu 4x64,58,0.43084950049718224,0.3309100164310884
relu 4x64,59,0.42256425420443217,0.3312868893508161
relu 4x64,60,0.42293940981229144,0.32898152274516035
relu 4x64,61,0.42229872941970825,0.326699873327383
relu 4x64,62,0.4209755698839823,0.3253032117612651
relu 4x64,63,0.42184028242315563,0.32434023254215455
relu 4x64,64,0.42455693440777914,0.32257500800058186
relu 4x64,65,0.41924138154302326,0.3232071588164129
relu 4x64,66,0.41718469904019284,0.3185320228423507
relu 4x64,67,0.4214019798315488,0.3164722718503551
relu 4x64,68,0.4192843809723854,0.3195202110367017
relu 4x64,69,0.4202326809366544,0.31583686367116903
relu 4x64,70,0.41743820408980054,0.3125405437986332
relu 4x64,71,0.41775723546743393,0.3122528214521385
relu 4x64,72,0.4178438037633896,0.3104577462407533
relu 4x64,73,0.41631370782852173,0.30885572941067585
relu 4x64,74,0.41686595569957385,0.3087132577781187
relu 4x64,75,0.42097499153830786,0.3091973158996976
relu 4x64,76,0.4175579439509999,0.30751755129948866
relu 4x64,77,0.41363270445303485,0.30528638765600674
relu 4x64,78,0.4213971929116683,0.307145161714439
relu 4x64,79,0.41699508374387567,0.3022404269649297
relu 4x64,80,0.42213708433237945,0.30106487705600143
relu 4x64,81,0.4124241977930069,0.30172974650065654
relu 4x64,82,0.4156007319688797,0.2972873617931313
relu 4x64,83,0.41400049030780794,0.29762468859262414
relu 4x64,84,0.41580993599361843,0.2977995624238908
relu 4x64,85,0.4180946283870273,0.2943219259299274
relu 4x64,86,0.415213018655777,0.2921999893289706
relu 4x64,87,0.41814835156713215,0.29308292682658593
relu 4x64,88,0.41712529744420734,0.28953850945376863
relu 4x64,89,0.42397846778233844,0.2883677649402108
relu 4x64,90,0.4155268023411433,0.2894400474798691
relu 4x64,91,0.421257550517718,0.29006597868999645
relu 4x64,92,0.4159531593322754,0.288921070737028
relu 4x64,93,0.41565102835496265,0.2826791155257299
relu 4x64,94,0.41650381684303284,0.28398398810349196
relu 4x64,95,0.4186489820480347,0.2793357050194578
relu 4x64,96,0.42741321325302123,0.2839089302852288
relu 4x64,97,0.41237958520650864,0.285162354612965
relu 4x64,98,0.40866732597351074,0.27675697434136115
relu 4x64,99,0.4209534078836441,0.273807064512179
relu 4x64,100,0.4110327512025833,0.2778768738778907
relu 4x64,101,0.41259025037288666,0.2691146891173001
relu 4x64,102,0.4163203239440918,0.2710140434863619
relu 4x64,103,0.41975896060466766,0.2786288892370844
relu 4x64,104,0.41748443245887756,0.2796831335826863
relu 4x64,105,0.41325806081295013,0.2703809581989086
relu 4x64,106,0.4125296473503113,0.28785697573062285
relu 4x64,107,0.3994392156600952,0.2756085204402947
relu 4x64,108,0.38765087723731995,0.2717250263624183
relu 4x64,109,0.3938032388687134,0.26782524651784084
relu 4x64,110,0.387404203414917,0.2708420356459504
relu 4x64,111,0.38445404171943665,0.2630183612855064
relu 4x64,112,0.3927585482597351,0.2610332801387947
relu 4x64,113,0.4042644798755646,0.26221540279453126
sigmoid 2x64,1,0.8320302923520406,0.9313068524777649
sigmoid 2x64,2,0.7603718320528666,0.8031946166299356
sigmoid 2x64,3,0.7398000876108806,0.7587346433248487
sigmoid 2x64,4,0.7223698298136393,0.7390362122963431
sigmoid 2x64,5,0.7173232316970826,0.7249181024934538
sigmoid 2x64,6,0.7087001442909241,0.7196096976026052
sigmoid 2x64,7,0.7075780431429545,0.7156236460257416
sigmoid 2x64,8,0.7013272166252136,0.713636085588755
sigmoid 2x64,9,0.7011739174524944,0.709109213356529
sigmoid 2x64,10,0.7004263559977214,0.7062630907198302
sigmoid 2x64,11,0.6950020591417948,0.7034720350600434
sigmoid 2x64,12,0.6974437157313029,0.6998005859799679
sigmoid 2x64,13,0.6899155338605245,0.6979132810871097
sigmoid 2x64,14,0.685877017180125,0.6944765216495961
sigmoid 2x64,15,0.6845978697141012,0.691235871450226
sigmoid 2x64,16,0.6832134167353312,0.6905677127656645
sigmoid 2x64,17,0.6803883274396261,0.6874269859666706
sigmoid 2x64,18,0.6800902247428894,0.6857505982679953
sigmoid 2x64,19,0.6799610773722331,0.6853393903801986
sigmoid 2x64,20,0.6783233165740967,0.6845008894952773
sigmoid 2x64,21,0.6759142359097798,0.6837674197541346
sigmoid 2x64,22,0.6766446709632874,0.6825358268018399
sigmoid 2x64,23,0.6751253247261048,0.6823848640284617
sigmoid 2x64,24,0.6761981129646302,0.68095933139553
sigmoid 2x64,25,0.6766584078470866,0.6807624203616008
sigmoid 2x64,26,0.6745353062947591,0.6803628113309552
sigmoid 2x64,27,0.6731992522875468,0.6798194401484736
sigmoid 2x64,28,0.6735510468482971,0.6785468555777847
sigmoid 2x64,29,0.6719196756680806,0.6784023875241175
sigmoid 2x64,30,0.6725406448046366,0.6775090387727888
sigmoid 2x64,31,0.6721402565638225,0.6766101317693012
sigmoid 2x64,32,0.6725434303283692,0.6764952301595085
sigmoid 2x64,33,0.6699120918909709,0.6757822302557531
sigmoid 2x64,34,0.6701960285504659,0.6741997971057591
sigmoid 2x64,35,0.6726185441017151,0.6743448561811841
sigmoid 2x64,36,0.6687727848688761,0.6735285541636434
sigmoid 2x64,37,0.6673035303751628,0.6716901587439555
sigmoid 2x64,38,0.6706924756368001,0.671008024115456
sigmoid 2x64,39,0.665104866027832,0.6707174368762396
sigmoid 2x64,40,0.6673720558484395,0.6694527382668028
sigmoid 2x64,41,0.6646748145421346,0.6689299519091005
sigmoid 2x64,42,0.6628546357154846,0.6684412659026413
sigmoid 2x64,43,0.6639351685841878,0.6675072680740615
sigmoid 2x64,44,0.6613059679667155,0.6659278051421116
sigmoid 2x64,45,0.6630791346232097,0.6654003682316395
sigmoid 2x64,46,0.6603868325551351,0.6638736040336541
sigmoid 2x64,47,0.6592085957527161,0.6637502147034816
sigmoid 2x64,48,0.6603985110918681,0.6617606390203059
sigmoid 2x64,49,0.6583277265230815,0.6620936622871896
sigmoid 2x64,50,0.6568334539731343,0.6596774995311324
sigmoid 2x64,51,0.6578271150588989,0.6587628363932948
sigmoid 2x64,52,0.6544970393180847,0.65887720778646
sigmoid 2x64,53,0.6554471095403035,0.6579390544137629
sigmoid 2x64,54,0.6541626691818238,0.6562246063054399
sigmoid 2x64,55,0.6566969593365987,0.6545402846770246
sigmoid 2x64,56,0.6557594259579976,0.6549482706130304
sigmoid 2x64,57,0.6513200799624125,0.6537054485624744
sigmoid 2x64,58,0.6499655485153198,0.6518503788404243
sigmoid 2x64,59,0.6499835650126139,0.6517135618682749
sigmoid 2x64,60,0.6477701465288798,0.6501075010338739
sigmoid 2x64,61,0.6469788273175557,0.6492517550850594
sigmoid 2x64,62,0.6489819884300232,0.6481454766941392
sigmoid 2x64,63,0.6482430696487427,0.647548952982069
sigmoid 2x64,64,0.6464179436365763,0.6467936993443002
sigmoid 2x64,65,0.644944985707601,0.6457278036493848
sigmoid 2x64,66,0.6432140072186788,0.6446634975640015
sigmoid 2x64,67,0.6433675289154053,0.6435746632716015
sigmoid 2x64,68,0.6419034163157146,0.6432881762211825
sigmoid 2x64,69,0.6409536163012187,0.6425533393556466
sigmoid 2x64,70,0.6395331303278605,0.6410123427713645
sigmoid 2x64,71,0.6389712413152059,0.6403772736989942
sigmoid 2x64,72,0.6382620255152385,0.6394253036209218
sigmoid 2x64,73,0.639599605401357,0.6387669208897289
sigmoid 2x64,74,0.6397406856218973,0.6382803273630107
sigmoid 2x64,75,0.6361876249313354,0.6373972134423737
sigmoid 2x64,76,0.6364107807477315,0.636671088335516
sigmoid 2x64,77,0.6353223403294881,0.6358289669335887
sigmoid 2x64,78,0.6359465916951498,0.6356052846925622
sigmoid 2x64,79,0.633320681254069,0.6341029223681455
sigmoid 2x64,80,0.6339643041292826,0.6333658424695383
sigmoid 2x64,81,0.632617179552714,0.6331917055906635
sigmoid 2x64,82,0.6308301409085592,0.6319672710704771
sigmoid 2x64,83,0.6307332833607991,0.6312615220683889
sigmoid 2x64,84,0.6308828751246135,0.6297334650652335
sigmoid 2x64,85,0.6316725969314575,0.6296620362754286
sigmoid 2x64,86,0.6292781472206116,0.6291788569189373
sigmoid 2x64,87,0.6299909869829814,0.6278556072372788
sigmoid 2x64,88,0.6302332599957784,0.6272471054230633
sigmoid 2x64,89,0.6259503364562988,0.6266711782601663
sigmoid 2x64,90,0.6259414037068685,0.6247689017132115
sigmoid 2x64,91,0.6252037405967712,0.6254245783128174
sigmoid 2x64,92,0.6256007075309753,0.6245271837658674
sigmoid 2x64,93,0.6259467363357544,0.6231056745443339
sigmoid 2x64,94,0.6279052019119262,0.6223734471060764
sigmoid 2x64,95,0.6198583126068116,0.6216691780396262
sigmoid 2x64,96,0.6273107488950094,0.6209964219043584
sigmoid 2x64,97,0.6190491954485575,0.6214209089814458
sigmoid 2x64,98,0.6230647683143615,0.6202254898697456
sigmoid 2x64,99,0.6189340273539226,0.6190984217478184
sigmoid 2x64,100,0.6203443924585978,0.616912788019634
sigmoid 2x64,101,0.6179118792215983,0.6164687259053329
sigmoid 2x64,102,0.6171384414037069,0.6165228096106825
sigmoid 2x64,103,0.6172434608141582,0.6145656668830485
sigmoid 2x64,104,0.6167179266611735,0.6151032735108671
sigmoid 2x64,105,0.6129874507586162,0.6136387087776366
sigmoid 2x64,106,0.6116675297419231,0.6123645341973712
sigmoid 2x64,107,0.6130885124206543,0.61195624590583
sigmoid 2x64,108,0.6108930428822835,0.6105594955926025
sigmoid 2x64,109,0.6099511901537578,0.6097348610962887
sigmoid 2x64,110,0.6123295942942302,0.6090693777571412
sigmoid 2x64,111,0.6100546479225158,0.6079928105676025
sigmoid 2x64,112,0.6096856792767843,0.6080520581855552
sigmoid 2x64,113,0.6062090277671814,0.6066248333300384
sigmoid 2x64,114,0.6097680608431498,0.60576963438788
sigmoid 2x64,115,0.6079668442408244,0.605738317750257
sigmoid 2x64,116,0.6053662061691284,0.6044317892420499
sigmoid 2x64,117,0.6053637266159058,0.6034684492494095
sigmoid 2x64,118,0.6031260251998901,0.6022790185036521
sigmoid 2x64,119,0.6024354855219524,0.6019782966654167
sigmoid 2x64,120,0.6028685490290324,0.6011035043845461
sigmoid 2x64,121,0.6006719867388407,0.6010625128082326
sigmoid 2x64,122,0.6031369090080261,0.599126310811606
sigmoid 2x64,123,0.5996976256370544,0.5994604025214862
sigmoid 2x64,124,0.6008600195248922,0.5981081307002533
sigmoid 2x64,125,0.6000405112902324,0.5976620688915742
sigmoid 2x64,126,0.5962698856989542,0.5969397964796885
sigmoid 2x64,127,0.5979067762692769,0.595391176980261
sigmoid 2x64,128,0.595548665523529,0.5951191585304384
sigmoid 2x64,129,0.5950478911399841,0.5942145250619143
sigmoid 2x64,130,0.5971608201662699,0.5935376879650527
sigmoid 2x64,131,0.5963478366533915,0.593220444839723
sigmoid 2x64,132,0.5937320113182067,0.5936920244162579
sigmoid 2x64,133,0.5925306439399719,0.5914670248832614
sigmoid 2x64,134,0.5899714271227519,0.5913407596411246
sigmoid 2x64,135,0.5909579157829284,0.5910340730741196
sigmoid 2x64,136,0.5902105251948039,0.5900437680908753
sigmoid 2x64,137,0.592526380221049,0.5897803211205654
sigmoid 2x64,138,0.5946618835131328,0.589652755347388
sigmoid 2x64,139,0.5932582934697469,0.5876615724746718
sigmoid 2x64,140,0.5906136155128479,0.5868465164218912
sigmoid 2x64,141,0.5897077480951946,0.5866448269419239
sigmoid 2x64,142,0.587000596523285,0.5855463707955002
sigmoid 2x64,143,0.5878508369127909,0.5852368238247722
sigmoid 2x64,144,0.5881206671396891,0.584173857576567
sigmoid 2x64,145,0.5849540074666341,0.5847112381142635
sigmoid 2x64,146,0.5875660657882691,0.5840447554069617
sigmoid 2x64,147,0.5840089440345764,0.5829823480737643
sigmoid 2x64,148,0.585001007715861,0.5821095343876567
sigmoid 2x64,149,0.5834805369377136,0.5821172595401819
sigmoid 2x64,150,0.5817778825759887,0.5814610303525767
sigmoid 2x64,151,0.5819452842076619,0.5804937454761807
sigmoid 2x64,152,0.5829277157783508,0.5801203886947253
sigmoid 2x64,153,0.5827777743339538,0.5795900276429691
sigmoid 2x64,154,0.5829133113225301,0.5795145235584862
sigmoid 2x64,155,0.5805779655774435,0.5780141010199102
sigmoid 2x64,156,0.5785794337590535,0.5777776192408532
sigmoid 2x64,157,0.579570225874583,0.5775931853788964
sigmoid 2x64,158,0.5758093357086181,0.5768017032366122
sigmoid 2x64,159,0.5778044859568278,0.5751289011535247
sigmoid 2x64,160,0.5763603607813518,0.5756619091844964
sigmoid 2x64,161,0.5800434668858846,0.5747231582864806
sigmoid 2x64,162,0.5776368101437886,0.5754653776282218
sigmoid 2x64,163,0.5754464109738667,0.5740718368914278
sigmoid 2x64,164,0.5742585937182109,0.5739144274605487
sigmoid 2x64,165,0.5721218268076579,0.573037034684868
sigmoid 2x64,166,0.573052720228831,0.5724529915929094
sigmoid 2x64,167,0.575325878461202,0.5715755386515816
sigmoid 2x64,168,0.571980106830597,0.5705911568336384
sigmoid 2x64,169,0.5727619926134745,0.5710540327801918
sigmoid 2x64,170,0.5742228984832763,0.5696611358883636
sigmoid 2x64,171,0.5737327138582865,0.570025738655137
sigmoid 2x64,172,0.571240238348643,0.5695451696190299
sigmoid 2x64,173,0.5728443304697672,0.5694480779770092
sigmoid 2x64,174,0.5702269554138184,0.5683573499029251
sigmoid 2x64,175,0.5688642183939616,0.5679802031998774
sigmoid 2x64,176,0.5690806587537129,0.5676214378322724
sigmoid 2x64,177,0.5681869347890218,0.5675032661388137
sigmoid 2x64,178,0.5693535884221395,0.5661367365732541
sigmoid 2x64,179,0.5722606619199117,0.5657280966338212
sigmoid 2x64,180,0.5674549619356791,0.5661370868503378
sigmoid 2x64,181,0.568075160185496,0.5655207566507298
sigmoid 2x64,182,0.5667527715365092,0.5645957044695815
sigmoid 2x64,183,0.5640072544415792,0.5641112032231699
sigmoid 2x64,184,0.5669276197751363,0.5630428615438832
sigmoid 2x64,185,0.5649512489636739,0.5638415151645789
sigmoid 2x64,186,0.5641286333401998,0.5624833816739864
sigmoid 2x64,187,0.5640726407368978,0.5623377352632452
sigmoid 2x64,188,0.5634755373001099,0.561864401696028
sigmoid 2x64,189,0.5661443869272867,0.5612030376442878
sigmoid 2x64,190,0.5667649706204733,0.5613004135527877
sigmoid 2x64,191,0.5649020036061605,0.5614188467628597
sigmoid 2x64,192,0.569392184416453,0.5604820567983358
sigmoid 2x64,193,0.5626439054807028,0.560610906340501
sigmoid 2x64,194,0.5628951509793599,0.5594285241378504
sigmoid 2x64,195,0.563970414797465,0.5592513919889102
sigmoid 2x64,196,0.5616829872131348,0.5592022195769906
sigmoid 2x64,197,0.5620477994283041,0.5575822141229055
sigmoid 2x64,198,0.5590926210085551,0.5587332299938085
sigmoid 2x64,199,0.563074545065562,0.557263315939539
sigmoid 2x64,200,0.5580124537150065,0.5572916430682834
sigmoid 2x64,201,0.5592715938886007,0.5568971398486029
sigmoid 2x64,202,0.5582104841868083,0.556098266067492
sigmoid 2x64,203,0.5629313389460245,0.5555801441349679
sigmoid 2x64,204,0.5588285485903423,0.5567775520418172
sigmoid 2x64,205,0.556490155061086,0.5548126652020646
sigmoid 2x64,206,0.5562480489412943,0.55476226685303
sigmoid 2x64,207,0.554847780863444,0.5550151029903637
sigmoid 2x64,208,0.5557801127433777,0.554842457993367
sigmoid 2x64,209,0.5555417537689209,0.553814269484558
sigmoid 2x64,210,0.554250427087148,0.5535947534306301
sigmoid 2x64,211,0.5548411250114441,0.5528187374372674
sigmoid 2x64,212,0.5581186056137085,0.5536952649583786
sigmoid 2x64,213,0.5547061443328858,0.5534414656454996
sigmoid 2x64,214,0.5558900475502014,0.5522279154707075
sigmoid 2x64,215,0.5520341595013937,0.5519150718681028
sigmoid 2x64,216,0.5540627678235371,0.5507669332498806
sigmoid 2x64,217,0.553488568464915,0.5517071623111146
sigmoid 2x64,218,0.5518511454264323,0.5500155511747569
sigmoid 2x64,219,0.5529065489768982,0.550127534233346
sigmoid 2x64,220,0.552401355902354,0.5494040092211757
sigmoid 2x64,221,0.5508572856585184,0.5496049379601705
sigmoid 2x64,222,0.5534337600072224,0.5493591645941998
sigmoid 2x64,223,0.5505384524663289,0.5490739507444282
sigmoid 2x64,224,0.5508864005406697,0.5486021706069072
sigmoid 2x64,225,0.5508760809898376,0.5481152615461513
sigmoid 2x64,226,0.5560366392135621,0.5488869062379766
sigmoid 2x64,227,0.550007943312327,0.548574804774401
sigmoid 2x64,228,0.5484655221303304,0.548252971008914
sigmoid 2x64,229,0.5471133867899577,0.5470726258920515
sigmoid 2x64,230,0.549234402179718,0.5462197120478012
sigmoid 2x64,231,0.5539002935091655,0.5467107447537437
sigmoid 2x64,232,0.5526172081629436,0.5473809697836719
sigmoid 2x64,233,0.548256512482961,0.5462582969094416
sigmoid 2x64,234,0.5475741823514303,0.5455622789788837
sigmoid 2x64,235,0.5475741823514303,0.5452366438110027
sigmoid 2x64,236,0.5481884280840555,0.5448072538451773
sigmoid 2x64,237,0.5479687492052714,0.5442749802456619
sigmoid 2x64,238,0.5466127792994181,0.5453172673666519
sigmoid 2x64,239,0.5464664896329244,0.5439860526721623
sigmoid 2x64,240,0.5459101796150208,0.5443089556626325
sigmoid 2x64,241,0.5459240039189657,0.5433402841612303
sigmoid 2x64,242,0.5449294527371724,0.5433797333156879
sigmoid 2x64,243,0.5434800346692403,0.5432388219950355
sigmoid 2x64,244,0.5457361737887064,0.5427017223497717
sigmoid 2x64,245,0.5450923482577006,0.5425853565343501
sigmoid 2x64,246,0.5442360083262126,0.5421023574316394
sigmoid 2x64,247,0.5429901162783305,0.5411103648157795
sigmoid 2x64,248,0.5427647590637207,0.5409510719264755
sigmoid 2x64,249,0.5428631782531739,0.5414021694165871
sigmoid 2x64,250,0.5436599850654602,0.5409124142199379
sigmoid 2x64,251,0.5435346047083537,0.5402769170540663
sigmoid 2x64,252,0.5422101457913716,0.5401299342942907
sigmoid 2x64,253,0.5462926427523295,0.5397644681055507
sigmoid 2x64,254,0.5463072141011556,0.5399769683547294
sigmoid 2x64,255,0.5433327913284302,0.5402038179064295
sigmoid 2x64,256,0.5447841048240661,0.5393938525308709
sigmoid 2x64,257,0.5392160097757975,0.5389760242060851
sigmoid 2x64,258,0.5412599603335063,0.5379825917829901
sigmoid 2x64,259,0.5418156067530314,0.5383070889401281
sigmoid 2x64,260,0.5399104197820027,0.5380005090692533
sigmoid 2x64,261,0.5399176120758057,0.538003410792226
sigmoid 2x64,262,0.5396775841712952,0.5377791180157028
sigmoid 2x64,263,0.5400664687156678,0.5377291489853
sigmoid 2x64,264,0.539148211479187,0.5364447286679437
sigmoid 2x64,265,0.5375512878100077,0.5366780094491082
sigmoid 2x64,266,0.5379565954208374,0.5359679691389092
sigmoid 2x64,267,0.5382829348246256,0.5357750363356623
sigmoid 2x64,268,0.5382638176282247,0.5351802201669738
sigmoid 2x64,269,0.5400905688603719,0.5353884303949228
sigmoid 2x64,270,0.5394523700078329,0.5348669689437335
sigmoid 2x64,271,0.537895135084788,0.5350044712981833
sigmoid 2x64,272,0.5399028023084005,0.5347790002108204
sigmoid 2x64,273,0.5387492775917053,0.5356759451947799
sigmoid 2x64,274,0.539481008052826,0.5343256242699622
sigmoid 2x64,275,0.5393811583518981,0.5347272994393306
sigmoid 2x64,276,0.5357245206832886,0.5337181720138301
sigmoid 2x64,277,0.5363137563069661,0.5331586450541325
sigmoid 2x64,278,0.5385583718617757,0.532885900072573
sigmoid 2x64,279,0.5369303146998088,0.5332144535828978
sigmoid 2x64,280,0.5354105234146118,0.5339619961700759
sigmoid 2x64,281,0.5381049593289693,0.5320816753954005
sigmoid 2x64,282,0.5351810614267986,0.5322661637310125
sigmoid 2x64,283,0.5358383337656657,0.5319727561685176
sigmoid 2x64,284,0.5329294959704082,0.5317390042347817
sigmoid 2x64,285,0.5347906589508057,0.5308177523129036
sigmoid 2x64,286,0.5327211340268453,0.5311901543074022
sigmoid 2x64,287,0.5327951272328695,0.5314830957185849
sigmoid 2x64,288,0.5330317139625549,0.5304023976141804
sigmoid 2x64,289,0.5307437737782796,0.5296584840718873
sigmoid 2x64,290,0.5347238143285116,0.529555889193323
sigmoid 2x64,291,0.5336172819137573,0.5295141627591006
sigmoid 2x64,292,0.5351455012957255,0.5293352034898872
sigmoid 2x64,293,0.5387098312377929,0.5298268132192099
sigmoid 2x64,294,0.5378364284833272,0.5306142624865011
sigmoid 2x64,295,0.5312124848365783,0.5296297320058778
sigmoid 2x64,296,0.5300384283065795,0.5279638922978392
sigmoid 2x64,297,0.5307548999786377,0.5278780564732795
sigmoid 2x64,298,0.5322835961977641,0.5278158262490737
sigmoid 2x64,299,0.5348074674606323,0.5275294505107325
sigmoid 2x64,300,0.5324648380279541,0.527839474639673
sigmoid 2x64,301,0.5310196161270142,0.5273759849691795
sigmoid 2x64,302,0.5303560574849446,0.5273790464907377
sigmoid 2x64,303,0.5300452232360839,0.526893832729108
sigmoid 2x64,304,0.5292367418607076,0.5265574865079798
sigmoid 2x64,305,0.527938703695933,0.5265520054592028
sigmoid 2x64,306,0.5312531352043152,0.5262104128011473
sigmoid 2x64,307,0.5311274449030559,0.5259797015091637
sigmoid 2x64,308,0.5294401208559673,0.5258014385464775
sigmoid 2x64,309,0.52808202902476,0.525476785453748
sigmoid 2x64,310,0.5300780693689983,0.5251621506013281
sigmoid 2x64,311,0.5284807880719503,0.5244960975106736
sigmoid 2x64,312,0.5273473064104716,0.5245359253676953
sigmoid 2x64,313,0.5266717076301575,0.525692898257836
sigmoid 2x64,314,0.5292510628700257,0.5236746082943847
sigmoid 2x64,315,0.5268783171971639,0.5238698562647673
sigmoid 2x64,316,0.5267783522605896,0.5234528757621004
sigmoid 2x64,317,0.528500227133433,0.5231896342343754
sigmoid 2x64,318,0.5290102481842041,0.5228086708803098
sigmoid 2x64,319,0.5301290392875672,0.523519974172982
sigmoid 2x64,320,0.5282265146573385,0.5223581840984859
sigmoid 2x64,321,0.5253700653711955,0.5223396804212618
sigmoid 2x64,322,0.5272903442382812,0.5222537616526252
sigmoid 2x64,323,0.5253072738647461,0.5219491046256945
sigmoid 2x64,324,0.5277739485104879,0.5219314049863849
sigmoid 2x64,325,0.5251686294873555,0.5214145840316112
sigmoid 2x64,326,0.5313698768615722,0.5212231077380179
sigmoid 2x64,327,0.5275089939435323,0.5220220839103358
sigmoid 2x64,328,0.5251366257667541,0.5210449572751218
sigmoid 2x64,329,0.5254141092300415,0.5207329064157032
sigmoid 2x64,330,0.5246987462043762,0.520121086716561
sigmoid 2x64,331,0.5251115123430888,0.5206556133866163
sigmoid 2x64,332,0.5234918276468913,0.5200436586115099
sigmoid 2x64,333,0.5244120399157206,0.5193440905555256
sigmoid 2x64,334,0.5251528739929199,0.5195657481835269
sigmoid 2x64,335,0.5245845913887024,0.5192866632798961
sigmoid 2x64,336,0.5235031684239705,0.5186996718607418
sigmoid 2x64,337,0.524267578125,0.5187413453556612
sigmoid 2x64,338,0.5244879523913065,0.5197859670464458
sigmoid 2x64,339,0.5213743368784587,0.5180879898813043
sigmoid 2x64,340,0.5221043507258097,0.5181678019453633
sigmoid 2x64,341,0.5212494492530823,0.5184663567288569
sigmoid 2x64,342,0.5224383870760599,0.5176916658415983
sigmoid 2x64,343,0.5202231605847677,0.517205025132689
sigmoid 2x64,344,0.5208011547724406,0.5169638785530154
sigmoid 2x64,345,0.5221932172775269,0.5166570011502934
sigmoid 2x64,346,0.5223405639330546,0.5166335909906719
sigmoid 2x64,347,0.5208892981211345,0.5166621724411872
sigmoid 2x64,348,0.5260273575782776,0.5160092769377909
sigmoid 2x64,349,0.5221902092297872,0.5169908962066919
sigmoid 2x64,350,0.5211095134417216,0.5161247549080892
sigmoid 2x64,351,0.5265416502952576,0.5161968725828352
sigmoid 2x64,352,0.5234027047952016,0.5168383378126943
sigmoid 2x64,353,0.520018752415975,0.5152650358448497
sigmoid 2x64,354,0.5208606819311777,0.5148063435614938
sigmoid 2x64,355,0.5239764809608459,0.5145349313278647
sigmoid 2x64,356,0.5241284529368083,0.5152985487457199
sigmoid 2x64,357,0.5190831740697225,0.5150245948583346
sigmoid 2x64,358,0.5190093020598093,0.5144186543909287
sigmoid 2x64,359,0.5185985883076986,0.5141158006681557
sigmoid 2x64,360,0.5186993698279063,0.5140287020415149
sigmoid 2x64,361,0.5186335523923238,0.5141587719029348
sigmoid 2x64,362,0.5179081579049428,0.5140635992677239
sigmoid 2x64,363,0.516831374168396,0.5129998962617323
sigmoid 2x64,364,0.5185879210631053,0.5124405853718497
sigmoid 2x64,365,0.5221076925595601,0.5130731065836058
sigmoid 2x64,366,0.5192975719769796,0.5131619175915394
sigmoid 2x64,367,0.5169437269369761,0.5122976111209395
sigmoid 2x64,368,0.5185644567012787,0.5120962993749665
sigmoid 2x64,369,0.5162549436092376,0.5117964319981751
sigmoid 2x64,370,0.5152796844641367,0.5120400534990989
sigmoid 2x64,371,0.517951500415802,0.5113023725076473
sigmoid 2x64,372,0.5168970783551534,0.5108902112281513
sigmoid 2x64,373,0.5161186377207438,0.510628628241709
sigmoid 2x64,374,0.5171474754810333,0.511187953832809
sigmoid 2x64,375,0.5176053643226624,0.5107802652634997
sigmoid 2x64,376,0.5286715904871623,0.510430928689234
sigmoid 2x64,377,0.5152232984701792,0.5122191850270835
sigmoid 2x64,378,0.5161888519922893,0.5106098361984328
sigmoid 2x64,379,0.5171245137850443,0.5097495312432497
sigmoid 2x64,380,0.5181662261486053,0.5100311901023739
sigmoid 2x64,381,0.5137477219104767,0.5092037836327415
sigmoid 2x64,382,0.5173031250635783,0.5096255286759687
sigmoid 2x64,383,0.5163159767786661,0.5091601292429413
sigmoid 2x64,384,0.5165386895338694,0.509252954317026
sigmoid 2x64,385,0.5164990901947022,0.5090450498586635
sigmoid 2x64,386,0.5172721167405446,0.5092284184743345
sigmoid 2x64,387,0.5129110177357992,0.5087528486823616
sigmoid 2x64,388,0.5134439845879872,0.5075814940656176
sigmoid 2x64,389,0.5118775387605031,0.5072827336061343
sigmoid 2x64,390,0.5153044958909353,0.507117277468515
sigmoid 2x64,391,0.5141598065694173,0.5072974485584119
sigmoid 2x64,392,0.5123990118503571,0.507418642225776
sigmoid 2x64,393,0.513022247950236,0.5077764961592784
sigmoid 2x64,394,0.5132423679033915,0.5071954291227198
sigmoid 2x64,395,0.5117441852887471,0.5060837500408774
sigmoid 2x64,396,0.5121568640073141,0.5062981970457189
sigmoid 2x64,397,0.5140698234240214,0.5057362269095614
sigmoid 2x64,398,0.5134988129138947,0.5069419125021593
sigmoid 2x64,399,0.5117862741152446,0.5059437754048822
sigmoid 2x64,400,0.5128412008285522,0.5055723898368826
sigmoid 2x64,401,0.5100566228230794,0.5060645699913228
sigmoid 2x64,402,0.5114007016023,0.5049034852737982
sigmoid 2x64,403,0.5098533848921458,0.5048690766949491
sigmoid 2x64,404,0.511405740181605,0.5048246025878087
sigmoid 2x64,405,0.5126651406288147,0.5048635035434311
sigmoid 2x64,406,0.5093281288941701,0.5044688802775419
sigmoid 2x64,407,0.5102982262770335,0.5040112519257325
sigmoid 2x64,408,0.5107500731945038,0.5039324087834384
sigmoid 2x64,409,0.5169614096482594,0.5040193244265938
sigmoid 2x64,410,0.5142175813515981,0.5039037540569498
sigmoid 2x64,411,0.5102821727593739,0.5039260033372418
sigmoid 2x64,412,0.5125667711098989,0.5034384018818907
sigmoid 2x64,413,0.5121782143910726,0.502632604898729
sigmoid 2x64,414,0.5097698052724202,0.5032551457554306
sigmoid 2x64,415,0.5086620052655538,0.5025863189091643
sigmoid 2x64,416,0.5081823746363322,0.5027541172016692
sigmoid 2x64,417,0.510910713672638,0.5023805389073667
sigmoid 2x64,418,0.507187960545222,0.5020727600983719
sigmoid 2x64,419,0.5096864779790242,0.5024877211561082
sigmoid 2x64,420,0.5079010268052419,0.5016614751001319
sigmoid 2x64,421,0.5095181862513224,0.5017423646250718
sigmoid 2x64,422,0.5076388120651245,0.5013150620933354
sigmoid 2x64,423,0.5075016001860301,0.5011636403630952
sigmoid 2x64,424,0.5087960302829743,0.5015841513201358
sigmoid 2x64,425,0.5084800740083059,0.5009335846825523
sigmoid 2x64,426,0.5066767871379853,0.5014004826455206
sigmoid 2x64,427,0.5098503291606903,0.5001932236022033
sigmoid 2x64,428,0.5063600977261861,0.5002779411128153
sigmoid 2x64,429,0.508388348420461,0.5000122546089404
sigmoid 2x64,430,0.5083507279555003,0.5003223611264798
sigmoid 2x64,431,0.5056342363357544,0.4998511925415515
sigmoid 2x64,432,0.5051306645075481,0.49929549589838174
sigmoid 2x64,433,0.507181054353714,0.4989881626418254
sigmoid 2x64,434,0.5065914889176687,0.4988773095677814
sigmoid 2x64,435,0.5049870391686757,0.49954750125023445
sigmoid 2x64,436,0.5053283075491587,0.4988082814961378
sigmoid 2x64,437,0.507399994134903,0.4983185480970847
sigmoid 2x64,438,0.5037691354751587,0.49857833430189424
sigmoid 2x64,439,0.5059878349304199,0.4978581824105449
sigmoid 2x64,440,0.508624255657196,0.49776955685822166
sigmoid 2x64,441,0.5043746868769328,0.4982371702604148
sigmoid 2x64,442,0.5032804429531097,0.49776519060014207
sigmoid 2x64,443,0.5068929096062978,0.4979267880525861
sigmoid 2x64,444,0.5050513605276744,0.49793906331286436
sigmoid 2x64,445,0.5047864596048991,0.4968448366313042
sigmoid 2x64,446,0.5054783324400584,0.4967489297481638
sigmoid 2x64,447,0.5051572779814403,0.49780646826102065
sigmoid 2x64,448,0.5041648030281067,0.49677693308620646
sigmoid 2x64,449,0.5030303001403809,0.49571949812635024
sigmoid 2x64,450,0.5046322166919708,0.495903064602728
sigmoid 2x64,451,0.502631648381551,0.49662699711383596
sigmoid 2x64,452,0.5020679891109466,0.49632437910387694
sigmoid 2x64,453,0.5045148074626923,0.49511918471715943
sigmoid 2x64,454,0.5032921095689138,0.4957137404380309
sigmoid 2x64,455,0.5073863565921783,0.49539543899447014
sigmoid 2x64,456,0.5009968082110087,0.49516903040903937
sigmoid 2x64,457,0.5013794561227163,0.49484123796763735
sigmoid 2x64,458,0.5040480236212412,0.4947385475928513
sigmoid 2x64,459,0.5030248204867045,0.4948541422666964
sigmoid 2x64,460,0.5021117289861043,0.49427034053789387
sigmoid 2x64,461,0.5022932549317678,0.49406210934801414
sigmoid 2x64,462,0.4991880297660828,0.4942868086116488
sigmoid 2x64,463,0.5054856240749359,0.49416132801895135
sigmoid 2x64,464,0.5039045453071594,0.49440902831441197
sigmoid 2x64,465,0.5023573835690817,0.49316446589376184
sigmoid 2x64,466,0.5021360158920288,0.4934355394407393
sigmoid 2x64,467,0.501045016447703,0.49325505690509325
sigmoid 2x64,468,0.5006780405839284,0.49283509313800045
sigmoid 2x64,469,0.49924095074335734,0.4925905911204836
sigmoid 2x64,470,0.5004719297091166,0.49258352191173754
sigmoid 2x64,471,0.5006098210811615,0.49224583164826424
sigmoid 2x64,472,0.5011675655841827,0.49226177268466653
sigmoid 2x64,473,0.5011164108912151,0.49202648007829913
sigmoid 2x64,474,0.49808025161425273,0.4914738626372557
sigmoid 2x64,475,0.4988420824209849,0.49197131072264016
sigmoid 2x64,476,0.4991028130054474,0.4912322459146034
sigmoid 2x64,477,0.5014688432216644,0.491355708438076
sigmoid 2x64,478,0.49791200359662374,0.49143713190769595
sigmoid 2x64,479,0.5005230724811554,0.4920961742703245
sigmoid 2x64,480,0.4978476087252299,0.4908783922963457
sigmoid 2x64,481,0.4985233426094055,0.49087890996670563
sigmoid 2x64,482,0.49936001698176063,0.49035687786643667
sigmoid 2x64,483,0.4974610964457194,0.4904819127571786
sigmoid 2x64,484,0.49708251357078553,0.49002920948250084
sigmoid 2x64,485,0.49901970426241554,0.4895674254040661
sigmoid 2x64,486,0.5024221936861674,0.48981881784002124
sigmoid 2x64,487,0.4989989201227824,0.48966173219259507
sigmoid 2x64,488,0.4973831574122111,0.48924847294538193
sigmoid 2x64,489,0.4990590492884318,0.4890867987372843
sigmoid 2x64,490,0.49852775533994037,0.4891782986516251
sigmoid 2x64,491,0.49705506960550944,0.48892132226252444
sigmoid 2x64,492,0.4955129524072011,0.488748920737752
sigmoid 2x64,493,0.4969061593214671,0.4881377870816298
sigmoid 2x64,494,0.4954669495423635,0.48843606409609247
sigmoid 2x64,495,0.49832696517308556,0.4882590470707002
sigmoid 2x64,496,0.49644619822502134,0.48811023202518194
sigmoid 2x64,497,0.4962177375952403,0.4875039139228328
sigmoid 2x64,498,0.4951321323712667,0.48768553323170977
sigmoid 2x64,499,0.49564734697341917,0.48791267569860447
sigmoid 2x64,500,0.49634280800819397,0.48799118193697144
sigmoid 4x64,1,0.9690437197685242,1.0197398719079571
sigmoid 4x64,2,0.8162924488385518,0.9078510386236479
sigmoid 4x64,3,0.7409496029218038,0.7803140941971355
sigmoid 4x64,4,0.7228633483250936,0.7412557227617309
sigmoid 4x64,5,0.7187308430671692,0.7223650014446168
sigmoid 4x64,6,0.7011539181073506,0.712886838124661
sigmoid 4x64,7,0.705661936601003,0.7072097359371644
sigmoid 4x64,8,0.6886322538057963,0.7038741053772846
sigmoid 4x64,9,0.68737264474233,0.6961411307887818
sigmoid 4x64,10,0.6885353922843933,0.6918963958815788
sigmoid 4x64,11,0.6798150897026062,0.688135451573984
sigmoid 4x64,12,0.6845650474230448,0.6849292502295808
sigmoid 4x64,13,0.677951721350352,0.684599698027141
sigmoid 4x64,14,0.6732111056645711,0.6810650518061138
sigmoid 4x64,15,0.6779574632644654,0.679428721544685
sigmoid 4x64,16,0.6710030714670817,0.6805967605788533
sigmoid 4x64,17,0.6686749180157979,0.6775137654349115
sigmoid 4x64,18,0.6697336872418721,0.6763440719291766
sigmoid 4x64,19,0.6705607453982035,0.6766057851041464
sigmoid 4x64,20,0.6681243260701497,0.6764646575370873
sigmoid 4x64,21,0.6667114535967509,0.675017911074057
sigmoid 4x64,22,0.6683430592219035,0.6746635527453081
sigmoid 4x64,23,0.6654645284016927,0.6743282426558982
sigmoid 4x64,24,0.6691115617752075,0.6731253229057141
sigmoid 4x64,25,0.6689071853955587,0.6731009707520516
sigmoid 4x64,26,0.666154658794403,0.672728776668619
sigmoid 4x64,27,0.6639313141504923,0.6725722672692864
sigmoid 4x64,28,0.6643811225891113,0.6712284405455721
sigmoid 4x64,29,0.6631124218304952,0.6712087599084121
sigmoid 4x64,30,0.665519384543101,0.670432143961489
sigmoid 4x64,31,0.6645095825195313,0.6697800103655019
sigmoid 4x64,32,0.663744596640269,0.6700633766149252
sigmoid 4x64,33,0.661020831267039,0.6692264415309042
sigmoid 4x64,34,0.6614785194396973,0.668208487483931
sigmoid 4x64,35,0.6658185084660848,0.6683561688027068
sigmoid 4x64,36,0.6607096791267395,0.6678339641545455
sigmoid 4x64,37,0.6600334445635477,0.6662308630265048
sigmoid 4x64,38,0.6633240381876627,0.6657427391590344
sigmoid 4x64,39,0.658703605333964,0.6657751045493235
sigmoid 4x64,40,0.6610687851905823,0.665100585692455
sigmoid 4x64,41,0.6576943635940552,0.6646140406839428
sigmoid 4x64,42,0.6569013118743896,0.6642383729127783
sigmoid 4x64,43,0.6575642267862956,0.6638675258541172
sigmoid 4x64,44,0.6554346919059754,0.6625262352592961
sigmoid 4x64,45,0.6573124766349793,0.6622260281478625
sigmoid 4x64,46,0.6552726268768311,0.6609747042793802
sigmoid 4x64,47,0.6546029011408488,0.6611959334042756
sigmoid 4x64,48,0.6562528371810913,0.6594256669117566
sigmoid 4x64,49,0.653985591729482,0.6599737491308882
sigmoid 4x64,50,0.6528811852137247,0.6578016674376592
sigmoid 4x64,51,0.6542438427607219,0.6569911462791537
sigmoid 4x64,52,0.6506228089332581,0.6574393751406156
sigmoid 4x64,53,0.6519950032234192,0.6567719943843568
sigmoid 4x64,54,0.6497894366582234,0.6550832491465519
sigmoid 4x64,55,0.6538675626118978,0.6535596181807143
sigmoid 4x64,56,0.6540400822957356,0.6541140624288914
sigmoid 4x64,57,0.6478118340174357,0.6532410313920042
sigmoid 4x64,58,0.6464782436688741,0.6510195629880886
sigmoid 4x64,59,0.6467785199483236,0.6510336194721155
sigmoid 4x64,60,0.6440722068150838,0.6493608949368164
sigmoid 4x64,61,0.643498953183492,0.6484898643409521
sigmoid 4x64,62,0.6462133367856343,0.6472738274786701
sigmoid 4x64,63,0.6462026317914327,0.6466186463427717
sigmoid 4x64,64,0.642470653851827,0.6457163856671212
sigmoid 4x64,65,0.6410842219988505,0.6442927644416462
sigmoid 4x64,66,0.6393048683802287,0.6429892642441093
sigmoid 4x64,67,0.6393512725830078,0.6417181702127014
sigmoid 4x64,68,0.6379721283912658,0.6409077932724855
sigmoid 4x64,69,0.6364659865697225,0.640241592475202
sigmoid 4x64,70,0.6340727766354879,0.6384672921263276
sigmoid 4x64,71,0.6338219960530599,0.6372190341610057
sigmoid 4x64,72,0.6327302972475688,0.6355601256160957
sigmoid 4x64,73,0.6335945844650268,0.634648365981526
sigmoid 4x64,74,0.6327614506085714,0.6336170354631816
sigmoid 4x64,75,0.6296969095865885,0.6322230328652666
sigmoid 4x64,76,0.6313561042149861,0.6314097121225093
sigmoid 4x64,77,0.6277418017387391,0.629909736184245
sigmoid 4x64,78,0.6282559951146444,0.6292923366651085
sigmoid 4x64,79,0.6237862706184387,0.6269719036984088
sigmoid 4x64,80,0.6242019573847453,0.6253738285317033
sigmoid 4x64,81,0.6245655576388042,0.6248640831726712
sigmoid 4x64,82,0.6200388073921204,0.6235495907967549
sigmoid 4x64,83,0.6197449088096618,0.6219892139904178
sigmoid 4x64,84,0.620333456993103,0.6197636132574937
sigmoid 4x64,85,0.6200327396392822,0.6196973243930702
sigmoid 4x64,86,0.6157426198323568,0.6187004643338881
sigmoid 4x64,87,0.6154295643170674,0.6166871243916836
sigmoid 4x64,88,0.620499869187673,0.615788631662262
sigmoid 4x64,89,0.6113068103790283,0.6147774997636759
sigmoid 4x64,90,0.6143036087354025,0.6123778177189735
sigmoid 4x64,91,0.6106043299039204,0.612985191636632
sigmoid 4x64,92,0.6092013915379842,0.6120265820363611
sigmoid 4x64,93,0.6115310947100322,0.6096772820687633
sigmoid 4x64,94,0.6167170683542887,0.6085256203802569
sigmoid 4x64,95,0.6067924062410991,0.6081663837934322
sigmoid 4x64,96,0.6106956084569295,0.6077267329239775
sigmoid 4x64,97,0.6034757256507873,0.6073892783565094
sigmoid 4x64,98,0.6058757980664571,0.6059394879684639
sigmoid 4x64,99,0.6018877228101095,0.604937700701689
sigmoid 4x64,100,0.6038649002710978,0.6022223786010545
sigmoid 4x64,101,0.6012759645779927,0.6016683848820475
sigmoid 4x64,102,0.5992902914683024,0.6015937597551603
sigmoid 4x64,103,0.5996142745018005,0.5996923129244984
sigmoid 4x64,104,0.6009876251220703,0.5996651541754642
sigmoid 4x64,105,0.5960569540659587,0.5984234122618152
sigmoid 4x64,106,0.5945140719413757,0.597648277500267
sigmoid 4x64,107,0.5968609571456909,0.5963112102150336
sigmoid 4x64,108,0.5950315078099568,0.5953055142552317
sigmoid 4x64,109,0.5919652819633484,0.5938283918872845
sigmoid 4x64,110,0.5944116632143657,0.5935187037460483
sigmoid 4x64,111,0.5928450942039489,0.5921915215421997
sigmoid 4x64,112,0.5935268004735311,0.592801342089786
sigmoid 4x64,113,0.589354952176412,0.5910361965078875
sigmoid 4x64,114,0.5914223273595174,0.5899871460043162
sigmoid 4x64,115,0.592510978380839,0.5898424274794908
sigmoid 4x64,116,0.5891156991322836,0.5884904839905007
sigmoid 4x64,117,0.5890703082084656,0.5873738976316183
sigmoid 4x64,118,0.5842309276262919,0.586356509376458
sigmoid 4x64,119,0.5867444396018981,0.5861909689998487
sigmoid 4x64,120,0.586458170413971,0.5846437862270407
sigmoid 4x64,121,0.5807454744974773,0.5855001521014618
sigmoid 4x64,122,0.5849696715672811,0.5828795382525223
sigmoid 4x64,123,0.5813853780428568,0.5837531654061491
sigmoid 4x64,124,0.5816620945930481,0.5821770222511671
sigmoid 4x64,125,0.5852297862370809,0.5813290813353439
sigmoid 4x64,126,0.5766384363174438,0.5814175112641916
sigmoid 4x64,127,0.5811272660891215,0.5793001809074979
sigmoid 4x64,128,0.5758868813514709,0.5786869316996953
sigmoid 4x64,129,0.5792704065640767,0.5781256847448545
sigmoid 4x64,130,0.5798862457275391,0.5774074149733291
sigmoid 4x64,131,0.5813105543454488,0.5775990571529602
sigmoid 4x64,132,0.5735962271690369,0.5782839520425306
sigmoid 4x64,133,0.5735557198524475,0.5757380295162157
sigmoid 4x64,134,0.570706578095754,0.5752580388938094
sigmoid 4x64,135,0.5725769718488057,0.5757175488526337
sigmoid 4x64,136,0.5727630257606506,0.5739399831459843
sigmoid 4x64,137,0.5739433844884236,0.5742717570885583
sigmoid 4x64,138,0.5737251718839009,0.5733602479954778
sigmoid 4x64,139,0.5751322031021118,0.5714257104784217
sigmoid 4x64,140,0.571402891476949,0.5712945505816424
sigmoid 4x64,141,0.5680991212526957,0.5712945497813187
sigmoid 4x64,142,0.5687732736269633,0.569099426833198
sigmoid 4x64,143,0.5703338464101155,0.5695318926588598
sigmoid 4x64,144,0.5693396091461181,0.5688090525002728
sigmoid 4x64,145,0.5668522397677104,0.5691926374412793
sigmoid 4x64,146,0.567894430955251,0.5679389770442351
sigmoid 4x64,147,0.5669363180796305,0.5677543460999928
sigmoid 4x64,148,0.566995131969452,0.5662323511724943
sigmoid 4x64,149,0.5665183941523234,0.5670964788514149
sigmoid 4x64,150,0.5644550204277039,0.5659236026969704
sigmoid 4x64,151,0.5647831281026204,0.5655309049802024
sigmoid 4x64,152,0.5643029491106669,0.5653449586407066
sigmoid 4x64,153,0.5719152172406514,0.5649899231019634
sigmoid 4x64,154,0.5692079265912374,0.5654297248265253
sigmoid 4x64,155,0.5612339615821839,0.5630228703779024
sigmoid 4x64,156,0.5619053284327189,0.5625335829429299
sigmoid 4x64,157,0.5625641465187072,0.5625345050590389
sigmoid 4x64,158,0.5591915845870972,0.5623475199687685
sigmoid 4x64,159,0.5613628228505453,0.5600907054396251
sigmoid 4x64,160,0.5586763223012289,0.5619583177671849
sigmoid 4x64,161,0.5709193746248881,0.5604538207122346
sigmoid 4x64,162,0.5599116166432698,0.5619040322229014
sigmoid 4x64,163,0.5578930497169494,0.55947623911543
sigmoid 4x64,164,0.560161272684733,0.5596947605721139
sigmoid 4x64,165,0.5553637544314066,0.5592483530079098
sigmoid 4x64,166,0.5572571833928426,0.5583279361166061
sigmoid 4x64,167,0.5610686818758647,0.5575675100112412
sigmoid 4x64,168,0.5577732443809509,0.557065310963608
sigmoid 4x64,169,0.5587387839953105,0.5580540308335675
sigmoid 4x64,170,0.5588462114334106,0.5557345932367733
sigmoid 4x64,171,0.5584325750668844,0.5565408132449022
sigmoid 4x64,172,0.5560275872548421,0.5560241469271237
sigmoid 4x64,173,0.5553175210952759,0.5557546459674986
sigmoid 4x64,174,0.5549463431040446,0.5551706536408116
sigmoid 4x64,175,0.5549467245737711,0.5548733908001791
sigmoid 4x64,176,0.5540932257970174,0.553872468005595
sigmoid 4x64,177,0.5534540573755901,0.5540018995515942
sigmoid 4x64,178,0.5551156719525655,0.5533901544254937
sigmoid 4x64,179,0.5608523964881897,0.5527480603855178
sigmoid 4x64,180,0.5523576060930888,0.5529193617287725
sigmoid 4x64,181,0.5513433893521626,0.5522066136682765
sigmoid 4x64,182,0.5533123731613159,0.5514946761197519
sigmoid 4x64,183,0.5481697877248128,0.5511309295152967
sigmoid 4x64,184,0.5532826860745748,0.5496207226837798
sigmoid 4x64,185,0.5498343269030254,0.5515614231834216
sigmoid 4x64,186,0.5527483264605204,0.5491617823716126
sigmoid 4x64,187,0.5486979444821676,0.5493470082004109
sigmoid 4x64,188,0.5481780568758646,0.5497855868947419
sigmoid 4x64,189,0.5546557903289795,0.5481220632132485
sigmoid 4x64,190,0.5515859802563985,0.5485840699890298
sigmoid 4x64,191,0.5542088389396668,0.5490189393418614
sigmoid 4x64,192,0.5580955624580384,0.5479290440198621
sigmoid 4x64,193,0.5497277657190959,0.5478705436437958
sigmoid 4x64,194,0.5478600462277731,0.5468604048087674
sigmoid 4x64,195,0.5499354799588522,0.5471557766674776
sigmoid 4x64,196,0.5477620323499044,0.5466778745490538
sigmoid 4x64,197,0.5503771424293518,0.5448428346708839
sigmoid 4x64,198,0.5469003558158875,0.5475117802003999
sigmoid 4x64,199,0.5506186286608378,0.5450806378377879
sigmoid 4x64,200,0.5458829363187154,0.5451272092550183
sigmoid 4x64,201,0.5453040560086568,0.5444107744542735
sigmoid 4x64,202,0.544687290986379,0.5435420740965191
sigmoid 4x64,203,0.5515115976333618,0.5428314825905222
sigmoid 4x64,204,0.5458339571952819,0.54458568016967
sigmoid 4x64,205,0.5422869920730591,0.5422553494873946
sigmoid 4x64,206,0.5426387151082357,0.5421230738422408
sigmoid 4x64,207,0.5413968563079834,0.5429977701882517
sigmoid 4x64,208,0.5420936028162638,0.5429942085630984
sigmoid 4x64,209,0.5408328413963318,0.5413881826494323
sigmoid 4x64,210,0.541976515452067,0.5411149137521197
sigmoid 4x64,211,0.5399080514907837,0.5403620871869305
sigmoid 4x64,212,0.545983346303304,0.5406578131374467
sigmoid 4x64,213,0.5451184868812561,0.5415365295147748
sigmoid 4x64,214,0.5429718295733134,0.5402510985769301
sigmoid 4x64,215,0.5380932132403056,0.5394017438577322
sigmoid 4x64,216,0.5438401977221171,0.5387790424813855
sigmoid 4x64,217,0.5438643256823222,0.5398088299638985
sigmoid 4x64,218,0.5387004812558492,0.5376031136235194
sigmoid 4x64,219,0.5393936395645141,0.53746821785141
sigmoid 4x64,220,0.5414894064267476,0.5368394406367456
sigmoid 4x64,221,0.5385257800420126,0.5366624022858173
sigmoid 4x64,222,0.5455142935117085,0.536674509321934
sigmoid 4x64,223,0.5390558083852132,0.5370454517402687
sigmoid 4x64,224,0.5380007823308309,0.535947220820757
sigmoid 4x64,225,0.5382100343704224,0.5357681537189111
sigmoid 4x64,226,0.5455652753512065,0.5364283623037529
sigmoid 4x64,227,0.5394281268119812,0.5353287719580173
sigmoid 4x64,228,0.5347431023915609,0.5350203388709324
sigmoid 4x64,229,0.5349345366160075,0.5345067328220757
sigmoid 4x64,230,0.5369629780451457,0.5337893375088034
sigmoid 4x64,231,0.5447463115056356,0.5345357085768051
sigmoid 4x64,232,0.5395180702209472,0.5348703038339526
sigmoid 4x64,233,0.5357657591501872,0.533831878520717
sigmoid 4x64,234,0.5326463381449381,0.5327724910903239
sigmoid 4x64,235,0.5320546309153239,0.5322845519212007
sigmoid 4x64,236,0.5343191425005595,0.5315737266615098
sigmoid 4x64,237,0.5364357789357503,0.5310827507182126
sigmoid 4x64,238,0.5328238924344381,0.5330377929055065
sigmoid 4x64,239,0.5362422903378804,0.5308077870248269
sigmoid 4x64,240,0.5352513233820597,0.5311876588144704
sigmoid 4x64,241,0.5333288709322611,0.5307055188069001
sigmoid 4x64,242,0.5340759634971619,0.5302473434362882
sigmoid 4x64,243,0.5298845291137695,0.5302108044739492
sigmoid 4x64,244,0.5335346102714539,0.5289013200890322
sigmoid 4x64,245,0.5327974041302999,0.529567937261261
sigmoid 4x64,246,0.530147123336792,0.529143607631627
sigmoid 4x64,247,0.5279352347056071,0.5280329026230309
sigmoid 4x64,248,0.5298515319824219,0.5267165089856597
sigmoid 4x64,249,0.5295455773671468,0.5281944535485964
sigmoid 4x64,250,0.5295902848243713,0.5273890057754461
sigmoid 4x64,251,0.5295641382535299,0.5269183913604946
sigmoid 4x64,252,0.5269800543785095,0.5265229903024194
sigmoid 4x64,253,0.5335211038589478,0.5264013095966493
sigmoid 4x64,254,0.5316229859987894,0.526788533093291
sigmoid 4x64,255,0.5296612103780111,0.5264431224534534
sigmoid 4x64,256,0.528865909576416,0.5251321182373129
sigmoid 4x64,257,0.5253606915473938,0.5250567945184347
sigmoid 4x64,258,0.5296065092086792,0.5247264732955156
sigmoid 4x64,259,0.5265963832537334,0.5244548618171284
sigmoid 4x64,260,0.5233495473861695,0.5240986960761077
sigmoid 4x64,261,0.5286031564076742,0.5235839359969859
sigmoid 4x64,262,0.5281132578849792,0.5239815735527952
sigmoid 4x64,263,0.526645831267039,0.5238391976647893
sigmoid 4x64,264,0.5264712929725647,0.5224542341865224
sigmoid 4x64,265,0.523082149028778,0.5236886159215197
sigmoid 4x64,266,0.5234140833218892,0.522257467647975
sigmoid 4x64,267,0.5222052892049154,0.5215613625365928
sigmoid 4x64,268,0.5227776527404785,0.5207006394809058
sigmoid 4x64,269,0.5243624607721965,0.5209245868137898
sigmoid 4x64,270,0.5222822030385336,0.5197067038632565
sigmoid 4x64,271,0.5216384689013164,0.5199847040529402
sigmoid 4x64,272,0.5230424702167511,0.5195480925254269
sigmoid 4x64,273,0.5261704762776692,0.5208797727821721
sigmoid 4x64,274,0.5243085424105326,0.5200633710643005
sigmoid 4x64,275,0.5246717929840088,0.5194214608167537
sigmoid 4x64,276,0.5201917926470438,0.5187250034945966
sigmoid 4x64,277,0.5229158580303193,0.5182302008028652
sigmoid 4x64,278,0.5244994401931763,0.5181434669070151
sigmoid 4x64,279,0.5233783900737763,0.5179557518360852
sigmoid 4x64,280,0.516489032904307,0.5194120713991383
sigmoid 4x64,281,0.5206271290779114,0.5171525785771826
sigmoid 4x64,282,0.5218676229317983,0.5176021189546043
sigmoid 4x64,283,0.5221607844034831,0.5168171709280512
sigmoid 4x64,284,0.5175111055374145,0.5167450646385431
sigmoid 4x64,285,0.5220088422298431,0.5151225978869699
sigmoid 4x64,286,0.5191619793574015,0.5160330781772929
sigmoid 4x64,287,0.5181676566600799,0.5168111706796558
sigmoid 4x64,288,0.5180019815762837,0.514750730718111
sigmoid 4x64,289,0.5158367216587066,0.5143029977437141
sigmoid 4x64,290,0.5175803999106089,0.5139106810717481
sigmoid 4x64,291,0.5172630925973256,0.5138321302030104
sigmoid 4x64,292,0.5224770426750183,0.5138302374649679
sigmoid 4x64,293,0.5273057599862416,0.5142062798205516
sigmoid 4x64,294,0.5218073983987173,0.5141366535113261
sigmoid 4x64,295,0.5143426279226939,0.5139847345908991
sigmoid 4x64,296,0.5131244818369548,0.5112153894519694
sigmoid 4x64,297,0.5132546921571096,0.5119505504507718
sigmoid 4x64,298,0.5170216182867686,0.5119977122997241
sigmoid 4x64,299,0.5193782389163971,0.5114589660392784
sigmoid 4x64,300,0.5182004392147064,0.5117898451149133
sigmoid 4x64,301,0.5136534392833709,0.5107753344429699
sigmoid 4x64,302,0.5157329678535462,0.5113948976542815
sigmoid 4x64,303,0.5186778128147125,0.5103158850331457
sigmoid 4x64,304,0.5144769152005514,0.510566476472973
sigmoid 4x64,305,0.5121067464351654,0.5105200716289475
sigmoid 4x64,306,0.5174123883247376,0.5095415731977161
sigmoid 4x64,307,0.5160008072853088,0.5098789141157662
sigmoid 4x64,308,0.5136267185211182,0.5090779825075683
sigmoid 4x64,309,0.5115746955076853,0.5084009199040772
sigmoid 4x64,310,0.5116201539834341,0.5089860314833075
sigmoid 4x64,311,0.5087585469086965,0.5072839329228273
sigmoid 4x64,312,0.5210065762201945,0.5075363105383326
sigmoid 4x64,313,0.5094496846199036,0.5099941349172006
sigmoid 4x64,314,0.5131810824076335,0.5065247650602527
sigmoid 4x64,315,0.5079539358615875,0.506406195178271
sigmoid 4x64,316,0.5098782102266948,0.5060093547616685
sigmoid 4x64,317,0.5108867545922597,0.5059329271115919
sigmoid 4x64,318,0.513430655002594,0.5054416117039271
sigmoid 4x64,319,0.510890124241511,0.5065250411005514
sigmoid 4x64,320,0.5101012051105499,0.5049423278476735
sigmoid 4x64,321,0.5066576818625133,0.5043930127274425
sigmoid 4x64,322,0.5102281689643859,0.5041958978389203
sigmoid 4x64,323,0.5065723180770874,0.5046783606624319
sigmoid 4x64,324,0.5101346949736277,0.5036095248140765
sigmoid 4x64,325,0.5049971004327138,0.504124104810524
sigmoid 4x64,326,0.5118963976701101,0.5037808534816123
sigmoid 4x64,327,0.5073364158471425,0.50505045050889
sigmoid 4x64,328,0.5085846583048502,0.5035495391409163
sigmoid 4x64,329,0.505917626619339,0.5029277690869484
sigmoid 4x64,330,0.5070935090382894,0.5014886112730144
sigmoid 4x64,331,0.506947648525238,0.5024874314490653
sigmoid 4x64,332,0.5068584620952606,0.5016921186526839
sigmoid 4x64,333,0.504556022087733,0.5012321607638022
sigmoid 4x64,334,0.5102967003981272,0.5012242175783059
sigmoid 4x64,335,0.505146723985672,0.5009684725944289
sigmoid 4x64,336,0.5056108057498931,0.5004708573764042
sigmoid 4x64,337,0.5081280072530111,0.5005874254734334
sigmoid 4x64,338,0.5054461399714152,0.5021203131995645
sigmoid 4x64,339,0.505168229341507,0.49986716134202885
sigmoid 4x64,340,0.5045278410116831,0.5000012557547968
sigmoid 4x64,341,0.5009913464387258,0.4996377197629017
sigmoid 4x64,342,0.5062342882156372,0.4989899122574099
sigmoid 4x64,343,0.5007123827934266,0.49854053691766553
sigmoid 4x64,344,0.5019784907499949,0.4980046764335482
sigmoid 4x64,345,0.5047238349914551,0.4977661878354061
sigmoid 4x64,346,0.5052627086639404,0.49780121214805567
sigmoid 4x64,347,0.5014815171559651,0.49821001860599606
sigmoid 4x64,348,0.5097293357054392,0.49702988246962254
sigmoid 4x64,349,0.501681532462438,0.4975318384618456
sigmoid 4x64,350,0.5001556018988291,0.4967404169958235
sigmoid 4x64,351,0.51145445505778,0.49706712660955993
sigmoid 4x64,352,0.5050551215807597,0.4975513286432721
sigmoid 4x64,353,0.49964704910914104,0.496114156560798
sigmoid 4x64,354,0.5017718652884166,0.4949809938912131
sigmoid 4x64,355,0.5041652162869771,0.4947007770243653
sigmoid 4x64,356,0.5057930250962576,0.4950909822693001
sigmoid 4x64,357,0.49829912185668945,0.49576362057098416
sigmoid 4x64,358,0.4998745918273926,0.49477906766689717
sigmoid 4x64,359,0.4993528922398885,0.49446031386646133
sigmoid 4x64,360,0.49970660408337914,0.49470695236498996
sigmoid 4x64,361,0.49899813532829285,0.49516286130898857
sigmoid 4x64,362,0.49656793077786765,0.4947343307852178
sigmoid 4x64,363,0.49965793689092003,0.49374040772002675
sigmoid 4x64,364,0.503062782684962,0.49305764753123166
sigmoid 4x64,365,0.5061277906099956,0.49318326358667464
sigmoid 4x64,366,0.49988190333048504,0.4936477505039515
sigmoid 4x64,367,0.4983201285203298,0.4924929326306272
sigmoid 4x64,368,0.4989306171735128,0.49185033434352193
sigmoid 4x64,369,0.496835062901179,0.49166834383011054
sigmoid 4x64,370,0.49363728364308673,0.4923454836615505
sigmoid 4x64,371,0.5001024901866913,0.49131752267890916
sigmoid 4x64,372,0.497005029519399,0.49077634717647595
sigmoid 4x64,373,0.49847389856974283,0.49065669041537097
sigmoid 4x64,374,0.4971021294593811,0.490881124794654
sigmoid 4x64,375,0.49805170893669126,0.490537079097048
sigmoid 4x64,376,0.5139871776103974,0.4902775296326493
sigmoid 4x64,377,0.49547758102416994,0.4910990069578656
sigmoid 4x64,378,0.4946556349595388,0.4903590114082784
sigmoid 4x64,379,0.4977858026822408,0.4890171555197213
sigmoid 4x64,380,0.4968096653620402,0.48935570954400387
sigmoid 4x64,381,0.49323336680730184,0.48792115153817744
sigmoid 4x64,382,0.49973822633425397,0.4893340273105118
sigmoid 4x64,383,0.49601927598317463,0.48873607790622775
sigmoid 4x64,384,0.4949258188406626,0.48846456679226063
sigmoid 4x64,385,0.4951210081577301,0.48785097546228395
sigmoid 4x64,386,0.49977641900380454,0.48799792088589566
sigmoid 4x64,387,0.4960726618766785,0.4882156588426115
sigmoid 4x64,388,0.491477370262146,0.48675802986345895
sigmoid 4x64,389,0.4936480581760406,0.48572915306189984
sigmoid 4x64,390,0.4938131014506022,0.48599118182317547
sigmoid 4x64,391,0.4934563438097636,0.48660981315486745
sigmoid 4x64,392,0.49317400256792704,0.48646898561501517
sigmoid 4x64,393,0.4934701919555664,0.4863598418612001
sigmoid 4x64,394,0.49090178807576496,0.48543821474950766
sigmoid 4x64,395,0.49164739648501077,0.48413120494950584
sigmoid 4x64,396,0.4912883281707764,0.48497746615010384
sigmoid 4x64,397,0.4951425870259603,0.4845407025518345
sigmoid 4x64,398,0.4938227772712708,0.4853332166475876
sigmoid 4x64,399,0.49198471903800967,0.4840723796043115
sigmoid 4x64,400,0.4930622518062592,0.4838956399254938
sigmoid 4x64,401,0.49152421951293945,0.4844160255904245
sigmoid 4x64,402,0.4913760364055634,0.48398958212769455
sigmoid 4x64,403,0.491657010714213,0.4833044545517767
sigmoid 4x64,404,0.48975949883461,0.4830073250291857
sigmoid 4x64,405,0.49199827313423156,0.4823992282872334
sigmoid 4x64,406,0.48676831324895226,0.4826167542656746
sigmoid 4x64,407,0.4901210288206736,0.48156468954839154
sigmoid 4x64,408,0.49112836718559266,0.4822490155294082
sigmoid 4x64,409,0.4948161999384562,0.4823137584848121
sigmoid 4x64,410,0.49567555586496986,0.4813481100610224
sigmoid 4x64,411,0.49196638266245524,0.48210333231521635
sigmoid 4x64,412,0.4897554772240775,0.4812902750349767
sigmoid 4x64,413,0.49259006125586374,0.48014710874351435
sigmoid 4x64,414,0.4888987009014402,0.48012449757489845
sigmoid 4x64,415,0.4872835214648928,0.4792463471851371
sigmoid 4x64,416,0.48747831157275606,0.4792708660852882
sigmoid 4x64,417,0.48634988495281767,0.4797082769074342
sigmoid 4x64,418,0.48736020284039633,0.4791017789138633
sigmoid 4x64,419,0.49172703283173697,0.48025199896830567
sigmoid 4x64,420,0.4849229220833097,0.4796010150108869
sigmoid 4x64,421,0.48991154985768454,0.47823788890669194
sigmoid 4x64,422,0.4892070527587618,0.4787187093754686
sigmoid 4x64,423,0.4856290114777429,0.4785207169319293
sigmoid 4x64,424,0.4858985947711127,0.4785733511820349
sigmoid 4x64,425,0.4881625494786671,0.4771247142596418
sigmoid 4x64,426,0.48500462089266094,0.4787503312011893
sigmoid 4x64,427,0.48491235290254864,0.47666366684871075
sigmoid 4x64,428,0.4859543400151389,0.4768799165662102
sigmoid 4x64,429,0.4853490484612329,0.4770884387616005
sigmoid 4x64,430,0.48816512525081635,0.47633263829428757
sigmoid 4x64,431,0.4845281307186399,0.47669542448784474
sigmoid 4x64,432,0.4837683290243149,0.4754403484828541
sigmoid 4x64,433,0.4838221605334963,0.4753749160827913
sigmoid 4x64,434,0.4861019764627729,0.4753003957786718
sigmoid 4x64,435,0.48142024874687195,0.47574402893986606
sigmoid 4x64,436,0.48522120026441723,0.47605029392016096
sigmoid 4x64,437,0.4850371342438918,0.47514679993756176
sigmoid 4x64,438,0.48018415157611555,0.47520491277176347
sigmoid 4x64,439,0.4830021055845114,0.4754696241300244
sigmoid 4x64,440,0.48823334391300494,0.47425340562595003
sigmoid 4x64,441,0.4817814826965332,0.4743921685577305
sigmoid 4x64,442,0.48428831650660586,0.47429142992924833
sigmoid 4x64,443,0.4841557282667894,0.47498783102259
sigmoid 4x64,444,0.4838852882385254,0.47465649878109584
sigmoid 4x64,445,0.483989043877675,0.472886748526707
sigmoid 4x64,446,0.4824185508948106,0.47333363333640793
sigmoid 4x64,447,0.4854721770836757,0.4741989728673787
sigmoid 4x64,448,0.48265985342172474,0.4730808890554833
sigmoid 4x64,449,0.48191046256285447,0.4723760563020749
sigmoid 4x64,450,0.4824885909373944,0.4725343496577211
sigmoid 4x64,451,0.4802184196618887,0.4733470099032258
sigmoid 4x64,452,0.4782151671556326,0.47337981635173726
sigmoid 4x64,453,0.4845304466210879,0.4708705534815883
sigmoid 4x64,454,0.481975440795605,0.47236794276280264
sigmoid 4x64,455,0.48566969541402966,0.4722356116849061
sigmoid 4x64,456,0.48109360153858477,0.4711453154292141
sigmoid 4x64,457,0.48007376148150516,0.4709049116542804
sigmoid 4x64,458,0.47926220985559315,0.4712393321779335
sigmoid 4x64,459,0.486126021696971,0.4712486027135586
sigmoid 4x64,460,0.47907038835378796,0.4708714152791393
sigmoid 4x64,461,0.48148391109246474,0.4694455045540753
sigmoid 4x64,462,0.47831714841035694,0.47036497915440173
sigmoid 4x64,463,0.48554691672325134,0.4701115184745708
sigmoid 4x64,464,0.4814832485639132,0.4706981143846581
sigmoid 4x64,465,0.48094835648169887,0.46943363593737264
sigmoid 4x64,466,0.4785733681458693,0.4700625543187807
sigmoid 4x64,467,0.481892276268739,0.4686890326879274
sigmoid 4x64,468,0.47695536567614627,0.4693502452035721
sigmoid 4x64,469,0.4763397528575017,0.4686034094121387
sigmoid 4x64,470,0.47659016801760745,0.468456077929159
sigmoid 4x64,471,0.4790440247609065,0.4672391549470803
sigmoid 4x64,472,0.4811378579873305,0.46797769558240493
sigmoid 4x64,473,0.4835438315684979,0.4674181194389141
sigmoid 4x64,474,0.4742514078433697,0.4681512765013707
sigmoid 4x64,475,0.4754783855034755,0.467850308279958
sigmoid 4x64,476,0.47738713026046753,0.46749784995488597
sigmoid 4x64,477,0.478934645652771,0.46688651121317465
sigmoid 4x64,478,0.47728206102664655,0.46661562097392245
sigmoid 4x64,479,0.4786178698906532,0.46745006109103415
sigmoid 4x64,480,0.47380414853493374,0.4673265294917521
sigmoid 4x64,481,0.47675800571839017,0.46746952493108224
sigmoid 4x64,482,0.4789761503537496,0.4664842494507799
sigmoid 4x64,483,0.47127103557189304,0.4672846669361412
sigmoid 4x64,484,0.4737023711204529,0.4663112625596851
sigmoid 4x64,485,0.4785744249820709,0.4660890949125241
sigmoid 4x64,486,0.48019662499427795,0.466419661610524
sigmoid 4x64,487,0.4722457254926364,0.46642790459614997
sigmoid 4x64,488,0.477138211329778,0.4655641674859658
sigmoid 4x64,489,0.47524744272232056,0.46552643418323436
sigmoid 4x64,490,0.4776790489753087,0.46495890662341305
sigmoid 4x64,491,0.47451888769865036,0.46570869139091386
sigmoid 4x64,492,0.47221506635348004,0.4654128954981335
sigmoid 4x64,493,0.4711407870054245,0.4640783351479422
sigmoid 4x64,494,0.46912620464960736,0.4645794834249581
sigmoid 4x64,495,0.4726741909980774,0.46442863467152845
sigmoid 4x64,496,0.47195392350355786,0.4645106861842556
sigmoid 4x64,497,0.47199079394340515,0.4634792627613185
sigmoid 4x64,498,0.4763636340697606,0.4641399179126584
sigmoid 4x64,499,0.4711887041727702,0.46366117551281394
sigmoid 4x64,500,0.47431683788696927,0.4644202736462331
tanh 2x64,1,0.7065549294153849,0.7531892901781102
tanh 2x64,2,0.6916633009910583,0.7017307204369043
tanh 2x64,3,0.680122431119283,0.6878101959964441
tanh 2x64,4,0.6666636864344279,0.6766559228374318
tanh 2x64,5,0.6646042505900065,0.6677607441847861
tanh 2x64,6,0.6610905130704244,0.6610036082040947
tanh 2x64,7,0.6513979395230611,0.6537603321828918
tanh 2x64,8,0.6459885517756144,0.6469689778887794
tanh 2x64,9,0.6397468209266662,0.6409429885129849
tanh 2x64,10,0.6349964300791423,0.6358083350730793
tanh 2x64,11,0.6281298756599426,0.6287211803627668
tanh 2x64,12,0.625329585870107,0.6231928071155778
tanh 2x64,13,0.6146308302879333,0.61829359083494
tanh 2x64,14,0.6091409842173259,0.6123547175089118
tanh 2x64,15,0.6064398407936096,0.6066261081484164
tanh 2x64,16,0.6040540138880411,0.6019357510901767
tanh 2x64,17,0.5942047039667765,0.5970626323519516
tanh 2x64,18,0.5931411425272624,0.5911158739415556
tanh 2x64,19,0.5887109319368998,0.5869810900274163
tanh 2x64,20,0.5801046172777812,0.5823763786281037
tanh 2x64,21,0.5789965033531189,0.5786215202414714
tanh 2x64,22,0.5755984902381897,0.574126323919503
tanh 2x64,23,0.5688384532928467,0.5707933899953882
tanh 2x64,24,0.5665517210960388,0.5661675865707351
tanh 2x64,25,0.5632723013559977,0.5632317997364157
tanh 2x64,26,0.5592366854349772,0.5606186583119034
tanh 2x64,27,0.5576913475990295,0.5576651999621346
tanh 2x64,28,0.5549882570902507,0.5538604193427623
tanh 2x64,29,0.5523884812990825,0.5518444443478743
tanh 2x64,30,0.5479166110356649,0.5482312382485313
tanh 2x64,31,0.5460168480873108,0.5460119815587227
tanh 2x64,32,0.5450058937072754,0.5437281529950304
tanh 2x64,33,0.5417707363764445,0.5417896986471601
tanh 2x64,34,0.5394750118255616,0.5386046285278958
tanh 2x64,35,0.5373159646987915,0.5371000126140963
tanh 2x64,36,0.5373372236887614,0.5352149375468521
tanh 2x64,37,0.5346028963724773,0.5325173415328454
tanh 2x64,38,0.5337095061937968,0.5302139686044466
tanh 2x64,39,0.5310053110122681,0.5285402332023242
tanh 2x64,40,0.530731729666392,0.526589525159699
tanh 2x64,41,0.5261529962221781,0.5256986913128946
tanh 2x64,42,0.5267464995384217,0.5235946755949822
tanh 2x64,43,0.5239197134971618,0.5225772678548032
tanh 2x64,44,0.52751384973526,0.5204028537333684
tanh 2x64,45,0.5220828731854756,0.5192849846795056
tanh 2x64,46,0.5218791166941324,0.5172422847546159
tanh 2x64,47,0.5198268294334412,0.5163101821043098
tanh 2x64,48,0.5202857693036397,0.5151910444871792
tanh 2x64,49,0.5180873076121012,0.5135015696099867
tanh 2x64,50,0.5170454899470012,0.5115753950784724
tanh 2x64,51,0.5151945173740387,0.5104455656510493
tanh 2x64,52,0.514726847410202,0.5100908634898095
tanh 2x64,53,0.5134341339270274,0.5085263418712002
tanh 2x64,54,0.5154849867026011,0.506711947084075
tanh 2x64,55,0.5105836947758993,0.5058902691606499
tanh 2x64,56,0.5090839604536692,0.5044366178309988
tanh 2x64,57,0.5070449451605479,0.5036335922952598
tanh 2x64,58,0.5078646103541057,0.5018106463465243
tanh 2x64,59,0.5073013385136922,0.5009593689208119
tanh 2x64,60,0.5065167963504791,0.49987194444017885
tanh 2x64,61,0.5040086607138315,0.49859258079474894
tanh 2x64,62,0.5055625120798747,0.4973737127828371
tanh 2x64,63,0.5046746253967285,0.4965416097194478
tanh 2x64,64,0.5076956689357758,0.49582491487351615
tanh 2x64,65,0.502745920419693,0.49515628525211713
tanh 2x64,66,0.4979221045970917,0.4932811803893808
tanh 2x64,67,0.4985560397307078,0.49200935616216696
tanh 2x64,68,0.4975688695907593,0.49195035131062076
tanh 2x64,69,0.4980788230895996,0.490417647552805
tanh 2x64,70,0.49563213586807253,0.48920138738946584
tanh 2x64,71,0.4964917739232381,0.48866113425413904
tanh 2x64,72,0.4938060204188029,0.4878255761857146
tanh 2x64,73,0.49563275575637816,0.48635245376662495
tanh 2x64,74,0.4950447658697764,0.4855655908822036
tanh 2x64,75,0.49273990591367084,0.4851806787380927
tanh 2x64,76,0.4902484655380249,0.48363144685783177
tanh 2x64,77,0.4931904892126719,0.4831061730547885
tanh 2x64,78,0.4910947362581889,0.4829356833562458
tanh 2x64,79,0.4911059896151225,0.4808501131404148
tanh 2x64,80,0.48906347155570984,0.4803948876565055
tanh 2x64,81,0.4869963606198629,0.47979006980005623
tanh 2x64,82,0.48830934762954714,0.47802859021381644
tanh 2x64,83,0.4876399020353953,0.4774268529944615
tanh 2x64,84,0.48516414562861127,0.47723149181396535
tanh 2x64,85,0.4864018042882284,0.47637350773777487
tanh 2x64,86,0.4864053984483083,0.4749466833578121
tanh 2x64,87,0.4837235987186432,0.47435231478088696
tanh 2x64,88,0.4837911566098531,0.4733171306385744
tanh 2x64,89,0.48298654158910115,0.4724687592483006
tanh 2x64,90,0.4826961994171143,0.47181503432035754
tanh 2x64,91,0.48376032908757527,0.4710833141125178
tanh 2x64,92,0.4826007624467214,0.47013828892744
tanh 2x64,93,0.4799504061539968,0.46965190228844217
tanh 2x64,94,0.4804156521956126,0.46878231220329947
tanh 2x64,95,0.480491574605306,0.46746491648481875
tanh 2x64,96,0.48004613518714906,0.4665329397572591
tanh 2x64,97,0.47978703180948895,0.46699550694082875
tanh 2x64,98,0.47803399165471394,0.46568063935515464
tanh 2x64,99,0.47806719740231834,0.46445531907610965
tanh 2x64,100,0.47860750555992126,0.46420851187179896
tanh 2x64,101,0.4759170929590861,0.4623859236061782
tanh 2x64,102,0.4769009610017141,0.4627911270869991
tanh 2x64,103,0.473946742216746,0.4616240012875639
tanh 2x64,104,0.47476901213328043,0.46108047168666916
tanh 2x64,105,0.47208731174468993,0.4602073102812541
tanh 2x64,106,0.473771999279658,0.4597460871821107
tanh 2x64,107,0.47187233368555703,0.45914175734995527
tanh 2x64,108,0.47273136576016744,0.4579665309237611
tanh 2x64,109,0.47049428820610045,0.45757097440744404
tanh 2x64,110,0.4722705026467641,0.45689483383660506
tanh 2x64,111,0.4708257297674815,0.45608427443868194
tanh 2x64,112,0.47132333914438884,0.45582693308542477
tanh 2x64,113,0.4713104546070099,0.4543627448633302
tanh 2x64,114,0.47103887995084126,0.45445129650697536
tanh 2x64,115,0.4690997580687205,0.45467146857924506
tanh 2x64,116,0.46900078654289246,0.4522695170730781
tanh 2x64,117,0.4703516165415446,0.4523691975098073
tanh 2x64,118,0.4677325268586477,0.4512384559723202
tanh 2x64,119,0.4655396560827891,0.45120302902340703
tanh 2x64,120,0.4696910361448924,0.44980930178939854
tanh 2x64,121,0.46695400873819987,0.44940656596735806
tanh 2x64,122,0.46752158999443055,0.44870262955982015
tanh 2x64,123,0.4657845656077067,0.44847678561038357
tanh 2x64,124,0.46514488259951275,0.44756526106699196
tanh 2x64,125,0.4637402216593424,0.4473788140291438
tanh 2x64,126,0.4638773898283641,0.4463906040160242
tanh 2x64,127,0.461514155069987,0.4455716442482019
tanh 2x64,128,0.46343628962834676,0.444839481001307
tanh 2x64,129,0.46303300460179647,0.4442598371785682
tanh 2x64,130,0.4622529109319051,0.44379871501362406
tanh 2x64,131,0.46245651245117186,0.44292421956291655
tanh 2x64,132,0.46235836545626324,0.44351647291530844
tanh 2x64,133,0.4612305243810018,0.4419324668118098
tanh 2x64,134,0.4602808872858683,0.44170761686777893
tanh 2x64,135,0.4601892828941345,0.4414759519247136
tanh 2x64,136,0.46010984579722086,0.44018571446054044
tanh 2x64,137,0.45998248060544333,0.44017880310849994
tanh 2x64,138,0.4599765400091807,0.4395488532639387
tanh 2x64,139,0.45931464036305747,0.43870909679591436
tanh 2x64,140,0.4600134611129761,0.43861477233224405
tanh 2x64,141,0.4583475053310394,0.43782723402364815
tanh 2x64,142,0.45830853978792824,0.4370124079868703
tanh 2x64,143,0.4591366370519002,0.43677712911044714
tanh 2x64,144,0.45732503533363345,0.4356675061589514
tanh 2x64,145,0.4579853137334188,0.43568380624279196
tanh 2x64,146,0.45742308894793193,0.43487852119054915
tanh 2x64,147,0.4561322331428528,0.4343060991122023
tanh 2x64,148,0.45573310057322186,0.4339531133446096
tanh 2x64,149,0.45599432786305744,0.43337637161926296
tanh 2x64,150,0.4541536808013916,0.4336867779150493
tanh 2x64,151,0.4545674502849579,0.43271621585751135
tanh 2x64,152,0.4540222446123759,0.43176553128861944
tanh 2x64,153,0.4565336366494497,0.43146954155794837
tanh 2x64,154,0.4530051589012146,0.4319335826981193
tanh 2x64,155,0.45469515919685366,0.4304143557840097
tanh 2x64,156,0.4531349023183187,0.4305177608058466
tanh 2x64,157,0.4537804921468099,0.429141525398937
tanh 2x64,158,0.4534124533335368,0.4298756918501777
tanh 2x64,159,0.45462496479352316,0.42841950128929157
tanh 2x64,160,0.44989129262311117,0.42895617639275313
tanh 2x64,161,0.45178914283003124,0.4275039094974359
tanh 2x64,162,0.45047882412161144,0.4278701918760956
tanh 2x64,163,0.4509502819606236,0.42742610546706433
tanh 2x64,164,0.4503236285277775,0.42622112650392546
tanh 2x64,165,0.45066709177834646,0.4258147877252379
tanh 2x64,166,0.4494187278406961,0.42606421237673897
tanh 2x64,167,0.4501943566969463,0.4253305972176943
tanh 2x64,168,0.45030978109155384,0.4240995920954594
tanh 2x64,169,0.44978486001491547,0.424131703578074
tanh 2x64,170,0.4501173219510487,0.4238057830607364
tanh 2x64,171,0.44685254778180805,0.42355606564752907
tanh 2x64,172,0.4487378065075193,0.42287135246411206
tanh 2x64,173,0.4476850224392755,0.4225502896000965
tanh 2x64,174,0.4476501579795565,0.42145184877394304
tanh 2x64,175,0.44882071018218994,0.4219866059642853
tanh 2x64,176,0.4469581383925218,0.42053088327224597
tanh 2x64,177,0.44800978211256176,0.42022212808457654
tanh 2x64,178,0.447791182077848,0.41974380042226556
tanh 2x64,179,0.4462872055860666,0.419238659990118
tanh 2x64,180,0.4500610507451571,0.41928291435397974
tanh 2x64,181,0.44559402419970584,0.4186865987761149
tanh 2x64,182,0.44706408564861005,0.4180041214310829
tanh 2x64,183,0.44466681205309355,0.41764060856771723
tanh 2x64,184,0.44372736719938427,0.41676772952026603
tanh 2x64,185,0.4447431289232694,0.41642748281619085
tanh 2x64,186,0.4436980119118324,0.41612604547154625
tanh 2x64,187,0.4450934575154231,0.415971341308878
tanh 2x64,188,0.44355061191778916,0.4151708053335338
tanh 2x64,189,0.4452630808720222,0.4149819028237311
tanh 2x64,190,0.4454632011743692,0.4155382614526107
tanh 2x64,191,0.44389599103194016,0.41439838085214326
tanh 2x64,192,0.4435329230932089,0.41439253862038355
tanh 2x64,193,0.44393447500008804,0.4138372509192992
tanh 2x64,194,0.4441379194076245,0.4127551540279384
tanh 2x64,195,0.44477800681040836,0.4125647245693814
tanh 2x64,196,0.4415633426262782,0.4122335235725718
tanh 2x64,197,0.44308173656463623,0.41088773859562
tanh 2x64,198,0.44352161425810593,0.41185916264464295
tanh 2x64,199,0.4422813057899475,0.41081556745623593
tanh 2x64,200,0.44213690895300645,0.4109787892548716
tanh 2x64,201,0.441684174996156,0.41000773311690286
tanh 2x64,202,0.44197728083683896,0.4098809537097867
tanh 2x64,203,0.44328349140974194,0.40889276605216734
tanh 2x64,204,0.44142780624903166,0.40932553134208355
tanh 2x64,205,0.4400756855805715,0.40818793403862846
tanh 2x64,206,0.44018593430519104,0.4084722280807152
tanh 2x64,207,0.4393156146009763,0.4079674754039737
tanh 2x64,208,0.440365103383859,0.4074602919063038
tanh 2x64,209,0.44104377677043277,0.4079298621273706
tanh 2x64,210,0.43918731311957043,0.40739466842770455
tanh 2x64,211,0.44014013061920804,0.4054838693226021
tanh 2x64,212,0.4401168202360471,0.40624863625743113
tanh 2x64,213,0.4408532604575157,0.4056060171940377
tanh 2x64,214,0.4399816070993741,0.4052457428503491
tanh 2x64,215,0.4380131736397743,0.4043548022083924
tanh 2x64,216,0.4412661964694659,0.4039116861394529
tanh 2x64,217,0.4376240248481433,0.4045470419576958
tanh 2x64,218,0.4376734278418801,0.40295989348972266
tanh 2x64,219,0.4391325441273776,0.40311112794362186
tanh 2x64,220,0.4408004636114294,0.4032869872753496
tanh 2x64,221,0.4409728700464422,0.40240918164513856
tanh 2x64,222,0.44165201620622113,0.40217697036087063
tanh 2x64,223,0.4355345476757396,0.4019496257125306
tanh 2x64,224,0.4375465891577981,0.4009443033716271
tanh 2x64,225,0.43598424846475775,0.40143932708284863
tanh 2x64,226,0.4370169997215271,0.40172154673517635
tanh 2x64,227,0.43779881596565245,0.40112672191839954
tanh 2x64,228,0.4368997812271118,0.40084400482636207
tanh 2x64,229,0.43722894191741946,0.3994708974401902
tanh 2x64,230,0.43428043127059934,0.3994404602891932
tanh 2x64,231,0.4355120241641998,0.39990103730899995
tanh 2x64,232,0.43477853536605837,0.40021994219018975
tanh 2x64,233,0.43401906490325926,0.39869990651182424
tanh 2x64,234,0.4366879403591156,0.39778448696052593
tanh 2x64,235,0.43542103171348573,0.39812013442474764
tanh 2x64,236,0.4384714037179947,0.39794297603640666
tanh 2x64,237,0.43463484942913055,0.3972491597489476
tanh 2x64,238,0.4357629120349884,0.39770768259255174
tanh 2x64,239,0.43305628597736356,0.39665888582490794
tanh 2x64,240,0.43380273282527926,0.3961125038987808
tanh 2x64,241,0.43260090351104735,0.39597848664689744
tanh 2x64,242,0.432747608423233,0.39573048396122573
tanh 2x64,243,0.4341519057750702,0.39529818036129416
tanh 2x64,244,0.4344997763633728,0.3953884718498428
tanh 2x64,245,0.43543723225593567,0.39533593403650796
tanh 2x64,246,0.43407765328884124,0.3941005401418508
tanh 2x64,247,0.43318793177604675,0.3937154478072965
tanh 2x64,248,0.43232132494449615,0.3929128883741082
tanh 2x64,249,0.43961201608181,0.3930700921331509
tanh 2x64,250,0.4335140138864517,0.39386021512626446
tanh 2x64,251,0.4338016927242279,0.39238641568153
tanh 2x64,252,0.4330163836479187,0.39227405551724315
tanh 2x64,253,0.4306546284092797,0.39122696723679434
tanh 2x64,254,0.43324844911694527,0.39199932381048486
tanh 2x64,255,0.4309927150607109,0.3920184911028229
tanh 2x64,256,0.4286772795021534,0.39157518608674996
tanh 2x64,257,0.43165022879838943,0.3913022132952304
tanh 2x64,258,0.4303940422832966,0.39006803189456835
tanh 2x64,259,0.43227752670645714,0.3903297076723636
tanh 2x64,260,0.42959653213620186,0.3900870865937759
tanh 2x64,261,0.4294457563332149,0.3900048524775382
tanh 2x64,262,0.42854330795151846,0.3895700477013867
tanh 2x64,263,0.4281350076198578,0.3898600933002391
tanh 2x64,264,0.4273884892463684,0.38822087801218863
tanh 2x64,265,0.4260181784629822,0.38849554561361244
tanh 2x64,266,0.43120267561503817,0.38750826909324215
tanh 2x64,267,0.4272154952798571,0.3883184017174101
tanh 2x64,268,0.43032993589128765,0.3865848201031054
tanh 2x64,269,0.42520354049546377,0.38702163333669903
tanh 2x64,270,0.42822492122650146,0.38593208105445714
tanh 2x64,271,0.4300623280661447,0.3873522567777771
tanh 2x64,272,0.4304260313510895,0.38645444555737946
tanh 2x64,273,0.4275244346686772,0.3878128281043828
tanh 2x64,274,0.42825282897268024,0.38521562288568323
tanh 2x64,275,0.4288327693939209,0.385859168137264
tanh 2x64,276,0.4282088109425136,0.385739027131951
tanh 2x64,277,0.42786592670849394,0.38475574702076515
tanh 2x64,278,0.4272479202066149,0.38435113380603975
tanh 2x64,279,0.4270758430163066,0.3864024531297319
tanh 2x64,280,0.4271252602338791,0.3847792096239528
tanh 2x64,281,0.42491907874743146,0.3839326087986952
tanh 2x64,282,0.42746247351169586,0.3845748509002463
tanh 2x64,283,0.4275854080915451,0.38346866469575885
tanh 2x64,284,0.4275639206171036,0.38363245385382455
tanh 2x64,285,0.42570877571900684,0.3832803597253894
tanh 2x64,286,0.4254930565754573,0.3830837363131398
tanh 2x64,287,0.42587266365687054,0.38290193590435534
tanh 2x64,288,0.4251674860715866,0.38221321926482804
tanh 2x64,289,0.4270211656888326,0.38228310308761787
tanh 2x64,290,0.4222520112991333,0.3812014319331166
tanh 2x64,291,0.42156037092208865,0.3816313881075296
tanh 2x64,292,0.4226630389690399,0.3821364013897354
tanh 2x64,293,0.4259889304637909,0.3814021375001187
tanh 2x64,294,0.42272822856903075,0.3815196009877494
tanh 2x64,295,0.41953946352005006,0.3796426567661656
tanh 2x64,296,0.4203738749027252,0.3795945242344698
tanh 2x64,297,0.4206824660301208,0.3790272559070518
tanh 2x64,298,0.42045446038246154,0.3794431048943867
tanh 2x64,299,0.41910104751586913,0.3789641198557503
tanh 2x64,300,0.4204428672790527,0.3785918579616315
tanh 2x64,301,0.4228162467479706,0.3796957795971847
tanh 2x64,302,0.4184732735157013,0.3803345389442895
tanh 2x64,303,0.41734617948532104,0.3804528644455232
tanh 2x64,304,0.41876527667045593,0.3797080500761497
tanh 2x64,305,0.4159160330891609,0.3796216979754491
tanh 2x64,306,0.4166194275021553,0.37868718838691945
tanh 2x64,307,0.4202681854367256,0.3785511114962744
tanh 2x64,308,0.41556354612112045,0.3780791387437994
tanh 2x64,309,0.4173729121685028,0.37920441092355983
tanh 2x64,310,0.4207764193415642,0.3786604051623889
tanh 2x64,311,0.414472796022892,0.37872058891157834
tanh 2x64,312,0.41698986291885376,0.3773494429783195
tanh 2x64,313,0.4157015085220337,0.37712504879084496
tanh 2x64,314,0.4174951761960983,0.37666659028165544
tanh 2x64,315,0.4162304475903511,0.37710692513012084
tanh 2x64,316,0.41896332800388336,0.37686002592927104
tanh 2x64,317,0.4141205996274948,0.3767553836501323
tanh 2x64,318,0.4166796952486038,0.37613645584975697
tanh 2x64,319,0.4167057126760483,0.37830246633088127
tanh 2x64,320,0.4152822941541672,0.3751743227558444
tanh 2x64,321,0.41691820323467255,0.3753743102172929
tanh 2x64,322,0.41463878005743027,0.37590858276554057
tanh 2x64,323,0.41218899190425873,0.3741013202324029
tanh 2x64,324,0.4180242195725441,0.374271907233812
tanh 2x64,325,0.4149336442351341,0.374479981809161
tanh 2x64,326,0.4138711988925934,0.37470874296444123
tanh 2x64,327,0.41845131665468216,0.37450349497345614
tanh 2x64,328,0.41531579196453094,0.37509981143422977
tanh 2x64,329,0.4194037616252899,0.3742383597601595
tanh 2x64,330,0.41895414392153424,0.372885951887771
tanh 2x64,331,0.4196976323922475,0.3723009296882375
tanh 2x64,332,0.41770805915196735,0.37179483324822193
tanh 2x64,333,0.4327883819739024,0.37103185243752757
tanh 2x64,334,0.4255325297514598,0.37448294089997813
tanh 2x64,335,0.4225863715012868,0.3745902505949649
tanh 2x64,336,0.4219346344470978,0.371520476663822
tanh 2x64,337,0.4176113506158193,0.3711084305224494
tanh 2x64,338,0.4169066747029622,0.3707465880869603
tanh 2x64,339,0.41975987950960797,0.37129247638764906
tanh 2x64,340,0.4208930929501851,0.37221219480846396
tanh 2x64,341,0.41756508747736615,0.37165992009404963
tanh 2x64,342,0.42398542165756226,0.3699089095698979
tanh 2x64,343,0.41721046964327496,0.3710145831338481
tanh 2x64,344,0.41928067803382874,0.3704313320410167
tanh 2x64,345,0.421202689409256,0.36875557097231465
tanh 2x64,346,0.4176577428976695,0.3697625233828183
tanh 2x64,347,0.41673677166302997,0.36867932465402214
tanh 2x64,348,0.41978270808855694,0.37030034817564994
tanh 2x64,349,0.4185703992843628,0.3687812080900435
tanh 2x64,350,0.41707368691762287,0.36940088271836125
tanh 2x64,351,0.41689472397168476,0.36860611053846676
tanh 2x64,352,0.4174092809359233,0.36770420370628903
tanh 2x64,353,0.4168778657913208,0.3680506490588436
tanh 2x64,354,0.4203759829203288,0.36733228548926705
tanh 2x64,355,0.417184978723526,0.36695561489734224
tanh 2x64,356,0.4165556828180949,0.3673009752987442
tanh 2x64,357,0.4149288336435954,0.3679522368753772
tanh 2x64,358,0.4182155231634776,0.3662456142088493
tanh 2x64,359,0.4180585741996765,0.36649945988087057
tanh 2x64,360,0.41894136865933734,0.36578241032563064
tanh 2x64,361,0.4209498365720113,0.36717632983492776
tanh 2x64,362,0.4172876675923665,0.36876954347469626
tanh 2x64,363,0.41382744908332825,0.36690059164437355
tanh 2x64,364,0.4166521529356639,0.3654535359759989
tanh 2x64,365,0.4150341848532359,0.36558603020380254
tanh 2x64,366,0.42006613810857135,0.3650948906375195
tanh 2x64,367,0.4169491430123647,0.3657278074107104
tanh 2x64,368,0.415039986371994,0.3646276656835343
tanh 2x64,369,0.4147666295369466,0.36396836251743725
tanh 2x64,370,0.4164651433626811,0.3639767260446258
tanh 2x64,371,0.41557322939236957,0.3646912858834798
tanh 2x64,372,0.4173508882522583,0.3642207627019857
tanh 2x64,373,0.41510772705078125,0.3641477499742662
tanh 2x64,374,0.41838206847508747,0.3629588507285693
tanh 2x64,375,0.41992542147636414,0.36500898835697804
tanh 2x64,376,0.4154142538706462,0.36288839034435044
tanh 2x64,377,0.4138216972351074,0.3634453362121323
tanh 2x64,378,0.41148875653743744,0.36218592311889863
tanh 2x64,379,0.41779765486717224,0.36255712843617405
tanh 2x64,380,0.4089479595422745,0.3649411907151707
tanh 2x64,381,0.4140058159828186,0.3604217716413003
tanh 2x64,382,0.4139108657836914,0.36209479508231074
tanh 2x64,383,0.41086675226688385,0.36453044140640756
tanh 2x64,384,0.4076366722583771,0.3633496872472436
tanh 2x64,385,0.4115549921989441,0.3605564317840916
tanh 2x64,386,0.41617369651794434,0.36192737583332824
tanh 2x64,387,0.41006825864315033,0.3619864222634673
tanh 2x64,388,0.4078851193189621,0.35999843324336606
tanh 2x64,389,0.4141668677330017,0.3602809006335176
tanh 2x64,390,0.4159931093454361,0.3607824134017481
tanh 2x64,391,0.41535231471061707,0.36153058337447785
tanh 2x64,392,0.4187932014465332,0.360932353891916
tanh 2x64,393,0.4109952747821808,0.36343152662789846
tanh 2x64,394,0.4076453596353531,0.3585985385741337
tanh 2x64,395,0.4122447669506073,0.3591738001400762
tanh 2x64,396,0.41507335007190704,0.35862217136235786
tanh 2x64,397,0.4118628650903702,0.35858361516463755
tanh 2x64,398,0.4113401919603348,0.36061768092604723
tanh 2x64,399,0.4126817584037781,0.36052811808441587
tanh 2x64,400,0.40811707079410553,0.3585181686743051
tanh 2x64,401,0.41175347566604614,0.3569300319869275
tanh 2x64,402,0.40796466171741486,0.3573656868287429
tanh 2x64,403,0.41341815888881683,0.35744970445777935
tanh 2x64,404,0.40938231348991394,0.3574130802505013
tanh 2x64,405,0.4119769185781479,0.3575473059804233
tanh 2x64,406,0.4073403775691986,0.35660192890433173
tanh 2x64,407,0.4122457206249237,0.3561356786785136
tanh 2x64,408,0.41987837851047516,0.3567552321506071
tanh 2x64,409,0.4136987030506134,0.35551683106209525
tanh 2x64,410,0.40683305263519287,0.35515961915177013
tanh 2x64,411,0.4212406575679779,0.35594479014531777
tanh 2x64,412,0.41280481219291687,0.35981891872172495
tanh 2x64,413,0.4102226197719574,0.35557716363394326
tanh 2x64,414,0.4087161719799042,0.3556326049222568
tanh 2x64,415,0.4060637354850769,0.35367535600914624
tanh 2x64,416,0.4074470102787018,0.3541262320274339
tanh 2x64,417,0.40790921449661255,0.35468020027364816
tanh 2x64,418,0.4077087938785553,0.35482475504078137
tanh 2x64,419,0.4076923131942749,0.3540698124473851
tanh 2x64,420,0.4094295799732208,0.35375528147217417
tanh 2x64,421,0.4038417637348175,0.3570193156283803
tanh 2x64,422,0.40830284357070923,0.3527353662411817
tanh 2x64,423,0.4043485224246979,0.3520673814209758
tanh 2x64,424,0.4156286120414734,0.352262396644867
tanh 2x64,425,0.40845760703086853,0.35569980134015733
tanh 2x64,426,0.4042622745037079,0.3524945146528584
tanh 2x64,427,0.4100360572338104,0.3525127341499593
tanh 2x64,428,0.408644437789917,0.35335275393287646
tanh 2x64,429,0.4069332182407379,0.35175821794229434
tanh 2x64,430,0.40699127316474915,0.3542086405402912
tanh 2x64,431,0.4080173671245575,0.3524392141180431
tanh 2x64,432,0.4038328230381012,0.35051291707426796
tanh 2x64,433,0.40622201561927795,0.3502646724976246
tanh 2x64,434,0.4049766957759857,0.3489802144388488
tanh 2x64,435,0.4076763689517975,0.3503060723301777
tanh 2x64,436,0.41232579946517944,0.35215650923321506
tanh 2x64,437,0.4076631963253021,0.3516025504161551
tanh 2x64,438,0.4062085747718811,0.34916772373027116
tanh 2x64,439,0.4130997955799103,0.35003244281496887
tanh 2x64,440,0.4078894257545471,0.34992109050441916
tanh 2x64,441,0.409502238035202,0.34910473741877196
tanh 2x64,442,0.40706005692481995,0.3497473107411525
tanh 2x64,443,0.4075064957141876,0.35064464132097645
tanh 2x64,444,0.4042418897151947,0.3506936110597854
tanh 2x64,445,0.40767431259155273,0.34804554397284804
tanh 2x64,446,0.40835192799568176,0.34995683609329675
tanh 2x64,447,0.4078562259674072,0.348700255597532
tanh 2x64,448,0.4087291359901428,0.3483038962315223
tanh 2x64,449,0.4076457917690277,0.34840745633498743
tanh 2x64,450,0.406485378742218,0.34655193196370265
tanh 2x64,451,0.4008128345012665,0.34674335889112146
tanh 2x64,452,0.4151082932949066,0.34892844710429405
tanh 2x64,453,0.4085073173046112,0.3492959984809976
tanh 2x64,454,0.40548914670944214,0.3476487770976352
tanh 2x64,455,0.40372318029403687,0.3468399782977082
tanh 2x64,456,0.4043664336204529,0.34559910196493293
tanh 2x64,457,0.4093063175678253,0.3461700771719516
tanh 2x64,458,0.41502854228019714,0.347952846283415
tanh 2x64,459,0.4017135500907898,0.3461421352977998
tanh 2x64,460,0.40720948576927185,0.34701624068587966
tanh 2x64,461,0.4079655706882477,0.34740660993554684
tanh 2x64,462,0.40330496430397034,0.34827777366255647
tanh 2x64,463,0.40277570486068726,0.3454226191542996
tanh 2x64,464,0.4050242602825165,0.3466897876403531
tanh 2x64,465,0.4093509614467621,0.34851110753453923
tanh 2x64,466,0.4065450429916382,0.3437157235066955
tanh 2x64,467,0.4039437770843506,0.3451984291470859
tanh 2x64,468,0.4101455807685852,0.34554439038332113
tanh 2x64,469,0.4075871407985687,0.3459449025714229
tanh 2x64,470,0.40600311756134033,0.3446615384755718
tanh 2x64,471,0.4036077857017517,0.34254544052350705
tanh 4x64,1,0.695134449005127,0.7510189886752143
tanh 4x64,2,0.668705956141154,0.6830940616801304
tanh 4x64,3,0.6545765240987141,0.6636069099772898
tanh 4x64,4,0.6358531713485718,0.6483261349942142
tanh 4x64,5,0.6279483358065288,0.6331726226631326
tanh 4x64,6,0.613068946202596,0.6181568767699018
tanh 4x64,7,0.5948925614356995,0.6019179350699418
tanh 4x64,8,0.5807048956553141,0.5874522162998996
tanh 4x64,9,0.5738881826400757,0.5757984112377988
tanh 4x64,10,0.567536195119222,0.568018771918652
tanh 4x64,11,0.5570468306541443,0.5599071579563016
tanh 4x64,12,0.5532158573468526,0.5517441652544962
tanh 4x64,13,0.5416234493255615,0.5458129730853647
tanh 4x64,14,0.5367451667785644,0.5388486799072002
tanh 4x64,15,0.5305537700653076,0.5323955531625711
tanh 4x64,16,0.5287550270557404,0.5286302437464854
tanh 4x64,17,0.5186065912246705,0.5210901788747934
tanh 4x64,18,0.5151432712872823,0.5148804835011106
tanh 4x64,19,0.5129668772220611,0.5101918884009004
tanh 4x64,20,0.5032066921393077,0.5056011278157682
tanh 4x64,21,0.5011621097723643,0.49988861719181094
tanh 4x64,22,0.4981763203938802,0.4948825327562705
tanh 4x64,23,0.49340959390004474,0.4905682755766182
tanh 4x64,24,0.49125963250796,0.48584233890408923
tanh 4x64,25,0.48636512756347655,0.481733363740171
tanh 4x64,26,0.483139838774999,0.479647483486073
tanh 4x64,27,0.4796696682771047,0.4751756446044672
tanh 4x64,28,0.4790533463160197,0.47161413865895496
tanh 4x64,29,0.47545302112897236,0.4684193521604835
tanh 4x64,30,0.47179426352183024,0.4650442170835382
tanh 4x64,31,0.46998412211736046,0.4612969419200535
tanh 4x64,32,0.47224470774332683,0.458827213139899
tanh 4x64,33,0.4662748336791992,0.4547592441339684
tanh 4x64,34,0.4616172552108765,0.45128231205710106
tanh 4x64,35,0.45950521032015484,0.4491477918644939
tanh 4x64,36,0.4597330391407013,0.4450728738616077
tanh 4x64,37,0.45772723356882733,0.44272386002138114
tanh 4x64,38,0.45406270225842793,0.43892573508008165
tanh 4x64,39,0.4551617383956909,0.4357825063879561
tanh 4x64,40,0.45224737326304115,0.43371365973306913
tanh 4x64,41,0.4490100423494975,0.4331226342985605
tanh 4x64,42,0.44728152751922606,0.4284395364536632
tanh 4x64,43,0.4451501508553823,0.42700159697686435
tanh 4x64,44,0.45113033850987755,0.4233529000461144
tanh 4x64,45,0.4436640957991282,0.42309816201015416
tanh 4x64,46,0.4429317673047384,0.41891896248170174
tanh 4x64,47,0.44133811195691425,0.41632562673116025
tanh 4x64,48,0.43887614011764525,0.4140417861585372
tanh 4x64,49,0.4381826341152191,0.4109574744371539
tanh 4x64,50,0.4382516880830129,0.4090145894053394
tanh 4x64,51,0.4364100317160288,0.4064623400175774
tanh 4x64,52,0.43413204153378804,0.4049084718201103
tanh 4x64,53,0.43431832194328307,0.40239431355887617
tanh 4x64,54,0.4326979875564575,0.3995296448654883
tanh 4x64,55,0.43198572595914203,0.39798962758946943
tanh 4x64,56,0.4300526718298594,0.39505971892461383
tanh 4x64,57,0.4282686193784078,0.3939951533401377
tanh 4x64,58,0.4313719213008881,0.3913395361880456
tanh 4x64,59,0.4255828281243642,0.3899721206052248
tanh 4x64,60,0.4266641040643056,0.38753281592835337
tanh 4x64,61,0.4255873878796895,0.38484379592936674
tanh 4x64,62,0.4260969599088033,0.382235793763835
tanh 4x64,63,0.42454899152119957,0.3815831337639446
tanh 4x64,64,0.4247567454973857,0.3788022363265186
tanh 4x64,65,0.42237133979797364,0.37783403682932976
tanh 4x64,66,0.4182478547096252,0.3744025251499376
tanh 4x64,67,0.4191852887471517,0.3725372584088189
tanh 4x64,68,0.41709529757499697,0.37159905389755704
tanh 4x64,69,0.41786203781763714,0.369642154586039
tanh 4x64,70,0.41790400942166644,0.3672408590992522
tanh 4x64,71,0.4202168663342794,0.36645890392179115
tanh 4x64,72,0.41512774030367533,0.36471817087403535
tanh 4x64,73,0.41762714385986327,0.362835717971426
tanh 4x64,74,0.4160424033800761,0.35991429997327085
tanh 4x64,75,0.4147481818993886,0.35895639807136703
tanh 4x64,76,0.4138627628485362,0.35715238034062236
tanh 4x64,77,0.41527092854181924,0.3559308825072431
tanh 4x64,78,0.4110607544581095,0.3558146241476053
tanh 4x64,79,0.4131775379180908,0.3514239530839459
tanh 4x64,80,0.41228641470273336,0.3518481328843259
tanh 4x64,81,0.41074492732683815,0.34916446604343404
tanh 4x64,82,0.4117548048496246,0.34708234015893846
tanh 4x64,83,0.4114423950513204,0.3449069906695837
tanh 4x64,84,0.4095028022925059,0.344075091416277
tanh 4x64,85,0.40974555611610414,0.3426118539335607
tanh 4x64,86,0.4115189214547475,0.3415341840200482
tanh 4x64,87,0.4089150607585907,0.3394004860977769
tanh 4x64,88,0.41057009100914,0.33797321345526143
tanh 4x64,89,0.40781462788581846,0.33588830882874454
tanh 4x64,90,0.4094070911407471,0.33402474086851863
tanh 4x64,91,0.4079927682876587,0.3343988376150111
tanh 4x64,92,0.40931584040323893,0.3323144662570955
tanh 4x64,93,0.40902148485183715,0.32981873074415835
tanh 4x64,94,0.4047150373458862,0.32939556162354855
tanh 4x64,95,0.4071517010529836,0.32624799839627033
tanh 4x64,96,0.40676239331563313,0.3259444336399711
tanh 4x64,97,0.4049752692381541,0.3254782070034462
tanh 4x64,98,0.40501488049825035,0.3226383616078684
tanh 4x64,99,0.4060438692569733,0.321133085071887
tanh 4x64,100,0.4051878829797109,0.32077739067616234
tanh 4x64,101,0.4044046024481455,0.3176605903038701
tanh 4x64,102,0.4092568318049113,0.3182611634645422
tanh 4x64,103,0.40507141351699827,0.31641534236119806
tanh 4x64,104,0.40630780657132465,0.3144876051137286
tanh 4x64,105,0.4060567418734233,0.3135093839838366
tanh 4x64,106,0.40355992515881856,0.3122658979063334
tanh 4x64,107,0.4035344978173574,0.31177683045232435
tanh 4x64,108,0.4034693479537964,0.3100095717552546
tanh 4x64,109,0.40249529480934143,0.3084652652833276
tanh 4x64,110,0.4047474245230357,0.30815130544919983
tanh 4x64,111,0.40347076455752057,0.3064547365167867
tanh 4x64,112,0.4047851105531057,0.3060897788594117
tanh 4x64,113,0.4039672990640005,0.30265783843395816
tanh 4x64,114,0.40497106115023296,0.30204071074889544
tanh 4x64,115,0.40414705872535706,0.302693790793434
tanh 4x64,116,0.4045351466962269,0.2997760008265971
tanh 4x64,117,0.40342516345637186,0.29909123195005033
tanh 4x64,118,0.40348737285687375,0.29721262185966185
tanh 4x64,119,0.4027495773938986,0.2979736311194698
tanh 4x64,120,0.40406354803305405,0.29566526786790415
tanh 4x64,121,0.4018639371945308,0.2931359727180548
tanh 4x64,122,0.40307563084822434,0.29330777565549676
tanh 4x64,123,0.40063989620942336,0.29197537491014625
tanh 4x64,124,0.4025327448661511,0.2900573639336179
tanh 4x64,125,0.40158456105452317,0.2900856822505685
tanh 4x64,126,0.40236479960955107,0.28808437372114254
tanh 4x64,127,0.40047793587048847,0.28749591091169774
tanh 4x64,128,0.4025084620172327,0.2867167050479963
tanh 4x64,129,0.405008616772565,0.2836473620044457
tanh 4x64,130,0.40391599319197913,0.2845056030483311
tanh 4x64,131,0.4038209021091461,0.28274371395836223
tanh 4x64,132,0.404749920964241,0.28323677788582086
tanh 4x64,133,0.40592944622039795,0.278781125634683
tanh 4x64,134,0.40257057547569275,0.2809751321598066
tanh 4x64,135,0.4032486014895969,0.2770084648580848
tanh 4x64,136,0.40474630064434475,0.27626179790207117
tanh 4x64,137,0.40485773152775234,0.2755089335152513
tanh 4x64,138,0.4083903233210246,0.27396571570453193
tanh 4x64,139,0.4028468860520257,0.27373581969753313
tanh 4x64,140,0.4054815305603875,0.2720077243839329
tanh 4x64,141,0.40449881222512984,0.27300561710628046
tanh 4x64,142,0.405780381626553,0.2700050664155016
tanh 4x64,143,0.4063118166393704,0.2697608010430536
tanh 4x64,144,0.4056488109959496,0.26759945379391636
tanh 4x64,145,0.4037375663008009,0.26783541753841283
tanh 4x64,146,0.400496312550136,0.26672430546301334
tanh 4x64,147,0.40024917892047335,0.2648947089090212
tanh 4x64,148,0.40702781081199646,0.2637434192084101
tanh 4x64,149,0.4027964274088542,0.26528576540509613
tanh 4x64,150,0.403562252720197,0.2627082041881222
tanh 4x64,151,0.40612181425094607,0.2612784955691415
tanh 4x64,152,0.4026816040277481,0.2601981841323362
tanh 4x64,153,0.40515244752168655,0.2595309689408113
tanh 4x64,154,0.3995603223641713,0.2607012622569516
tanh 4x64,155,0.39984197417895,0.25535139087268754
tanh 4x64,156,0.40626664459705353,0.25514353566542314
tanh 4x64,157,0.4101613163948059,0.25449338919725045
tanh 4x64,158,0.4049437642097473,0.255639784583475
tanh 4x64,159,0.40558329224586487,0.2549197883767981
tanh 4x64,160,0.4013647735118866,0.252269090109418
tanh 4x64,161,0.39985910058021545,0.2510944096586198
tanh 4x64,162,0.40913325548171997,0.25293530650137724
tanh 4x64,163,0.40697354078292847,0.24993944679410937
