label,epoch,val_loss,train_loss
adam lr=0.0001,1,1.049623159567515,1.6151136362465814
adam lr=0.0001,2,0.8193559130032857,0.9130865616553406
adam lr=0.0001,3,0.7592403888702393,0.7990313926464296
adam lr=0.0001,4,0.7244014183680216,0.7533682246725514
adam lr=0.0001,5,0.700254213809967,0.7227570224075036
adam lr=0.0001,6,0.6829267303148906,0.7012611262964
adam lr=0.0001,7,0.6707383513450622,0.6857788406350668
adam lr=0.0001,8,0.6606472174326579,0.673891991151034
adam lr=0.0001,9,0.6526260733604431,0.6642181058596205
adam lr=0.0001,10,0.6458576838175456,0.6560378525439917
adam lr=0.0001,11,0.6399126450220743,0.6489737080300856
adam lr=0.0001,12,0.6350591540336609,0.64297182732805
adam lr=0.0001,13,0.630354110399882,0.6376335385351585
adam lr=0.0001,14,0.6262927254041036,0.6327943787835623
adam lr=0.0001,15,0.6224646051724751,0.628327807423061
adam lr=0.0001,16,0.6188948551813761,0.6245097140888033
adam lr=0.0001,17,0.6158410350481669,0.6207075317830787
adam lr=0.0001,18,0.6127350529034933,0.6172791598738454
adam lr=0.0001,19,0.6098331014315287,0.6141882233405319
adam lr=0.0001,20,0.6070117831230164,0.611167917648246
adam lr=0.0001,21,0.6047406196594238,0.6082349239605213
adam lr=0.0001,22,0.6022867679595947,0.6055201944002067
adam lr=0.0001,23,0.6001707315444946,0.6029433756913919
adam lr=0.0001,24,0.5978079716364543,0.6004840510625492
adam lr=0.0001,25,0.5954087416330973,0.5979964655932073
adam lr=0.0001,26,0.5933391690254212,0.5957529630670194
adam lr=0.0001,27,0.5915134469668071,0.5933430864113605
adam lr=0.0001,28,0.5897605776786804,0.5912430616901285
adam lr=0.0001,29,0.5874174038569132,0.5892235401240566
adam lr=0.0001,30,0.5855956315994263,0.5869630730318888
adam lr=0.0001,31,0.5835676630338033,0.5849775796547065
adam lr=0.0001,32,0.5817561467488607,0.5832105677452136
adam lr=0.0001,33,0.5802858710289002,0.5811252438569281
adam lr=0.0001,34,0.5784173925717672,0.5791814456551869
adam lr=0.0001,35,0.5766899903615316,0.57756166385495
adam lr=0.0001,36,0.5755162715911866,0.5758276264887586
adam lr=0.0001,37,0.5735637664794921,0.5741011523193629
adam lr=0.0001,38,0.5722559332847595,0.572351842407913
adam lr=0.0001,39,0.5704073031743367,0.5707081285293101
adam lr=0.0001,40,0.5690379659334819,0.5691826680863465
adam lr=0.0001,41,0.5678049723307291,0.5676938686078774
adam lr=0.0001,42,0.5661917368570963,0.5661714692440333
adam lr=0.0001,43,0.5646320621172587,0.5646519889536834
adam lr=0.0001,44,0.563293186823527,0.5631385959649781
adam lr=0.0001,45,0.5622067928314209,0.5617365109966266
adam lr=0.0001,46,0.5609109799067179,0.5603185776149454
adam lr=0.0001,47,0.559796138604482,0.5590720672300364
adam lr=0.0001,48,0.5582649906476339,0.5577628227585556
adam lr=0.0001,49,0.5573731541633606,0.5563748189909359
adam lr=0.0001,50,0.5561240156491597,0.555076205453816
adam lr=0.0001,51,0.5551441033681234,0.55385257368576
adam lr=0.0001,52,0.5535786747932434,0.5526421432355662
adam lr=0.0001,53,0.5529252330462138,0.5514876517366577
adam lr=0.0001,54,0.5514135003089905,0.5503112993967316
adam lr=0.0001,55,0.5510361989339193,0.5491450890877155
adam lr=0.0001,56,0.5495842814445495,0.5480467166568155
adam lr=0.0001,57,0.5482899109522502,0.5469745151497784
adam lr=0.0001,58,0.5476461728413899,0.5456991176896611
adam lr=0.0001,59,0.5464001417160034,0.5448659568285291
adam lr=0.0001,60,0.5457708080609639,0.5436423313930845
adam lr=0.0001,61,0.5446181138356526,0.5426389572181933
adam lr=0.0001,62,0.5439343849817911,0.5415968856028425
adam lr=0.0001,63,0.5433467030525208,0.5406509577343667
adam lr=0.0001,64,0.5424852252006531,0.5397885308015613
adam lr=0.0001,65,0.5413788795471192,0.5388733907060429
adam lr=0.0001,66,0.5403486728668213,0.537688570499533
adam lr=0.0001,67,0.5398838917414347,0.5367881566572896
adam lr=0.0001,68,0.5384767611821493,0.5358739793672853
adam lr=0.0001,69,0.5377271612485249,0.5349830880532718
adam lr=0.0001,70,0.5370088736216228,0.5340761458687872
adam lr=0.0001,71,0.5361059546470642,0.5331969265625167
adam lr=0.0001,72,0.5354478160540262,0.5322938497534295
adam lr=0.0001,73,0.5347087423006693,0.5314298214791359
adam lr=0.0001,74,0.5341542323430379,0.5305735782905894
adam lr=0.0001,75,0.5329999049504598,0.5298792390243664
adam lr=0.0001,76,0.5323459307352701,0.5289116431999061
adam lr=0.0001,77,0.5315330862998963,0.5282578301577542
adam lr=0.0001,78,0.531197476387024,0.5273375083330848
adam lr=0.0001,79,0.5306725422541301,0.5265885427757573
adam lr=0.0001,80,0.5295391003290812,0.5258977131477328
adam lr=0.0001,81,0.5296744187672933,0.5251214949767503
adam lr=0.0001,82,0.5282459894816081,0.5243789782545204
adam lr=0.0001,83,0.5281447649002076,0.5235692340729882
adam lr=0.0001,84,0.5270970225334167,0.5229509355780146
adam lr=0.0001,85,0.5264980077743531,0.5221846630593584
adam lr=0.0001,86,0.5261698643366496,0.521542657023491
adam lr=0.0001,87,0.5253976464271546,0.5208468425445825
adam lr=0.0001,88,0.5249312043190002,0.5201134114342426
adam lr=0.0001,89,0.5242313941319784,0.5194555986253886
adam lr=0.0001,90,0.5236003955205282,0.5186715048382765
adam lr=0.0001,91,0.5232033451398214,0.5182305266194915
adam lr=0.0001,92,0.5224392573038737,0.5174637953098685
adam lr=0.0001,93,0.5214695652325948,0.5168248384819523
adam lr=0.0001,94,0.5213388085365296,0.5161793878127375
adam lr=0.0001,95,0.520710700750351,0.5155717231226095
adam lr=0.0001,96,0.5203940272331238,0.5148817154547984
adam lr=0.0001,97,0.5193865060806274,0.5144291000865102
adam lr=0.0001,98,0.5196352044741313,0.5137799438431874
adam lr=0.0001,99,0.5184777776400248,0.5131593760505676
adam lr=0.0001,100,0.5187532067298889,0.5126376798947464
adam lr=0.0001,101,0.517779815196991,0.5120707642744168
adam lr=0.0001,102,0.517268427213033,0.51145919438395
adam lr=0.0001,103,0.5169512132803599,0.5107433537580254
adam lr=0.0001,104,0.5169159770011902,0.510339393802713
adam lr=0.0001,105,0.5156890074412028,0.5099435081896412
adam lr=0.0001,106,0.5152142763137817,0.5091195869414769
adam lr=0.0001,107,0.5148601373036702,0.5087098574786316
adam lr=0.0001,108,0.5142617245515188,0.5081405028839924
adam lr=0.0001,109,0.5139590303103129,0.507645650843248
adam lr=0.0001,110,0.5136026124159495,0.5071642419654556
adam lr=0.0001,111,0.5131074806054433,0.5066555902845763
adam lr=0.0001,112,0.512460994720459,0.5061517943943274
adam lr=0.0001,113,0.5123672505219777,0.5056426884920766
adam lr=0.0001,114,0.5120309452215831,0.5053275480586283
adam lr=0.0001,115,0.5119281669457754,0.5048706392924778
adam lr=0.0001,116,0.5112512906392416,0.5041966937348944
adam lr=0.0001,117,0.51092702349027,0.5036902695526718
adam lr=0.0001,118,0.5109249095122019,0.5030737434879554
adam lr=0.0001,119,0.5097373823324839,0.5027080866210087
adam lr=0.0001,120,0.5093876659870148,0.5022445323969971
adam lr=0.0001,121,0.5094105700651804,0.5018173342891316
adam lr=0.0001,122,0.5090886414051056,0.5013875897579511
adam lr=0.0001,123,0.5086206058661144,0.5010134201446197
adam lr=0.0001,124,0.5076931516329447,0.5002964208309892
adam lr=0.0001,125,0.5072370111942291,0.4999162382250101
adam lr=0.0001,126,0.5073898375034332,0.4994584138900381
adam lr=0.0001,127,0.5068549692630768,0.49891725016168115
adam lr=0.0001,128,0.5066597402095795,0.49856526533851947
adam lr=0.0001,129,0.5065195421377818,0.49816362533770947
adam lr=0.0001,130,0.5066837509473164,0.49755009746428325
adam lr=0.0001,131,0.5056716044743855,0.4973606020244302
adam lr=0.0001,132,0.5053753177324931,0.49693662135518163
adam lr=0.0001,133,0.5049627840518951,0.49646814975871184
adam lr=0.0001,134,0.5044668793678284,0.4960576349630215
adam lr=0.0001,135,0.504134351015091,0.4955908458105806
adam lr=0.0001,136,0.5037123064200083,0.49508154247513375
adam lr=0.0001,137,0.5033761541048686,0.49472519928358144
adam lr=0.0001,138,0.5030021965503693,0.4944914913337978
adam lr=0.0001,139,0.5028146783510844,0.49396084166526644
adam lr=0.0001,140,0.5023917913436889,0.49342073068508185
adam lr=0.0001,141,0.5022834122180939,0.4932619699857484
adam lr=0.0001,142,0.5020877838134765,0.4925931410499264
adam lr=0.0001,143,0.5016137659549713,0.49224390171440635
adam lr=0.0001,144,0.5012859106063843,0.49189157373048326
adam lr=0.0001,145,0.5008220791816711,0.4916809708611149
adam lr=0.0001,146,0.5010973632335662,0.4911116851354572
adam lr=0.0001,147,0.5000711063543956,0.49074213788701265
adam lr=0.0001,148,0.49959275325139363,0.49046688543207556
adam lr=0.0001,149,0.5000515083471934,0.4900024395013181
adam lr=0.0001,150,0.49922702511151634,0.48977657588028
adam lr=0.0001,151,0.4991120974222819,0.48930831390875845
adam lr=0.0001,152,0.4987883448600769,0.4890356644662069
adam lr=0.0001,153,0.49918152888615924,0.4886415238132773
adam lr=0.0001,154,0.4983814338843028,0.4884585062191014
adam lr=0.0001,155,0.4983590344587962,0.4878777271521552
adam lr=0.0001,156,0.49750228722890216,0.4876441619047243
adam lr=0.0001,157,0.49760443369547525,0.4873970437428282
adam lr=0.0001,158,0.497323747475942,0.48697875469851704
adam lr=0.0001,159,0.49687328735987346,0.48645781940489635
adam lr=0.0001,160,0.49688792824745176,0.4862992738294161
adam lr=0.0001,161,0.49669326345125836,0.48582562825309655
adam lr=0.0001,162,0.4964233934879303,0.4855469859438488
adam lr=0.0001,163,0.49590561985969545,0.4851798997477721
adam lr=0.0001,164,0.49624755382537844,0.4847924294387516
adam lr=0.0001,165,0.495495613416036,0.4845548397166902
adam lr=0.0001,166,0.49487898747126263,0.48418141620795957
adam lr=0.0001,167,0.4951322058836619,0.48384682725333217
adam lr=0.0001,168,0.49454860885938007,0.4835888191571366
adam lr=0.0001,169,0.4949200550715129,0.4831717359896183
adam lr=0.0001,170,0.49474374453226727,0.48284743204902897
adam lr=0.0001,171,0.4941016972064972,0.48269858607283617
adam lr=0.0001,172,0.493520454565684,0.4822874585064946
adam lr=0.0001,173,0.49416667222976685,0.4820281990150841
adam lr=0.0001,174,0.4932937959829966,0.48161941240827544
adam lr=0.0001,175,0.4931456168492635,0.4814333302696793
adam lr=0.0001,176,0.4926490545272827,0.4811355664579709
adam lr=0.0001,177,0.4931701143582662,0.48078483966782126
adam lr=0.0001,178,0.4928940455118815,0.480417955929983
adam lr=0.0001,179,0.4923832972844442,0.4801241110247349
adam lr=0.0001,180,0.49186527530352275,0.4800925576373563
adam lr=0.0001,181,0.49175647099812825,0.47957759715957776
adam lr=0.0001,182,0.49161497751871747,0.4792059192724142
adam lr=0.0001,183,0.49099748929341636,0.4788989754510507
adam lr=0.0001,184,0.49091169436772664,0.47848081294357947
adam lr=0.0001,185,0.4909111340840658,0.4783125920881371
adam lr=0.0001,186,0.490911324818929,0.47803892315661217
adam lr=0.0001,187,0.4910771071910858,0.47767231418958817
adam lr=0.0001,188,0.49007208744684855,0.47761793084986653
adam lr=0.0001,189,0.4896535019079844,0.47718593615816496
adam lr=0.0001,190,0.48957260648409523,0.4769688489430458
adam lr=0.0001,191,0.4892969826857249,0.4765661376507357
adam lr=0.0001,192,0.4894213875134786,0.47651526588454945
adam lr=0.0001,193,0.4889440894126892,0.47616747848622754
adam lr=0.0001,194,0.4890306015809377,0.47578294162914053
adam lr=0.0001,195,0.4887542247772217,0.47542562138845884
adam lr=0.0001,196,0.4882077693939209,0.4753200550323181
adam lr=0.0001,197,0.48846059242884315,0.4748129888392997
adam lr=0.0001,198,0.48845077157020567,0.4747698923342265
adam lr=0.0001,199,0.48828811645507814,0.47449207372281865
adam lr=0.0001,200,0.4879288117090861,0.47429906819010353
adam lr=0.0001,201,0.487237956126531,0.4740173155866462
adam lr=0.0001,202,0.48741687337557477,0.4736574300281371
adam lr=0.0001,203,0.4870979328950246,0.47338850734832927
adam lr=0.0001,204,0.4867180685202281,0.4732597566212648
adam lr=0.0001,205,0.4869066615899404,0.47289076007798597
adam lr=0.0001,206,0.4865072786808014,0.47261518293834026
adam lr=0.0001,207,0.4861684302488963,0.47235036525730456
adam lr=0.0001,208,0.48605911135673524,0.47210548585200207
adam lr=0.0001,209,0.48637556036313373,0.4719025611682317
adam lr=0.0001,210,0.48560360074043274,0.4716057575342046
adam lr=0.0001,211,0.48526005347569784,0.4714789731504382
adam lr=0.0001,212,0.48581515153249105,0.4711069433382121
adam lr=0.0001,213,0.48532973329226176,0.47108458764609146
adam lr=0.0001,214,0.48501760959625245,0.4707491091195679
adam lr=0.0001,215,0.48488648732503253,0.47033130029696235
adam lr=0.0001,216,0.4847326993942261,0.4700330317231997
adam lr=0.0001,217,0.48452767729759216,0.470156870773246
adam lr=0.0001,218,0.4847973426183065,0.46947416760473487
adam lr=0.0001,219,0.48443918824195864,0.46932020691896115
adam lr=0.0001,220,0.48441495100657145,0.4690893776870549
adam lr=0.0001,221,0.4838383555412292,0.4690408263695688
adam lr=0.0001,222,0.48366668621699016,0.4686131498366316
adam lr=0.0001,223,0.48351070284843445,0.4684567523814938
adam lr=0.0001,224,0.48386442065238955,0.4682439352527023
adam lr=0.0001,225,0.4831747670968374,0.46803864584962673
adam lr=0.0001,226,0.48337373733520506,0.4679276017646065
adam lr=0.0001,227,0.48286427855491637,0.4675494324349607
adam lr=0.0001,228,0.48278903563817344,0.46736366775727584
adam lr=0.0001,229,0.48240661223729453,0.4670833703713408
adam lr=0.0001,230,0.4821398437023163,0.46679500440008115
adam lr=0.0001,231,0.482187020778656,0.4667226201045717
adam lr=0.0001,232,0.4824515243371328,0.46674835161520706
adam lr=0.0001,233,0.48200783332188923,0.4663076771747204
adam lr=0.0001,234,0.4818229834238688,0.4658205817081215
adam lr=0.0001,235,0.4818226198355357,0.46580037139339486
adam lr=0.0001,236,0.4819709936777751,0.46536870955859033
adam lr=0.0001,237,0.48170362909634906,0.4653494387458361
adam lr=0.0001,238,0.48152247071266174,0.4651700523331777
adam lr=0.0001,239,0.48058971563975017,0.46496883521514215
adam lr=0.0001,240,0.4805793583393097,0.464680222568365
adam lr=0.0001,241,0.48078451355298363,0.46424185248080896
adam lr=0.0001,242,0.48052341540654503,0.4641208623179109
adam lr=0.0001,243,0.4804697871208191,0.46404162744250044
adam lr=0.0001,244,0.4803650478521983,0.46382942153935064
adam lr=0.0001,245,0.48020901481310524,0.4637415837854933
adam lr=0.0001,246,0.4802526036898295,0.46317753213167107
adam lr=0.0001,247,0.48004564046859743,0.46314536241022974
adam lr=0.0001,248,0.4796205004056295,0.4628249329301972
adam lr=0.0001,249,0.47973469495773313,0.46277766018774436
adam lr=0.0001,250,0.4793382167816162,0.46266380107252975
adam lr=0.0001,251,0.4796719153722127,0.4622730503670846
adam lr=0.0001,252,0.4790598531564077,0.4621448622580434
adam lr=0.0001,253,0.4790962239106496,0.46193430592719054
adam lr=0.0001,254,0.4789672831694285,0.46176997652760604
adam lr=0.0001,255,0.4800665160020193,0.46146757283008827
adam lr=0.0001,256,0.47857738733291627,0.4613194799859544
adam lr=0.0001,257,0.47879415353139243,0.4612317197445437
adam lr=0.0001,258,0.4781507432460785,0.4607460204746677
adam lr=0.0001,259,0.47856215238571165,0.46054985655704767
adam lr=0.0001,260,0.47785292466481527,0.4605518197083761
adam lr=0.0001,261,0.4773974001407623,0.46028188981950585
adam lr=0.0001,262,0.4781518359978994,0.4599815606445584
adam lr=0.0001,263,0.4781789024670919,0.45998843374507403
adam lr=0.0001,264,0.47736464341481527,0.4599638916363016
adam lr=0.0001,265,0.4771791378657023,0.4594365022271548
adam lr=0.0001,266,0.4772178848584493,0.4591530443085744
adam lr=0.0001,267,0.4776208976904551,0.45904433525408544
adam lr=0.0001,268,0.47743619084358213,0.4588677371375137
adam lr=0.0001,269,0.4771994670232137,0.45863604479848463
adam lr=0.0001,270,0.4772094209988912,0.45839034659913735
adam lr=0.0001,271,0.47646682063738505,0.4584425465374678
adam lr=0.0001,272,0.4764140725135803,0.45814565792105777
adam lr=0.0001,273,0.4765078067779541,0.45797174051923156
adam lr=0.0001,274,0.4766889313856761,0.457629790957854
adam lr=0.0001,275,0.47628264625867206,0.4575118892532498
adam lr=0.0001,276,0.4759864628314972,0.4573668148292487
adam lr=0.0001,277,0.47586028575897216,0.45716734644856116
adam lr=0.0001,278,0.4760809083779653,0.45696379696679323
adam lr=0.0001,279,0.4761516571044922,0.45686971577352264
adam lr=0.0001,280,0.4756593147913615,0.4566480542654832
adam lr=0.0001,281,0.4758927325407664,0.4562593282673343
adam lr=0.0001,282,0.4757014592488607,0.45641364217672764
adam lr=0.0001,283,0.4755876878897349,0.45610234335612254
adam lr=0.0001,284,0.47491214076677957,0.45604255057994564
adam lr=0.0001,285,0.4755150516827901,0.45550809580784624
adam lr=0.0001,286,0.4751141091187795,0.45541965924946864
adam lr=0.0001,287,0.47462451656659443,0.45535150351987885
adam lr=0.0001,288,0.4749210000038147,0.45494159269445256
adam lr=0.0001,289,0.47449474533398944,0.455044221593985
adam lr=0.0001,290,0.47436161438624064,0.45452480061465916
adam lr=0.0001,291,0.4741796096165975,0.4546427658566847
adam lr=0.0001,292,0.474051554997762,0.4544244940405481
adam lr=0.0001,293,0.4741225739320119,0.4542605211472976
adam lr=0.0001,294,0.47413713137308755,0.45423032787150774
adam lr=0.0001,295,0.474202032883962,0.45390194883790813
adam lr=0.0001,296,0.4731837014357249,0.4535326406233116
adam lr=0.0001,297,0.47372704148292544,0.45341611695392736
adam lr=0.0001,298,0.47384366591771443,0.4533861366332099
adam lr=0.0001,299,0.4731099287668864,0.4532478762142839
adam lr=0.0001,300,0.473495884736379,0.4529376712573173
adam lr=0.0001,301,0.47343818545341493,0.45294259014539884
adam lr=0.0001,302,0.4728224257628123,0.4528204311536127
adam lr=0.0001,303,0.473453950881958,0.4524457199924866
adam lr=0.0001,304,0.4725198725859324,0.4522659805607562
adam lr=0.0001,305,0.4722381254037221,0.4519927337674401
adam lr=0.0001,306,0.47264349460601807,0.45200757758610066
adam lr=0.0001,307,0.4728295564651489,0.4519627863139879
adam lr=0.0001,308,0.47244912981987,0.45165634355730516
adam lr=0.0001,309,0.47224575877189634,0.4514172233048134
adam lr=0.0001,310,0.4717534244060516,0.4512705063014154
adam lr=0.0001,311,0.47218555212020874,0.4510660465245152
adam lr=0.0001,312,0.4718676745891571,0.4508997858667342
adam lr=0.0001,313,0.47134103775024416,0.4507226289152027
adam lr=0.0001,314,0.4718012054761251,0.45047818340443596
adam lr=0.0001,315,0.4714468797047933,0.45045795489219853
adam lr=0.0001,316,0.4714134077231089,0.45009496755658407
adam lr=0.0001,317,0.4722282588481903,0.4500013184200354
adam lr=0.0001,318,0.4714058518409729,0.4499876531853495
adam lr=0.0001,319,0.47131405274073285,0.449818353746943
adam lr=0.0001,320,0.4718983848889669,0.44950532882089966
adam lr=0.0001,321,0.4710574726263682,0.4496104855434492
adam lr=0.0001,322,0.47081313927968343,0.4492771797207556
adam lr=0.0001,323,0.47067598104476926,0.4490507786422094
adam lr=0.0001,324,0.47132689158121743,0.44901316566281846
adam lr=0.0001,325,0.4706085979938507,0.44890096401891494
adam lr=0.0001,326,0.47042724092801413,0.44866555723519647
adam lr=0.0001,327,0.47052762309710183,0.4484813712736919
adam lr=0.0001,328,0.47041059136390684,0.4484577125800511
adam lr=0.0001,329,0.47093210021654763,0.4482261676594898
adam lr=0.0001,330,0.47088890671730044,0.44811645606454575
adam lr=0.0001,331,0.47019792596499127,0.4479335847827601
adam lr=0.0001,332,0.4700169006983439,0.4478774462211129
adam lr=0.0001,333,0.469495830933253,0.4477058138195933
adam lr=0.0001,334,0.4698311408360799,0.44757737885938353
adam lr=0.0001,335,0.4700842022895813,0.4473492099606503
adam lr=0.0001,336,0.46944999098777773,0.44707340161650583
adam lr=0.0001,337,0.4693459888299306,0.44691698709126915
adam lr=0.0001,338,0.4696234087149302,0.4468893003338834
adam lr=0.0001,339,0.4693547566731771,0.44668987811878075
adam lr=0.0001,340,0.4690854728221893,0.44645933813897964
adam lr=0.0001,341,0.468906424442927,0.44631168330070875
adam lr=0.0001,342,0.46892092426617943,0.4462498986014359
adam lr=0.0001,343,0.46903143922487894,0.44608760869617275
adam lr=0.0001,344,0.46905290087064105,0.44585157790804125
adam lr=0.0001,345,0.4684382657210032,0.4456790413833562
adam lr=0.0001,346,0.46859615842501323,0.4456494969972829
adam lr=0.0001,347,0.46852969924608867,0.44551780285016773
adam lr=0.0001,348,0.4684485733509064,0.44524913484018125
adam lr=0.0001,349,0.46832656661669414,0.4451011109770885
adam lr=0.0001,350,0.4686258335908254,0.445206020739427
adam lr=0.0001,351,0.4686430811882019,0.44498443323492437
adam lr=0.0001,352,0.4680308918158213,0.4447876288649574
adam lr=0.0001,353,0.46792803009351097,0.44453550105526723
adam lr=0.0001,354,0.46797700921694435,0.44432192250335123
adam lr=0.0001,355,0.46775834957758583,0.44441135580510677
adam lr=0.0001,356,0.46833962003389995,0.44423862731051467
adam lr=0.0001,357,0.46770116488138835,0.4439431006120835
adam lr=0.0001,358,0.4675534665584564,0.44392475081235816
adam lr=0.0001,359,0.46737711826960243,0.4437138897124606
adam lr=0.0001,360,0.46752510269482933,0.44362753231622715
adam lr=0.0001,361,0.46774862011273705,0.4434572590170954
adam lr=0.0001,362,0.46817777355511986,0.44345713977508916
adam lr=0.0001,363,0.4674602270126343,0.44329589790111934
adam lr=0.0001,364,0.46722930868466694,0.4430533637511831
adam lr=0.0001,365,0.46700807015101115,0.44287791455128356
adam lr=0.0001,366,0.46577979411397663,0.4434777751304198
adam lr=0.0001,367,0.4658838212490082,0.4431702630340245
adam lr=0.0001,368,0.46593092381954193,0.4428500111412617
adam lr=0.0001,369,0.4658855838435037,0.44271306297276636
adam lr=0.0001,370,0.4654041315828051,0.44264111235701026
adam lr=0.0001,371,0.46602098856653484,0.44255454128120275
adam lr=0.0001,372,0.46534210230622974,0.4422050469986907
adam lr=0.0001,373,0.4652111551591328,0.4422008494953646
adam lr=0.0001,374,0.4654292996440615,0.44193926209416146
adam lr=0.0001,375,0.4646008014678955,0.4420230996959908
adam lr=0.0001,376,0.46520898810454775,0.4416070903344614
adam lr=0.0001,377,0.46478464135101866,0.4421083042281075
adam lr=0.0001,378,0.46542829488004955,0.4416135907598249
adam lr=0.0001,379,0.46464111123766216,0.44151686111803645
adam lr=0.0001,380,0.4652775398322514,0.4414471234922191
adam lr=0.0001,381,0.46468635542052134,0.4411866661072144
adam lr=0.0001,382,0.4646183784518923,0.44107570368010085
adam lr=0.0001,383,0.46464255452156067,0.44090380090959236
adam lr=0.0001,384,0.4647681585380009,0.4407935220880046
adam lr=0.0001,385,0.4641608340399606,0.4407283105124491
adam lr=0.0001,386,0.46441830694675446,0.4404480564450562
adam lr=0.0001,387,0.4642464199236461,0.4404007766717922
adam lr=0.0001,388,0.4648572632244655,0.44018388009467374
adam lr=0.0001,389,0.46393712077822,0.4400090292824244
adam lr=0.0001,390,0.46473391566957745,0.4399060410374468
adam lr=0.0001,391,0.46415589324065615,0.4401097080893076
adam lr=0.0001,392,0.463907105582101,0.43966369045954296
adam lr=0.0001,393,0.463717452117375,0.43970965592319483
adam lr=0.0001,394,0.4641209989786148,0.43935700003837086
adam lr=0.0001,395,0.4636704261813845,0.43934724359682115
adam lr=0.0001,396,0.46378681915146963,0.4393800188954458
adam lr=0.0001,397,0.4639905499560492,0.43901478098841534
adam lr=0.0001,398,0.4635693537337439,0.4390120263194626
adam lr=0.0001,399,0.46368415866579327,0.43887129050547447
adam lr=0.0001,400,0.46355605125427246,0.4390274014074461
adam lr=0.0001,401,0.4632760222469057,0.4386321649788738
adam lr=0.0001,402,0.46348985603877474,0.4384406650583044
adam lr=0.0001,403,0.4625319795949118,0.438297789156095
adam lr=0.0001,404,0.4625953223024096,0.4379738996011695
adam lr=0.0001,405,0.4630129337310791,0.43805444591332304
adam lr=0.0001,406,0.4627288111618587,0.43809483199572813
adam lr=0.0001,407,0.46283531401838574,0.43766130866713177
adam lr=0.0001,408,0.4626037521021707,0.43778551280084416
adam lr=0.0001,409,0.4629958208118166,0.4375532660948388
adam lr=0.0001,410,0.46288107335567474,0.43744507635789937
adam lr=0.0001,411,0.46311989213739124,0.4372725744744497
adam lr=0.0001,412,0.4629340384687696,0.437370857893937
adam lr=0.0001,413,0.462346796478544,0.43696996724931225
adam lr=0.0001,414,0.4626173313174929,0.43709035176847993
adam lr=0.0001,415,0.46221031674316954,0.4367075358146373
adam lr=0.0001,416,0.46264755725860596,0.4367316347029269
adam lr=0.0001,417,0.46217914138521465,0.4367046441426229
adam lr=0.0001,418,0.46182776774678913,0.43645361513907766
adam lr=0.0001,419,0.46211884915828705,0.43636313737263077
adam lr=0.0001,420,0.46174901510987965,0.4362956952494197
adam lr=0.0001,421,0.46184253692626953,0.4361020042343064
adam lr=0.0001,422,0.4616010380642755,0.436004650578497
adam lr=0.0001,423,0.46188674015658243,0.43587299933805806
adam lr=0.0001,424,0.46120055871350424,0.4357758050278165
adam lr=0.0001,425,0.46157635748386383,0.4356498384651791
adam lr=0.0001,426,0.4615560897759029,0.4356905051272354
adam lr=0.0001,427,0.4618801921606064,0.43542796454464866
adam lr=0.0001,428,0.4615466914006642,0.43536793204609076
adam lr=0.0001,429,0.4623389456953321,0.4353395317728456
adam lr=0.0001,430,0.4614882171154022,0.43526596079415575
adam lr=0.0001,431,0.46105809935501646,0.4351000578009803
adam lr=0.0001,432,0.46103930260453907,0.4347557998832386
adam lr=0.0001,433,0.4608670451811382,0.43461843445435483
adam lr=0.0001,434,0.4611395789044244,0.4344665593948527
adam lr=0.0001,435,0.4612968755619867,0.4345722949092505
adam lr=0.0001,436,0.46086263230868746,0.43437018354078444
adam lr=0.0001,437,0.4606725147792271,0.43423861244318285
adam lr=0.0001,438,0.46114743820258547,0.43427035885158816
adam lr=0.0001,439,0.46115371584892273,0.4338925953605476
adam lr=0.0001,440,0.4607325409139906,0.43407297833388286
adam lr=0.0001,441,0.460634993655341,0.4337566456503704
adam lr=0.0001,442,0.46008011060101645,0.43377001352747496
adam lr=0.0001,443,0.4607380564723696,0.4336492931672095
adam lr=0.0001,444,0.4609327018260956,0.4336425576593158
adam lr=0.0001,445,0.4605128637381962,0.43339694456335826
adam lr=0.0001,446,0.4599582872220448,0.43346232136676194
adam lr=0.0001,447,0.4603131519896643,0.43309297029059846
adam lr=0.0001,448,0.46055416975702557,0.4329467008756838
adam lr=0.0001,449,0.4598088392189571,0.4327794345146067
adam lr=0.0001,450,0.4601495329822813,0.43282331882851766
adam lr=0.0001,451,0.45972125445093426,0.43267639623981025
adam lr=0.0001,452,0.4596192772899355,0.43259490028533865
adam lr=0.0001,453,0.4599008155720575,0.43236483788022534
adam lr=0.0001,454,0.45974128586905344,0.4324523243667285
adam lr=0.0001,455,0.45930754925523487,0.43234998818251963
adam lr=0.0001,456,0.459213844367436,0.43216698689201094
adam lr=0.0001,457,0.4593300627810614,0.4319902846689619
adam lr=0.0001,458,0.4592658919947488,0.43191618373322976
adam lr=0.0001,459,0.4592049483742033,0.4319626779103203
adam lr=0.0001,460,0.4594381941216333,0.4315351218914261
adam lr=0.0001,461,0.45934714802673887,0.43164486383965334
adam lr=0.0001,462,0.4594423749617168,0.43133574107573874
adam lr=0.0001,463,0.4592595100402832,0.4314000326967344
adam lr=0.0001,464,0.4589456830705915,0.4311826283491859
adam lr=0.0001,465,0.4592569023370743,0.4310578674536287
adam lr=0.0001,466,0.4593808352947235,0.4309544436522171
adam lr=0.0001,467,0.4585584508521216,0.4308130970412453
adam lr=0.0001,468,0.4588304076875959,0.4306294012106007
adam lr=0.0001,469,0.4587179699114391,0.4307240420394794
adam lr=0.0001,470,0.45925995068890707,0.4304359197032799
adam lr=0.0001,471,0.45868638370718273,0.43041749390517803
adam lr=0.0001,472,0.4582485279866627,0.4303412647090708
adam lr=0.0001,473,0.45906144806316923,0.4303083391313649
adam lr=0.0001,474,0.4577016234397888,0.4299649387954199
adam lr=0.0001,475,0.45814208686351776,0.4299912106165448
adam lr=0.0001,476,0.45891635758536203,0.4299273641023974
adam lr=0.0001,477,0.45823293924331665,0.42960808275205753
adam lr=0.0001,478,0.4578656554222107,0.4298191183426568
adam lr=0.0001,479,0.45827414095401764,0.4297108381667064
adam lr=0.0001,480,0.4581492415496281,0.4295359094983709
adam lr=0.0001,481,0.4581209719181061,0.4293082922420501
adam lr=0.0001,482,0.45818474888801575,0.4293899969362845
adam lr=0.0001,483,0.4577571323939732,0.42911973275024007
adam lr=0.0001,484,0.458071197782244,0.42895489386890684
adam lr=0.0001,485,0.457586156470435,0.42887137262431807
adam lr=0.0001,486,0.45770963387829916,0.4288485585583804
adam lr=0.0001,487,0.4584368978227888,0.42890014134902504
adam lr=0.0001,488,0.4580024651118687,0.428770956983236
adam lr=0.0001,489,0.45769605679171427,0.42860414731985336
adam lr=0.0001,490,0.45796516111918856,0.4285604425520133
adam lr=0.0001,491,0.4573701875550406,0.42848248148515866
adam lr=0.0001,492,0.457071242587907,0.42826971802839714
adam lr=0.0001,493,0.45741612144878935,0.4280911988693207
adam lr=0.0001,494,0.4572994304554803,0.42800968689596225
adam lr=0.0001,495,0.45901888379683864,0.42773405882848353
adam lr=0.0001,496,0.45840413066057056,0.4276923646751886
adam lr=0.0001,497,0.45818854983036333,0.42761701762669185
adam lr=0.0001,498,0.4584380411184751,0.42730460189157077
adam lr=0.0001,499,0.45942899336417514,0.4270371340791372
adam lr=0.0001,500,0.4592376997073491,0.4275322417438145
adam lr=0.0003,1,0.7582694888114929,1.1047833448201625
adam lr=0.0003,2,0.6858014941215516,0.7288062809756859
adam lr=0.0003,3,0.6552919546763102,0.6783515152248262
adam lr=0.0003,4,0.6385140736897786,0.6537205465334063
adam lr=0.0003,5,0.6269673228263855,0.6375221326721526
adam lr=0.0003,6,0.6173530578613281,0.6259253061001715
adam lr=0.0003,7,0.6091020107269287,0.6163516923262136
adam lr=0.0003,8,0.6019031127293905,0.6080783031000639
adam lr=0.0003,9,0.5962565461794536,0.6008549451133705
adam lr=0.0003,10,0.5902149677276611,0.594733395989467
adam lr=0.0003,11,0.5848253051439921,0.5884294267946688
adam lr=0.0003,12,0.5803084333737691,0.5831239669132733
adam lr=0.0003,13,0.5749640186627706,0.5784843540532374
adam lr=0.0003,14,0.5699634234110514,0.5734140301662253
adam lr=0.0003,15,0.5666448791821798,0.5689218049749193
adam lr=0.0003,16,0.5621628324190776,0.5650964102389036
adam lr=0.0003,17,0.5598558942476909,0.5609918201290358
adam lr=0.0003,18,0.5564701636632283,0.5571376478445401
adam lr=0.0003,19,0.5533461650212605,0.5541334753954164
adam lr=0.0003,20,0.549655290444692,0.5507787447304708
adam lr=0.0003,21,0.5472870111465454,0.5474620441263452
adam lr=0.0003,22,0.5455446720123291,0.5444938607398123
adam lr=0.0003,23,0.5420764605204265,0.5417434688229169
adam lr=0.0003,24,0.5399093906084697,0.5389939932163551
adam lr=0.0003,25,0.5368881424268087,0.5361325787273421
adam lr=0.0003,26,0.5355065981547038,0.5343059007913076
adam lr=0.0003,27,0.5327396194140116,0.5316253647889583
adam lr=0.0003,28,0.5318132758140564,0.5290135704368625
adam lr=0.0003,29,0.5296000957489013,0.5273732735160235
adam lr=0.0003,30,0.5273106535275777,0.5248358029861698
adam lr=0.0003,31,0.5253765503565471,0.5230756256310218
adam lr=0.0003,32,0.5248475948969523,0.5213378907050089
adam lr=0.0003,33,0.5221504131952922,0.5197394291270695
adam lr=0.0003,34,0.5218500812848409,0.5169896955371752
adam lr=0.0003,35,0.5203964134057363,0.5162423694185635
adam lr=0.0003,36,0.5184039910634358,0.5141691865799964
adam lr=0.0003,37,0.5168280899524689,0.5122281763801858
adam lr=0.0003,38,0.5161870241165161,0.5105890739258256
adam lr=0.0003,39,0.5139712015787761,0.5090282564028454
adam lr=0.0003,40,0.5138292769591014,0.5071641981681646
adam lr=0.0003,41,0.5111641645431518,0.5066357615890148
adam lr=0.0003,42,0.5107583483060201,0.505070209863057
adam lr=0.0003,43,0.5099564890066782,0.5037250856889174
adam lr=0.0003,44,0.5087840179602305,0.502006627471826
adam lr=0.0003,45,0.5072139143943787,0.5008919528162215
adam lr=0.0003,46,0.506610514720281,0.49963386150868505
adam lr=0.0003,47,0.5056508759657542,0.49864404488740177
adam lr=0.0003,48,0.5050905386606852,0.49753917869227365
adam lr=0.0003,49,0.5037330985069275,0.49612698484528456
adam lr=0.0003,50,0.502154964208603,0.494499748091312
adam lr=0.0003,51,0.5013519446055095,0.49375749663216323
adam lr=0.0003,52,0.5000658472379048,0.4926703424716848
adam lr=0.0003,53,0.500230344136556,0.4916920522269661
adam lr=0.0003,54,0.49953787128130595,0.49040907611368845
adam lr=0.0003,55,0.4987235387166341,0.4893302364852739
adam lr=0.0003,56,0.4983792841434479,0.488714605697885
adam lr=0.0003,57,0.49678645133972166,0.4879146889180853
adam lr=0.0003,58,0.4969611605008443,0.48631652249229756
adam lr=0.0003,59,0.4960463225841522,0.48564527482272374
adam lr=0.0003,60,0.4951497972011566,0.48465475607252473
adam lr=0.0003,61,0.49506238102912903,0.4837568947153844
adam lr=0.0003,62,0.49481184085210167,0.4827032815388678
adam lr=0.0003,63,0.4938048005104065,0.48209806209261763
adam lr=0.0003,64,0.4943398674329122,0.4816566507040393
adam lr=0.0003,65,0.49271558920542396,0.4808568541173013
adam lr=0.0003,66,0.49059632619222004,0.47945436273228687
adam lr=0.0003,67,0.49014856815338137,0.4783266666372407
adam lr=0.0003,68,0.49086851278940835,0.47790344074332824
adam lr=0.0003,69,0.4888206720352173,0.4772569380868873
adam lr=0.0003,70,0.48826263745625814,0.47631855496838393
adam lr=0.0003,71,0.488904998699824,0.4759844571572206
adam lr=0.0003,72,0.48793848156929015,0.47502607705434435
adam lr=0.0003,73,0.48855979442596437,0.4742664957749975
adam lr=0.0003,74,0.48765519460042317,0.4736316270254283
adam lr=0.0003,75,0.4857652763525645,0.47320056191477644
adam lr=0.0003,76,0.4859967251618703,0.4721491803189556
adam lr=0.0003,77,0.48564596970876056,0.4718034055768003
adam lr=0.0003,78,0.4860300103823344,0.47100776125985017
adam lr=0.0003,79,0.48490015665690106,0.4699314334845738
adam lr=0.0003,80,0.4847066183884939,0.4697428455528254
adam lr=0.0003,81,0.48315929373105365,0.469237893523831
adam lr=0.0003,82,0.4832220236460368,0.4679494759012794
adam lr=0.0003,83,0.48431949814160663,0.46747776500065547
adam lr=0.0003,84,0.48334434628486633,0.46727727272043734
adam lr=0.0003,85,0.4844861368338267,0.4664480477732916
adam lr=0.0003,86,0.4821283400058746,0.4658387952385673
adam lr=0.0003,87,0.48170825640360515,0.465237314410243
adam lr=0.0003,88,0.4816422998905182,0.46460178844823297
adam lr=0.0003,89,0.48024718165397645,0.46423406424509484
adam lr=0.0003,90,0.48145092527071637,0.4631206180344642
adam lr=0.0003,91,0.4806833565235138,0.46304399716979794
adam lr=0.0003,92,0.4793988406658173,0.4623423188357048
adam lr=0.0003,93,0.480110239982605,0.4617869934706329
adam lr=0.0003,94,0.4792114535967509,0.46125037479922454
adam lr=0.0003,95,0.47947346766789756,0.4606881286702761
adam lr=0.0003,96,0.47957152922948204,0.46006366667951615
adam lr=0.0003,97,0.47771968841552737,0.4602089171839069
adam lr=0.0003,98,0.4776854455471039,0.4591797572296451
adam lr=0.0003,99,0.4775027712186178,0.458421755700599
adam lr=0.0003,100,0.4782781362533569,0.4579799386854552
adam lr=0.0003,101,0.4764236152172089,0.45725606648304656
adam lr=0.0003,102,0.4772579848766327,0.45721207459822516
adam lr=0.0003,103,0.4754138747851054,0.45603248493375703
adam lr=0.0003,104,0.4764646867911021,0.455697934177054
adam lr=0.0003,105,0.4758272409439087,0.45533332524999
adam lr=0.0003,106,0.4749050199985504,0.4547669761073865
adam lr=0.0003,107,0.47538196841875713,0.45452792335146186
adam lr=0.0003,108,0.4742794394493103,0.4538762229166482
adam lr=0.0003,109,0.4741951366265615,0.45357768332026327
adam lr=0.0003,110,0.47487093607584635,0.45333610167777566
adam lr=0.0003,111,0.4738392690817515,0.4524618529203936
adam lr=0.0003,112,0.47453874746958413,0.4524055578784912
adam lr=0.0003,113,0.47353365023930866,0.45163582649842754
adam lr=0.0003,114,0.4735016087690989,0.4514086607116525
adam lr=0.0003,115,0.4724027196566264,0.45155999760497145
adam lr=0.0003,116,0.4729383409023285,0.45019113527159965
adam lr=0.0003,117,0.47268638014793396,0.45024100194472677
adam lr=0.0003,118,0.471833207209905,0.4492821189247021
adam lr=0.0003,119,0.47024681568145754,0.4493618480346145
adam lr=0.0003,120,0.47138878305753074,0.44849733139883
adam lr=0.0003,121,0.47213936448097227,0.4480218670167334
adam lr=0.0003,122,0.47208599249521893,0.4476078649352525
adam lr=0.0003,123,0.4707210123538971,0.44796560427603943
adam lr=0.0003,124,0.4695564071337382,0.4469230919483944
adam lr=0.0003,125,0.47111124197642007,0.4469106588004179
adam lr=0.0003,126,0.46911399364471434,0.4460688027651679
adam lr=0.0003,127,0.4694887657960256,0.44568969177750273
adam lr=0.0003,128,0.4698687275250753,0.4452945738541068
adam lr=0.0003,129,0.4684015929698944,0.4448665516232808
adam lr=0.0003,130,0.4697679281234741,0.4442254060086951
adam lr=0.0003,131,0.4695529878139496,0.4442184546413691
adam lr=0.0003,132,0.4696132759253184,0.4443553683320891
adam lr=0.0003,133,0.46831960876782736,0.4433090505821336
adam lr=0.0003,134,0.46823097666104635,0.44333438953715204
adam lr=0.0003,135,0.4665298342704773,0.442855021718399
adam lr=0.0003,136,0.46779056191444396,0.44225150718256495
adam lr=0.0003,137,0.46788840492566425,0.44200109881301036
adam lr=0.0003,138,0.46741847197214764,0.44201659690780215
adam lr=0.0003,139,0.46716994444529214,0.44142590208982474
adam lr=0.0003,140,0.4685089508692423,0.44059659377116994
adam lr=0.0003,141,0.46693703333536785,0.44062691786529257
adam lr=0.0003,142,0.46616642276446024,0.4398743230639981
adam lr=0.0003,143,0.4672743260860443,0.4400333217803774
adam lr=0.0003,144,0.46743388175964357,0.43914248502296643
adam lr=0.0003,145,0.46665980021158854,0.43917496428628294
adam lr=0.0003,146,0.46638440489768984,0.438748264480128
adam lr=0.0003,147,0.46680235862731934,0.43829628837772816
adam lr=0.0003,148,0.4657613654931386,0.43814598593509896
adam lr=0.0003,149,0.46558818221092224,0.4376832121363562
adam lr=0.0003,150,0.46496170361836753,0.4380165124329137
adam lr=0.0003,151,0.4644360303878784,0.4373013209509551
adam lr=0.0003,152,0.46396318475405374,0.436515426421693
adam lr=0.0003,153,0.4651074171066284,0.43614770764242716
adam lr=0.0003,154,0.4648529807726542,0.4367146423305696
adam lr=0.0003,155,0.4648101270198822,0.43559846708740146
adam lr=0.0003,156,0.4639877120653788,0.43528603044396835
adam lr=0.0003,157,0.4642691969871521,0.4354011897315551
adam lr=0.0003,158,0.4633323550224304,0.4353028603392789
adam lr=0.0003,159,0.4652060886224111,0.43405009041628756
adam lr=0.0003,160,0.463660063346227,0.43458350528833734
adam lr=0.0003,161,0.4636117100715637,0.4335823169541282
adam lr=0.0003,162,0.464846666653951,0.43409960439290524
adam lr=0.0003,163,0.4626057823499044,0.43351360641008285
adam lr=0.0003,164,0.4634242514769236,0.43281849423139196
adam lr=0.0003,165,0.4633666733900706,0.43262414731554893
adam lr=0.0003,166,0.46178505023320515,0.4326348579653821
adam lr=0.0003,167,0.46254416505495705,0.4321480826774098
adam lr=0.0003,168,0.4620077391465505,0.43142023452273
adam lr=0.0003,169,0.4623845358689626,0.43165997569666825
adam lr=0.0003,170,0.46392683386802674,0.43110184380608557
adam lr=0.0003,171,0.4609168214457376,0.4311045948649615
adam lr=0.0003,172,0.461225797023092,0.43080885581005796
adam lr=0.0003,173,0.46123309433460236,0.43055004112010303
adam lr=0.0003,174,0.46311694596494946,0.4298595032602762
adam lr=0.0003,175,0.4617514652865274,0.43032016047237315
adam lr=0.0003,176,0.45969167564596447,0.42989856084141703
adam lr=0.0003,177,0.4617781255926405,0.42903607197625687
adam lr=0.0003,178,0.4606067112513951,0.42898070737298893
adam lr=0.0003,179,0.4608640287603651,0.42880624626760655
adam lr=0.0003,180,0.4613692377294813,0.4288244072259427
adam lr=0.0003,181,0.4611949792930058,0.4287153159080265
adam lr=0.0003,182,0.46095026816640583,0.4275976618208805
adam lr=0.0003,183,0.4589935370853969,0.4276186253490409
adam lr=0.0003,184,0.4588254988193512,0.4268596930439981
adam lr=0.0003,185,0.459091733608927,0.4271311996953581
adam lr=0.0003,186,0.45994857379368376,0.4264970057968762
adam lr=0.0003,187,0.4604679260935102,0.426545611866095
adam lr=0.0003,188,0.4594741463661194,0.42666869649073347
adam lr=0.0003,189,0.4586618500096457,0.42598554529329846
adam lr=0.0003,190,0.45989025703498293,0.4257691617122764
adam lr=0.0003,191,0.45790248257773264,0.42563390849295507
adam lr=0.0003,192,0.46048417900289806,0.42553867083366737
adam lr=0.0003,193,0.45791793295315336,0.42514921821250246
adam lr=0.0003,194,0.4591274176325117,0.42481150988256694
adam lr=0.0003,195,0.45948874737535206,0.4242480980016013
adam lr=0.0003,196,0.45783826283046175,0.4247547530031505
adam lr=0.0003,197,0.4592957964965275,0.42372764083413
adam lr=0.0003,198,0.45765164281640736,0.4243254022577834
adam lr=0.0003,199,0.4593033960887364,0.4236540361820928
adam lr=0.0003,200,0.45808568809713635,0.42339960390460274
adam lr=0.0003,201,0.45863824657031466,0.423674174712037
adam lr=0.0003,202,0.4573727015938078,0.4230627465118842
adam lr=0.0003,203,0.45916445766176495,0.42238537912387164
adam lr=0.0003,204,0.4572008486304964,0.4231620188038229
adam lr=0.0003,205,0.45718251168727875,0.42194989517120046
adam lr=0.0003,206,0.4571935938937323,0.42179935697132515
adam lr=0.0003,207,0.4556700033800943,0.421723164682581
adam lr=0.0003,208,0.457023024559021,0.4213552791981464
adam lr=0.0003,209,0.4564069317919867,0.4212413177837569
adam lr=0.0003,210,0.4565774181059429,0.4212596499203976
adam lr=0.0003,211,0.4566841019051416,0.4205837393585422
adam lr=0.0003,212,0.4576563047511237,0.42124810684290337
adam lr=0.0003,213,0.4566202142408916,0.4208312142217569
adam lr=0.0003,214,0.45624398972306934,0.42043857413165325
adam lr=0.0003,215,0.4553396243315477,0.41977862024233686
adam lr=0.0003,216,0.45686254593042225,0.4190696653183752
adam lr=0.0003,217,0.4554879298576942,0.42021065998076196
adam lr=0.0003,218,0.4559777081012726,0.4189816567509696
adam lr=0.0003,219,0.4568882951369652,0.4189503146001667
adam lr=0.0003,220,0.45726200479727525,0.41852347006201807
adam lr=0.0003,221,0.45631033182144165,0.4189521155967017
adam lr=0.0003,222,0.45590189557809097,0.4182071447723805
adam lr=0.0003,223,0.45532854474507845,0.41888490218045893
adam lr=0.0003,224,0.45585205463262707,0.4177914149515578
adam lr=0.0003,225,0.4548494999225323,0.41773588563887587
adam lr=0.0003,226,0.45643985959199757,0.41774844610017847
adam lr=0.0003,227,0.45616010824839276,0.416914539644158
adam lr=0.0003,228,0.4572615996003151,0.41694905635584917
adam lr=0.0003,229,0.45516225943962735,0.4168114122835436
adam lr=0.0003,230,0.45543983081976575,0.4159992048941255
adam lr=0.0003,231,0.45518239835898083,0.41655014510104144
adam lr=0.0003,232,0.45742983371019363,0.4172546497564331
adam lr=0.0003,233,0.4554908817464655,0.41629943881992176
adam lr=0.0003,234,0.4594401031732559,0.4148671683956958
adam lr=0.0003,235,0.45842404663562775,0.41550064730096
adam lr=0.0003,236,0.4606934905052185,0.41512154237410337
adam lr=0.0003,237,0.46121231383747524,0.41491722522761837
adam lr=0.0003,238,0.4604344831572639,0.41466147593790337
adam lr=0.0003,239,0.4581690662437015,0.4147488945149379
adam lr=0.0003,240,0.45867643422550625,0.4146031936630101
adam lr=0.0003,241,0.4600929783450233,0.41388719241189814
adam lr=0.0003,242,0.4606774085097843,0.41350536186449166
adam lr=0.0003,243,0.4598862826824188,0.4137394224103883
adam lr=0.0003,244,0.45889530579249066,0.4135419347620041
adam lr=0.0003,245,0.4580853150950538,0.4134361511500337
adam lr=0.0003,246,0.4608110785484314,0.41252677193678633
adam lr=0.0003,247,0.4606204032897949,0.41227392728583057
adam lr=0.0003,248,0.4603944309055805,0.4119652410584326
adam lr=0.0003,249,0.4613608047366142,0.4120040542568103
adam lr=0.0003,250,0.461428627371788,0.41248278658827675
adam lr=0.0003,251,0.4597156010568142,0.41132575561954177
adam lr=0.0003,252,0.4596669338643551,0.4112103484152814
adam lr=0.0003,253,0.4628305174410343,0.41213957333555706
adam lr=0.0003,254,0.4611668959259987,0.4118424281772525
adam lr=0.0003,255,0.458379864692688,0.41155852773790647
adam lr=0.0003,256,0.46018968150019646,0.4108593170424936
adam lr=0.0003,257,0.45797867700457573,0.4105777859933474
adam lr=0.0003,258,0.45772676169872284,0.40986543882882415
adam lr=0.0003,259,0.4606080390512943,0.4100672068644291
adam lr=0.0003,260,0.4602043405175209,0.4109259282176409
adam lr=0.0003,261,0.4593481756746769,0.41060043299752724
adam lr=0.0003,262,0.45929426327347755,0.40988715671233844
adam lr=0.0003,263,0.46058180183172226,0.4105419567051869
adam lr=0.0003,264,0.45758186280727386,0.4091339395102709
adam lr=0.0003,265,0.45759425684809685,0.4091022499394939
adam lr=0.0003,266,0.458096731454134,0.4085123013170039
adam lr=0.0003,267,0.46076788008213043,0.40858689249749064
adam lr=0.0003,268,0.45851510763168335,0.4081625478992933
adam lr=0.0003,269,0.45707251504063606,0.4084094935329319
adam lr=0.0003,270,0.4602498449385166,0.40749558697616917
adam lr=0.0003,271,0.4580517001450062,0.408745629930838
adam lr=0.0003,272,0.46232016384601593,0.40799019359689276
adam lr=0.0003,273,0.45913194492459297,0.40856165045629456
adam lr=0.0003,274,0.45809323340654373,0.4075606838937614
adam lr=0.0003,275,0.45694039123398916,0.40737744558201955
adam lr=0.0003,276,0.45856478810310364,0.4073713068179504
adam lr=0.0003,277,0.4578860302766164,0.4075591776794579
adam lr=0.0003,278,0.4585788945357005,0.4068246286623261
adam lr=0.0003,279,0.458564688762029,0.40776505238287397
adam lr=0.0003,280,0.456424484650294,0.40742960343147816
adam lr=0.0003,281,0.46210619310537976,0.406524585061623
adam lr=0.0003,282,0.4556031823158264,0.40888609697462924
adam lr=0.0003,283,0.4552853763103485,0.40787621300482096
adam lr=0.0003,284,0.4551137924194336,0.40696355991651456
adam lr=0.0003,285,0.45390735268592836,0.40680186435623744
adam lr=0.0003,286,0.45433893203735354,0.40727314139457216
adam lr=0.0003,287,0.45516614317893983,0.40686204610228616
adam lr=0.0003,288,0.45488054752349855,0.40595597795183525
adam lr=0.0003,289,0.4558655142784119,0.40640944213279273
adam lr=0.0003,290,0.45209136605262756,0.405638923648875
adam lr=0.0003,291,0.4552747458219528,0.405701539751092
adam lr=0.0003,292,0.4553236663341522,0.40531118065788796
adam lr=0.0003,293,0.45195388048887253,0.40537093241827676
adam lr=0.0003,294,0.45393217355012894,0.40529132329813217
adam lr=0.0003,295,0.451135516166687,0.40524783007003623
adam lr=0.0003,296,0.451604925096035,0.4045957868845752
adam lr=0.0003,297,0.4523736760020256,0.4049087969879087
adam lr=0.0003,298,0.45456618070602417,0.40477640635591156
adam lr=0.0003,299,0.45354413241147995,0.40427894506495043
adam lr=0.0003,300,0.4517000839114189,0.4046053518357126
adam lr=0.0003,301,0.45081982016563416,0.40507984115691187
adam lr=0.0003,302,0.4548690716425578,0.4068977837550838
adam lr=0.0003,303,0.44825276732444763,0.4048510272591575
adam lr=0.0003,304,0.4485333065191905,0.4044924901947698
adam lr=0.0003,305,0.4496398667494456,0.40550846385763356
adam lr=0.0003,306,0.45234063267707825,0.4045557474275676
adam lr=0.0003,307,0.4511885742346446,0.4062156157045463
adam lr=0.0003,308,0.4523015121618907,0.40406440514186137
adam lr=0.0003,309,0.4513169427712758,0.40507684527279214
adam lr=0.0003,310,0.4522930185000102,0.40404188920205525
adam lr=0.0003,311,0.4507025082906087,0.4041982356955823
adam lr=0.0003,312,0.44901043176651,0.40297892766030685
adam lr=0.0003,313,0.44982749223709106,0.4030368073504082
adam lr=0.0003,314,0.4496653576691945,0.4028006360522139
adam lr=0.0003,315,0.4480591416358948,0.4027201110422525
adam lr=0.0003,316,0.44904135664304096,0.40244210191430135
adam lr=0.0003,317,0.4488138258457184,0.40313297278897187
adam lr=0.0003,318,0.44833166400591534,0.40281659318387647
adam lr=0.0003,319,0.4575272003809611,0.4033422529727196
adam lr=0.0003,320,0.44967084129651386,0.4033277446769909
adam lr=0.0003,321,0.4484201769034068,0.4027470678995361
adam lr=0.0003,322,0.44872809449831647,0.40179435467648567
adam lr=0.0003,323,0.4507596393426259,0.401442928960596
adam lr=0.0003,324,0.44894203543663025,0.4012693840625275
adam lr=0.0003,325,0.4469188352425893,0.401618487324441
adam lr=0.0003,326,0.45447516441345215,0.40101104088615225
adam lr=0.0003,327,0.45095861951510113,0.4016995129477501
adam lr=0.0003,328,0.44903462131818134,0.4017636125931741
adam lr=0.0003,329,0.44942691922187805,0.4010065699159819
adam lr=0.0003,330,0.4491824408372243,0.4004627044505699
adam lr=0.0003,331,0.4495109021663666,0.4013419707277641
adam lr=0.0003,332,0.44900671641031903,0.4005886545482518
adam lr=0.0003,333,0.45746904611587524,0.40023293135741733
adam lr=0.0003,334,0.44817571838696796,0.40283962910176135
adam lr=0.0003,335,0.4513348539670308,0.3997041134948888
adam lr=0.0003,336,0.45264389117558795,0.3997368984066814
adam lr=0.0003,337,0.4464002350966136,0.40059826595688697
adam lr=0.0003,338,0.44798163572947186,0.4000747373649833
adam lr=0.0003,339,0.4488948384920756,0.3993298944654655
adam lr=0.0003,340,0.44687031706174213,0.3989684480534799
adam lr=0.0003,341,0.44749436775843304,0.3995770644094356
adam lr=0.0003,342,0.44870007038116455,0.3994767215168638
adam lr=0.0003,343,0.4496388832728068,0.398927107897274
adam lr=0.0003,344,0.4487341642379761,0.39941257615667863
adam lr=0.0003,345,0.44616952538490295,0.3973719817334624
adam lr=0.0003,346,0.4488201141357422,0.3981503698311601
adam lr=0.0003,347,0.446949303150177,0.3984049540345629
adam lr=0.0003,348,0.4476805329322815,0.39786022120919656
adam lr=0.0003,349,0.44697268803914386,0.3979452988626278
adam lr=0.0003,350,0.44685404499371845,0.398164198291922
adam lr=0.0003,351,0.4544018805027008,0.39742900464578074
adam lr=0.0003,352,0.44917065898577374,0.39830317022818873
adam lr=0.0003,353,0.449840247631073,0.39736400972898495
adam lr=0.0003,354,0.4489667018254598,0.396908160179069
adam lr=0.0003,355,0.44769590099652606,0.3971851066317931
adam lr=0.0003,356,0.45000190536181134,0.39739870336155053
adam lr=0.0003,357,0.4460678497950236,0.3970799020009778
adam lr=0.0003,358,0.4469436506430308,0.39626536136138246
adam lr=0.0003,359,0.4508504569530487,0.3964780865994841
adam lr=0.0003,360,0.44775864481925964,0.3973483844499553
adam lr=0.0003,361,0.4477490882078807,0.3962886673875475
adam lr=0.0003,362,0.4490279157956441,0.3983295213337377
adam lr=0.0003,363,0.445950706799825,0.39630225990855533
adam lr=0.0003,364,0.4477034608523051,0.39581586608098446
adam lr=0.0003,365,0.4472828308741252,0.3953319323214608
adam lr=0.0003,366,0.4500624438126882,0.3955382451942839
adam lr=0.0003,367,0.4461928109327952,0.3964542028229238
adam lr=0.0003,368,0.45709599554538727,0.3938201849471604
adam lr=0.0003,369,0.45603227615356445,0.39443675067531125
adam lr=0.0003,370,0.4585663676261902,0.3950520855736599
adam lr=0.0003,371,0.4548474997282028,0.3942262578608392
adam lr=0.0003,372,0.45556703209877014,0.39449294425950887
adam lr=0.0003,373,0.45577429234981537,0.3944140866597462
adam lr=0.0003,374,0.45587998628616333,0.39362620432956874
adam lr=0.0003,375,0.456758514046669,0.39420128428048307
adam lr=0.0003,376,0.45755788683891296,0.3941149288306357
adam lr=0.0003,377,0.4551690071821213,0.3953832780189005
adam lr=0.0003,378,0.46071045100688934,0.3934261024191034
adam lr=0.0003,379,0.45679304003715515,0.3941947485338563
adam lr=0.0003,380,0.4554460346698761,0.3932001193621101
adam lr=0.0003,381,0.45483972132205963,0.39291477090996263
adam lr=0.0003,382,0.45814356207847595,0.3931733091951235
adam lr=0.0003,383,0.4563926160335541,0.3933219203446729
adam lr=0.0003,384,0.4544617086648941,0.393024907729138
adam lr=0.0003,385,0.45611926913261414,0.39336176795745825
adam lr=0.0003,386,0.45660416781902313,0.39177600187444533
adam lr=0.0003,387,0.453437477350235,0.39256268596119276
adam lr=0.0003,388,0.45548734068870544,0.39187653713034676
adam lr=0.0003,389,0.45627743005752563,0.39238259618620097
adam lr=0.0003,390,0.4568881541490555,0.3931035266199858
adam lr=0.0003,391,0.4572228342294693,0.3918601758116905
adam lr=0.0003,392,0.4524589031934738,0.39152883808277306
adam lr=0.0003,393,0.4556210935115814,0.3915794118327881
adam lr=0.0003,394,0.45656709372997284,0.39241441121972714
adam lr=0.0003,395,0.45744407176971436,0.3916765133554725
adam lr=0.0003,396,0.4577569365501404,0.3948134084076331
adam lr=0.0003,397,0.4544350206851959,0.39097795496229926
adam lr=0.0003,398,0.4599553495645523,0.3905287809553014
adam lr=0.0003,399,0.4553162157535553,0.3914957800041833
adam lr=0.0003,400,0.45323169231414795,0.3918236825117659
adam lr=0.0003,401,0.45422719419002533,0.3912797081935497
adam lr=0.0003,402,0.4542725533246994,0.38997452451613945
adam lr=0.0003,403,0.4536091238260269,0.39052526687253597
adam lr=0.0003,404,0.4583522528409958,0.3896388023682664
adam lr=0.0003,405,0.45513375103473663,0.39107719247128825
adam lr=0.0003,406,0.45742036402225494,0.3892151952575056
adam lr=0.0003,407,0.4537356048822403,0.389103536350598
adam lr=0.0003,408,0.4542780965566635,0.3886726413665909
adam lr=0.0003,409,0.45358358323574066,0.3899268743058922
adam lr=0.0003,410,0.45328637957572937,0.3891493916697256
adam lr=0.0003,411,0.4608490765094757,0.38861747325486995
adam lr=0.0003,412,0.4525751620531082,0.3900842434886296
adam lr=0.0003,413,0.4643966555595398,0.3885645591997335
adam lr=0.0003,414,0.4630385935306549,0.389240978171211
adam lr=0.0003,415,0.4611872732639313,0.3900443176944107
adam lr=0.0003,416,0.4606289565563202,0.38918542285380964
adam lr=0.0003,417,0.46068087220191956,0.38874852501159773
adam lr=0.0003,418,0.4623398780822754,0.3899282077429488
adam lr=0.0003,419,0.4659559726715088,0.389827552085853
adam lr=0.001,1,0.6590418497721354,0.8451252696252773
adam lr=0.001,2,0.6213791489601135,0.6448196624174242
adam lr=0.001,3,0.6006319801012675,0.6143072503479483
adam lr=0.001,4,0.5868278781572978,0.5961859748955044
adam lr=0.001,5,0.5826085289319356,0.5808059333829866
adam lr=0.001,6,0.5668593684832255,0.5692208320958757
adam lr=0.001,7,0.5565183281898498,0.5587145118549788
adam lr=0.001,8,0.5479740222295125,0.5502978958665349
adam lr=0.001,9,0.5418257435162862,0.5425537642409569
adam lr=0.001,10,0.5403320630391438,0.5361056234948419
adam lr=0.001,11,0.528037432829539,0.5297601801947369
adam lr=0.001,12,0.5323646903038025,0.5233555858257501
adam lr=0.001,13,0.5225882828235626,0.5205232983976325
adam lr=0.001,14,0.5160315314928691,0.5144559048327592
adam lr=0.001,15,0.5165598928928375,0.510257562251525
adam lr=0.001,16,0.5129734357198079,0.5068271576380272
adam lr=0.001,17,0.507298062245051,0.5032029309819601
adam lr=0.001,18,0.5057729701201121,0.49944668384577684
adam lr=0.001,19,0.5089696069558461,0.4962197636046984
adam lr=0.001,20,0.49905530412991844,0.49383529545154753
adam lr=0.001,21,0.4974769632021586,0.49063205215596545
adam lr=0.001,22,0.49915425578753153,0.48762815026649403
adam lr=0.001,23,0.4953046639760335,0.48634817899476346
adam lr=0.001,24,0.4934930086135864,0.48292563036681696
adam lr=0.001,25,0.4979167679945628,0.4799009005778788
adam lr=0.001,26,0.49237380623817445,0.48009654275749925
adam lr=0.001,27,0.486819718281428,0.4778061149677086
adam lr=0.001,28,0.4941733856995901,0.47458759588423655
adam lr=0.001,29,0.4867320696512858,0.4739210833195229
adam lr=0.001,30,0.48711955547332764,0.47025612530962585
adam lr=0.001,31,0.48422329823176063,0.4689878608995294
adam lr=0.001,32,0.4873526314894358,0.46819104153548996
adam lr=0.001,33,0.48545523881912234,0.46654294272484825
adam lr=0.001,34,0.4851496577262878,0.4641524552592898
adam lr=0.001,35,0.48074079553286236,0.4642054523983031
adam lr=0.001,36,0.47921389738718667,0.46126161535750215
adam lr=0.001,37,0.4770634353160858,0.4605337880629982
adam lr=0.001,38,0.4803276777267456,0.45873707179750517
adam lr=0.001,39,0.4743603189786275,0.4568923127697919
adam lr=0.001,40,0.48079577485720315,0.4555012186300914
adam lr=0.001,41,0.47514724334081015,0.456729791818598
adam lr=0.001,42,0.474531360467275,0.4536876253150332
adam lr=0.001,43,0.47463513414065045,0.45335866983578627
adam lr=0.001,44,0.47432013154029845,0.45129528572082844
adam lr=0.001,45,0.4729452033837636,0.45177238921278956
adam lr=0.001,46,0.47244975368181863,0.44888620982287714
adam lr=0.001,47,0.4746963342030843,0.4478311018505454
adam lr=0.001,48,0.4720000445842743,0.44789664966706955
adam lr=0.001,49,0.47139228582382203,0.4450886225513717
adam lr=0.001,50,0.46863941550254823,0.44410269212871356
adam lr=0.001,51,0.4697611351807912,0.4436577439638076
adam lr=0.001,52,0.46842344999313357,0.4448358904712472
adam lr=0.001,53,0.4668153802553813,0.44237970187674314
adam lr=0.001,54,0.4683757225672404,0.440023088208356
adam lr=0.001,55,0.4694418549537659,0.43923929354774377
adam lr=0.001,56,0.47113226850827533,0.43955522421910537
adam lr=0.001,57,0.4660528481006622,0.43823092902909727
adam lr=0.001,58,0.4679380456606547,0.4367177778068836
adam lr=0.001,59,0.46522229313850405,0.43660172081219967
adam lr=0.001,60,0.4662653466065725,0.43610727147808903
adam lr=0.001,61,0.4651611904303233,0.43449788086616076
adam lr=0.001,62,0.46479208072026573,0.4336187137656351
adam lr=0.001,63,0.4665203015009562,0.43246243116870103
adam lr=0.001,64,0.4693791389465332,0.432469916514991
adam lr=0.001,65,0.4623320996761322,0.4328694461027508
adam lr=0.001,66,0.45674466093381244,0.4309056034010493
adam lr=0.001,67,0.46156664689381915,0.428938844102641
adam lr=0.001,68,0.46112024784088135,0.42889299036696016
adam lr=0.001,69,0.4577513039112091,0.42845224785076286
adam lr=0.001,70,0.45680845975875856,0.42647732282141887
adam lr=0.001,71,0.45851460099220276,0.42705346343589773
adam lr=0.001,72,0.45701179703076683,0.4257455100763926
adam lr=0.001,73,0.45942293802897133,0.42529124254343403
adam lr=0.001,74,0.4595602889855703,0.42497771916718186
adam lr=0.001,75,0.46068944931030276,0.42432188370727236
adam lr=0.001,76,0.4579193691412608,0.4240266625897683
adam lr=0.001,77,0.46369667251904806,0.42376280405068706
adam lr=0.001,78,0.45762239694595336,0.42353300118839887
adam lr=0.001,79,0.4600248177846273,0.42128458733018703
adam lr=0.001,80,0.46192412575085956,0.42210675014439514
adam lr=0.001,81,0.45796746412913003,0.42145368732933786
adam lr=0.001,82,0.45662431319554647,0.4199509600462111
adam lr=0.001,83,0.45901132623354596,0.4192706102599999
adam lr=0.001,84,0.4554875950018565,0.41958199098593796
adam lr=0.001,85,0.45577831466992696,0.41818212537751587
adam lr=0.001,86,0.45498401920000714,0.4179778836157197
adam lr=0.001,87,0.4533084313074748,0.4175634093494276
adam lr=0.001,88,0.4583747386932373,0.41607363639350775
adam lr=0.001,89,0.4541051208972931,0.4153008709328105
adam lr=0.001,90,0.45306459863980614,0.4149752821174497
adam lr=0.001,91,0.45557832916577656,0.4147472580491796
adam lr=0.001,92,0.45355172753334044,0.41437429799402836
adam lr=0.001,93,0.4548337558905284,0.414072328157311
adam lr=0.001,94,0.45666086276372275,0.4140249729489342
adam lr=0.001,95,0.4516733467578888,0.41192632895009557
adam lr=0.001,96,0.4645021220048269,0.4108442220884777
adam lr=0.001,97,0.4548088212807973,0.4128363925745496
adam lr=0.001,98,0.45117506583531697,0.4113586215223544
adam lr=0.001,99,0.4527390162150065,0.41028815338577185
adam lr=0.001,100,0.4507625301678975,0.41067266540794284
adam lr=0.001,101,0.4519192695617676,0.4085156080746694
adam lr=0.001,102,0.4535170356432597,0.40951419152051627
adam lr=0.001,103,0.4488739351431529,0.4083302173320859
adam lr=0.001,104,0.45367032488187153,0.40758227596819024
adam lr=0.001,105,0.45080434481302895,0.40734534703083625
adam lr=0.001,106,0.44982732137044273,0.4072652963211016
adam lr=0.001,107,0.45402805407842,0.4066648830304825
adam lr=0.001,108,0.45049235423405964,0.4064561329536536
adam lr=0.001,109,0.45024129152297976,0.40515773637565405
adam lr=0.001,110,0.45000360409418744,0.40627426404909245
adam lr=0.001,111,0.4562460442384084,0.4052252458255324
adam lr=0.001,112,0.4494710942109426,0.40579069584959926
adam lr=0.001,113,0.45271897528852734,0.40492635928568343
adam lr=0.001,114,0.4572959861585072,0.40390649644741317
adam lr=0.001,115,0.4496000451701028,0.4040360200581052
adam lr=0.001,116,0.45800694610391346,0.40236250757722736
adam lr=0.001,117,0.4526652821472713,0.402237920451146
adam lr=0.001,118,0.45024754319872173,0.40170849260535907
adam lr=0.001,119,0.4492384195327759,0.4031957633731281
adam lr=0.001,120,0.44804643667661226,0.4016024206969134
adam lr=0.001,121,0.4480957022080055,0.3993474976347789
adam lr=0.001,122,0.45398281858517575,0.3996101854353142
adam lr=0.001,123,0.4468091909702008,0.4000239844502077
adam lr=0.001,124,0.44933254902179426,0.3985879053323257
adam lr=0.001,125,0.448507166825808,0.3985764918516503
adam lr=0.001,126,0.4458019206157097,0.3979624675243577
adam lr=0.001,127,0.4458906329595126,0.397216612056558
adam lr=0.001,128,0.44904996110842776,0.3975641873546722
adam lr=0.001,129,0.44919792505411,0.3972001552600594
adam lr=0.001,130,0.4449262825342325,0.3972201953406466
adam lr=0.001,131,0.45061159133911133,0.39692158332849065
adam lr=0.001,132,0.44599825602311355,0.39762094227717026
adam lr=0.001,133,0.44600531688103306,0.395028998147469
adam lr=0.001,134,0.44852458055202776,0.39548159374041786
adam lr=0.001,135,0.44550177913445693,0.39557016337332934
adam lr=0.001,136,0.44565661824666536,0.3929479817219509
adam lr=0.001,137,0.44983033262766325,0.3944926504792022
adam lr=0.001,138,0.4510438044865926,0.39404611756301194
adam lr=0.001,139,0.44576625774304074,0.3942712706962259
adam lr=0.001,140,0.452363761762778,0.3935220102058112
adam lr=0.001,141,0.4462992772459984,0.3945119060899798
adam lr=0.001,142,0.4441126162807147,0.39108532126101064
adam lr=0.001,143,0.44864749095656653,0.39063705923992464
adam lr=0.001,144,0.44741340658881446,0.3906817987103976
adam lr=0.001,145,0.4480365135452964,0.3900559977009745
adam lr=0.001,146,0.4454340690916235,0.3894030995166293
adam lr=0.001,147,0.44518275558948517,0.3910989822029193
adam lr=0.001,148,0.4432645708322525,0.39046503802532373
adam lr=0.001,149,0.44322284162044523,0.38977630901592447
adam lr=0.001,150,0.44673824972576565,0.3904386690142454
adam lr=0.001,151,0.4478931824366252,0.39172877642637366
adam lr=0.001,152,0.44166648719045853,0.38977360717462023
adam lr=0.001,153,0.457860744661755,0.38888943179069585
adam lr=0.001,154,0.4431595057249069,0.3923551045758421
adam lr=0.001,155,0.4424973241984844,0.38793884123761996
adam lr=0.001,156,0.4417821653187275,0.3867911753869375
adam lr=0.001,157,0.4573799632489681,0.38799509614320493
adam lr=0.001,158,0.4473957493901253,0.38940752349550595
adam lr=0.001,159,0.4470406584441662,0.3873098506493403
adam lr=0.001,160,0.448006771504879,0.38824366007334915
adam lr=0.001,161,0.4476909190416336,0.38720796700247284
adam lr=0.001,162,0.4472045339643955,0.3855905454039252
adam lr=0.001,163,0.44633391073771883,0.38612620968704825
adam lr=0.001,164,0.45445098195757183,0.3844746120506554
adam lr=0.001,165,0.4403871170112065,0.38475515040405694
adam lr=0.001,166,0.4450556550707136,0.3831146666294507
adam lr=0.001,167,0.4425380329291026,0.38421948027854175
adam lr=0.001,168,0.45470428466796875,0.3819849855343871
adam lr=0.001,169,0.4411416898171107,0.38450495739881324
adam lr=0.001,170,0.4418692886829376,0.3825982297315658
adam lr=0.001,171,0.4468470166126887,0.38442997966866893
adam lr=0.001,172,0.4445592761039734,0.3836662434534209
adam lr=0.001,173,0.4420984188715617,0.3837503355044147
adam lr=0.001,174,0.45762258768081665,0.38075813519650165
adam lr=0.001,175,0.44130050639311474,0.3843826826507351
adam lr=0.001,176,0.4428206533193588,0.38098326079375594
adam lr=0.001,177,0.4452522148688634,0.3803124158913515
adam lr=0.001,178,0.44957955678304035,0.38098030406382716
adam lr=0.001,179,0.45759617288907367,0.38007224276076107
adam lr=0.001,180,0.44441600640614826,0.3819437232426354
adam lr=0.001,181,0.4397723823785782,0.3805412850782872
adam lr=0.001,182,0.4401368747154872,0.3787578101806958
adam lr=0.001,183,0.43698641657829285,0.37799090221933684
adam lr=0.001,184,0.44076867898305255,0.37857626824854035
adam lr=0.001,185,0.44623859723409015,0.37791895769576267
adam lr=0.001,186,0.44170689086119336,0.3792418890291638
adam lr=0.001,187,0.43962736129760743,0.37807758365570204
adam lr=0.001,188,0.44473642110824585,0.3802019160438658
adam lr=0.001,189,0.44819615483284,0.3777097801545718
adam lr=0.001,190,0.441652375459671,0.37779293375017325
adam lr=0.001,191,0.44497438073158263,0.3768424318936887
adam lr=0.001,192,0.4412785232067108,0.3800217025109512
adam lr=0.001,193,0.4424471616744995,0.37548652734418503
adam lr=0.001,194,0.4404349088668823,0.3770896398589524
adam lr=0.001,195,0.4528702080249786,0.3739274031938491
adam lr=0.001,196,0.4414833664894104,0.3784917229403172
adam lr=0.001,197,0.44726417064666746,0.3747473679335418
adam lr=0.001,198,0.43803417682647705,0.37635945138461474
adam lr=0.001,199,0.4426144063472748,0.3758522385150521
adam lr=0.001,200,0.4397918939590454,0.3747045034328601
adam lr=0.001,201,0.4399725914001465,0.37333288238109585
adam lr=0.001,202,0.44296230673789977,0.3733507735837641
adam lr=0.001,203,0.43805812299251556,0.37414130077255003
adam lr=0.001,204,0.43843501806259155,0.37443578489747176
adam lr=0.001,205,0.43988849967718124,0.37281268215430047
adam lr=0.001,206,0.4340860843658447,0.37390281261806135
adam lr=0.001,207,0.4317823126912117,0.37191993241529175
adam lr=0.001,208,0.43787384778261185,0.3717238066373135
adam lr=0.001,209,0.4362947344779968,0.373217202768281
adam lr=0.001,210,0.4375555217266083,0.3732980812125515
adam lr=0.001,211,0.4358421340584755,0.3711092522197542
adam lr=0.001,212,0.4495929256081581,0.37585704407512255
adam lr=0.001,213,0.4362238794565201,0.37306687800987876
adam lr=0.001,214,0.43778660148382187,0.3719927853581196
adam lr=0.001,215,0.43793267756700516,0.3712918783870181
adam lr=0.001,216,0.43931154906749725,0.3704363988333201
adam lr=0.001,217,0.43394700686136883,0.3717065453435322
adam lr=0.001,218,0.43027589718500775,0.36863043508491794
adam lr=0.001,219,0.4357622563838959,0.36904598111551484
adam lr=0.001,220,0.4438242514928182,0.3677678818781813
adam lr=0.001,221,0.4383445382118225,0.3704743952233775
adam lr=0.001,222,0.44028522570927936,0.36870321964357783
adam lr=0.001,223,0.42316728830337524,0.3655937177199543
adam lr=0.001,224,0.42035403847694397,0.3654339665741991
adam lr=0.001,225,0.4337782561779022,0.3652717801858698
adam lr=0.001,226,0.42482538521289825,0.36499547998104187
adam lr=0.001,227,0.43408970534801483,0.3657620248351788
adam lr=0.001,228,0.4393075406551361,0.3598114784239519
adam lr=0.001,229,0.4329507350921631,0.36214974856653115
adam lr=0.001,230,0.4344298243522644,0.3603766720015854
adam lr=0.001,231,0.43231356143951416,0.35860818279854945
adam lr=0.001,232,0.4389726519584656,0.36241073748441377
adam lr=0.001,233,0.42567309737205505,0.360972118418121
adam lr=0.001,234,0.42737430334091187,0.35886872129983083
adam lr=0.001,235,0.4251503646373749,0.35949352282877645
adam lr=0.001,236,0.4326086938381195,0.35918423310574593
adam lr=0.001,237,0.4444267451763153,0.36231585749130174
adam lr=0.001,238,0.42794644832611084,0.3673268743608712
adam lr=0.001,239,0.43700647354125977,0.3573168699899297
adam lr=0.001,240,0.43028342723846436,0.359749096074371
adam lr=0.001,241,0.4214649498462677,0.3588949074194222
adam lr=0.001,242,0.42279407382011414,0.3547744225786153
adam lr=0.001,243,0.4337233006954193,0.3629490168226097
adam lr=0.001,244,0.428679883480072,0.35867467387209484
adam lr=0.001,245,0.42888343334198,0.3579640595261923
adam lr=0.001,246,0.43299412727355957,0.35992104031361266
adam lr=0.001,247,0.42724141478538513,0.35625906504553706
adam lr=0.001,248,0.44275739789009094,0.3576157864800592
adam lr=0.001,249,0.4240162670612335,0.3572376425911164
adam lr=0.001,250,0.4216912090778351,0.35514534204796283
adam lr=0.001,251,0.4371185898780823,0.35363625077557337
adam lr=0.001,252,0.41899996995925903,0.3618205483190888
adam lr=0.001,253,0.45776116847991943,0.35319144584087486
adam lr=0.001,254,0.42503997683525085,0.35902617452008645
adam lr=0.001,255,0.4257301688194275,0.35486353966371115
adam lr=0.001,256,0.4260997772216797,0.3523230349743903
adam lr=0.001,257,0.42068925499916077,0.3534434436905447
adam lr=0.001,258,0.4280070960521698,0.35278173331592966
adam lr=0.001,259,0.4465828537940979,0.35490314456870564
adam lr=0.001,260,0.42573997378349304,0.35796635341637706
adam lr=0.001,261,0.4385835528373718,0.3503019919909447
adam lr=0.001,262,0.4252708852291107,0.3537062458118599
adam lr=0.001,263,0.4389078915119171,0.35718667487659184
adam lr=0.001,264,0.42623648047447205,0.3534105239410905
adam lr=0.001,265,0.42116016149520874,0.35221696155740984
adam lr=0.001,266,0.4294585585594177,0.3514529610650861
adam lr=0.001,267,0.4294629693031311,0.3503401372744814
adam lr=0.001,268,0.4288771450519562,0.35331450691191735
adam lr=0.001,269,0.4249304533004761,0.3568027753568348
adam lr=0.001,270,0.4190252721309662,0.35070599357327836
adam lr=0.001,271,0.4226623475551605,0.3509307733476938
adam lr=0.001,272,0.4310874044895172,0.35317652893219686
adam lr=0.003,1,0.633263353506724,0.7525396767207629
adam lr=0.003,2,0.5980517466862997,0.6104947810166014
adam lr=0.003,3,0.580453610420227,0.5815788040042082
adam lr=0.003,4,0.5549620111783345,0.5613971037318776
adam lr=0.003,5,0.5537525296211243,0.5465992552042478
adam lr=0.003,6,0.5401671051979064,0.535342201789659
adam lr=0.003,7,0.5336398442586263,0.5254239398381626
adam lr=0.003,8,0.5218643585840861,0.5166725929855395
adam lr=0.003,9,0.5254505356152852,0.5077683600673562
adam lr=0.003,10,0.5204799314339955,0.5042772425893781
adam lr=0.003,11,0.5067148347695668,0.49822397792196077
adam lr=0.003,12,0.5140040218830109,0.4927355767065914
adam lr=0.003,13,0.5046676496664683,0.4885866208890953
adam lr=0.003,14,0.49692662556966144,0.4828569452948983
adam lr=0.003,15,0.50245387951533,0.48017023124447444
adam lr=0.003,16,0.498960276444753,0.475899806855896
adam lr=0.003,17,0.4884698232014974,0.4727543906688013
adam lr=0.003,18,0.4895902593930562,0.46783064302781
adam lr=0.003,19,0.4840474943319956,0.46536661519017775
adam lr=0.003,20,0.4780477285385132,0.4625070292112882
adam lr=0.003,21,0.4810972551504771,0.458458169414194
adam lr=0.003,22,0.47909477551778157,0.45587626513704843
adam lr=0.003,23,0.47832096417744957,0.4532419397057612
adam lr=0.003,24,0.4738895336786906,0.4498462080551543
adam lr=0.003,25,0.4806751330693563,0.4476406214612949
adam lr=0.003,26,0.47932817935943606,0.4494856799779381
adam lr=0.003,27,0.46993639270464577,0.4450709596790738
adam lr=0.003,28,0.4755467355251312,0.4420855533430664
adam lr=0.003,29,0.4687209645907084,0.4420168289243399
adam lr=0.003,30,0.46907655795415243,0.43751961580404164
adam lr=0.003,31,0.4693499426047007,0.4362575276998482
adam lr=0.003,32,0.46785422166188556,0.4341896294966814
adam lr=0.003,33,0.46282392342885337,0.4328030875794834
adam lr=0.003,34,0.4686457057793935,0.43030783015959284
adam lr=0.003,35,0.4598827282587687,0.43024197478774084
adam lr=0.003,36,0.46361878712972004,0.42916275953400823
adam lr=0.003,37,0.45715306599934896,0.4289418368796976
adam lr=0.003,38,0.45452388127644855,0.4249372987053474
adam lr=0.003,39,0.45755192041397097,0.42094383560600446
adam lr=0.003,40,0.46847312649091083,0.420952669331457
adam lr=0.003,41,0.4605178157488505,0.42586919270001916
adam lr=0.003,42,0.4577026903629303,0.4198257553593017
adam lr=0.003,43,0.4599932690461477,0.4190749919892379
adam lr=0.003,44,0.46096335649490355,0.41634468263896884
adam lr=0.003,45,0.4569380561510722,0.41838412248592405
adam lr=0.003,46,0.45719940662384034,0.414267890842796
adam lr=0.003,47,0.4610509236653646,0.41197345813975866
adam lr=0.003,48,0.45030688246091205,0.4126919193859747
adam lr=0.003,49,0.452195272843043,0.40827806553346696
adam lr=0.003,50,0.45339020490646365,0.40817522761320596
adam lr=0.003,51,0.456120369831721,0.4093097334455088
adam lr=0.003,52,0.44982577761014303,0.409463169191557
adam lr=0.003,53,0.44690263271331787,0.40567305327113773
adam lr=0.003,54,0.4477158506711324,0.4030284316559167
adam lr=0.003,55,0.4539054413636526,0.40273224696395915
adam lr=0.003,56,0.45115236441294354,0.403522550877881
adam lr=0.003,57,0.44757392605145774,0.4004498808544579
adam lr=0.003,58,0.45307255585988365,0.39874126767018075
adam lr=0.003,59,0.4495069762070974,0.399283040388202
adam lr=0.003,60,0.4460112154483795,0.397938905696734
adam lr=0.003,61,0.44436551729838053,0.3975160702027441
adam lr=0.003,62,0.4465372701485952,0.3962191624640133
adam lr=0.003,63,0.4475682437419891,0.3971694252460577
adam lr=0.003,64,0.4512854238351186,0.3945482175372789
adam lr=0.003,65,0.44626280665397644,0.3942859187453812
adam lr=0.003,66,0.4374015728632609,0.39435815782817163
adam lr=0.003,67,0.4379470388094584,0.39046031478459875
adam lr=0.003,68,0.44072479009628296,0.39121358641200565
adam lr=0.003,69,0.4440576692422231,0.3895989534943032
adam lr=0.003,70,0.4400299151738485,0.38717653983156075
adam lr=0.003,71,0.44001094698905946,0.3886760928986849
adam lr=0.003,72,0.4437485953172048,0.38597339021398985
adam lr=0.003,73,0.44268112182617186,0.38693555684301834
adam lr=0.003,74,0.4417862296104431,0.3859618291892379
adam lr=0.003,75,0.4449653168519338,0.38451628346409605
adam lr=0.003,76,0.44250035285949707,0.3843742212415955
adam lr=0.003,77,0.44503287758146015,0.38406519616795
adam lr=0.003,78,0.4401018576962607,0.3834478679610672
adam lr=0.003,79,0.4462846027953284,0.37972101179161893
adam lr=0.003,80,0.43975827523640226,0.381125004812322
adam lr=0.003,81,0.44131772433008465,0.38095585998680415
adam lr=0.003,82,0.44069215868200573,0.37735825553399555
adam lr=0.003,83,0.4427228386585529,0.37653276864363633
adam lr=0.003,84,0.4422862621454092,0.37635929145022856
adam lr=0.003,85,0.4387944203156691,0.37878377583837247
adam lr=0.003,86,0.43774537169016325,0.3762093576132803
adam lr=0.003,87,0.43655133018126857,0.3747613445530072
adam lr=0.003,88,0.43877186558463355,0.37345124609639146
adam lr=0.003,89,0.43664038777351377,0.37178008426020476
adam lr=0.003,90,0.44055699308713275,0.3702499086787067
adam lr=0.003,91,0.4411798384454515,0.37401745126159286
adam lr=0.003,92,0.4401572532951832,0.369680875129313
adam lr=0.003,93,0.43363111838698387,0.3718760548219869
adam lr=0.003,94,0.4457707554101944,0.36990580214555563
adam lr=0.003,95,0.4391256682574749,0.3705192191795618
adam lr=0.003,96,0.44624460861086845,0.3693562199036831
adam lr=0.003,97,0.4407944194972515,0.36890769509750393
adam lr=0.003,98,0.4366881810128689,0.36710497589176966
adam lr=0.003,99,0.44163957238197327,0.36693809933658056
adam lr=0.003,100,0.43435848504304886,0.3687501850225654
adam lr=0.003,101,0.4323873903070177,0.3652732443746169
adam lr=0.003,102,0.4447821378707886,0.36341883323071666
adam lr=0.003,103,0.4338069260120392,0.3635427064012915
adam lr=0.003,104,0.435208261013031,0.3599030197823359
adam lr=0.003,105,0.43323809653520584,0.3634275486963874
adam lr=0.003,106,0.43183683604002,0.36151539654226117
adam lr=0.003,107,0.4348703473806381,0.3607275948255203
adam lr=0.003,108,0.4323067367076874,0.3621576046962707
adam lr=0.003,109,0.43868260582288104,0.361886761834753
adam lr=0.003,110,0.43291736642519635,0.3568889651301485
adam lr=0.003,111,0.4395662347475688,0.3560403910414138
adam lr=0.003,112,0.43484654029210407,0.35839985575624805
adam lr=0.003,113,0.43235835433006287,0.3593675879999752
adam lr=0.003,114,0.43118521571159363,0.35670094690770865
adam lr=0.003,115,0.4343389868736267,0.35463428736469255
adam lr=0.003,116,0.43312129378318787,0.3569712342575338
adam lr=0.003,117,0.42781182130177814,0.35135561340092974
adam lr=0.003,118,0.42850470542907715,0.352490190294034
adam lr=0.003,119,0.4243619640668233,0.35345554514175265
adam lr=0.003,120,0.4322563906510671,0.35143313954465855
adam lr=0.003,121,0.4338427086671193,0.351607401321367
adam lr=0.003,122,0.4469915529092153,0.3573361352238484
adam lr=0.003,123,0.44691094756126404,0.35690064636339963
adam lr=0.003,124,0.43363938728968304,0.3553752170191998
adam lr=0.003,125,0.42231228947639465,0.3580534672856077
adam lr=0.003,126,0.4191415309906006,0.3515191926342687
adam lr=0.003,127,0.4256197661161423,0.3545707503407594
adam lr=0.003,128,0.4272860288619995,0.345232019009176
adam lr=0.003,129,0.4185861051082611,0.34979085360329787
adam lr=0.003,130,0.40762171149253845,0.3456129993824042
adam lr=0.003,131,0.4020281732082367,0.3469375149161975
adam lr=0.003,132,0.41558322310447693,0.34419122165504046
adam lr=0.003,133,0.40409985184669495,0.34580396964218635
adam lr=0.003,134,0.404549777507782,0.3415869884266409
adam lr=0.003,135,0.40809643268585205,0.34486518382386677
adam lr=0.003,136,0.4105958044528961,0.33847513826283465
adam lr=0.003,137,0.4109325110912323,0.33508682213597296
adam lr=0.003,138,0.4060773253440857,0.3431696010080715
adam lr=0.003,139,0.4076367914676666,0.33589691448646114
adam lr=0.003,140,0.40642642974853516,0.3391034718877069
adam lr=0.003,141,0.4168880581855774,0.3379264857275888
adam lr=0.01,1,0.6355454246203105,0.7389342760024774
adam lr=0.01,2,0.5935787677764892,0.5992973527293707
adam lr=0.01,3,0.573483657836914,0.5709531296536415
adam lr=0.01,4,0.5472839156786601,0.5511274648599466
adam lr=0.01,5,0.5453319092591603,0.5357545355574914
adam lr=0.01,6,0.5352288504441579,0.5262100460538355
adam lr=0.01,7,0.525518665711085,0.5166069424152218
adam lr=0.01,8,0.5081635018189748,0.506255067377089
adam lr=0.01,9,0.5234179973602295,0.4966920635538547
adam lr=0.01,10,0.5224028011163075,0.49430566622332545
adam lr=0.01,11,0.49125933051109316,0.4913218444940629
adam lr=0.01,12,0.5002160867055258,0.47989685804444066
adam lr=0.01,13,0.4856341560681661,0.47477288592551636
adam lr=0.01,14,0.4833917021751404,0.46991394846195056
adam lr=0.01,15,0.48672186533610023,0.46682954076856326
adam lr=0.01,16,0.48941537737846375,0.4623082244685527
adam lr=0.01,17,0.47609909176826476,0.46226978813016456
adam lr=0.01,18,0.4712592860062917,0.4560498171549655
adam lr=0.01,19,0.4716116448243459,0.4532374294048474
adam lr=0.01,20,0.4633394479751587,0.45022399247725875
adam lr=0.01,21,0.4696340024471283,0.4451629877515967
adam lr=0.01,22,0.4640772223472595,0.4421688767906299
adam lr=0.01,23,0.46439568797747294,0.43895992423532604
adam lr=0.01,24,0.46196410854657494,0.43770117054219965
adam lr=0.01,25,0.46623459259668987,0.4328712262982953
adam lr=0.01,26,0.463647848367691,0.43536280084947265
adam lr=0.01,27,0.45262197057406106,0.4329589434180236
adam lr=0.01,28,0.45898271600405377,0.4276744757669748
adam lr=0.01,29,0.4515430390834808,0.42928185235988214
adam lr=0.01,30,0.44776825308799745,0.4231188765211525
adam lr=0.01,31,0.44801168044408163,0.42338355970611197
adam lr=0.01,32,0.452419376373291,0.4199160426735192
adam lr=0.01,33,0.44908164540926615,0.4175749897746835
adam lr=0.01,34,0.4478459139664968,0.41388729616256353
adam lr=0.01,35,0.4480731964111328,0.4147578061914492
adam lr=0.01,36,0.4528951525688171,0.4147654790076765
adam lr=0.01,37,0.4449347138404846,0.41269319528051507
adam lr=0.01,38,0.44261876940727235,0.4068287270388121
adam lr=0.01,39,0.4422305146853129,0.40247660289249626
adam lr=0.01,40,0.44995124141375226,0.4018702442254571
adam lr=0.01,41,0.4435226579507192,0.41258183109597607
adam lr=0.01,42,0.44504262804985045,0.40236455574994123
adam lr=0.01,43,0.44714881777763366,0.4035443263649956
adam lr=0.01,44,0.44243340293566386,0.39787815536824006
adam lr=0.01,45,0.43834261496861776,0.40223650393556926
adam lr=0.01,46,0.43846317927042644,0.3956926060706829
adam lr=0.01,47,0.4386491537094116,0.3937122546058604
adam lr=0.01,48,0.43881528576215106,0.392270491866224
adam lr=0.01,49,0.43708990812301635,0.389049631779179
adam lr=0.01,50,0.4365840256214142,0.38794157161232373
adam lr=0.01,51,0.4395275195439657,0.38856088485116114
adam lr=0.01,52,0.43609038591384885,0.3893605698067852
adam lr=0.01,53,0.4349485735098521,0.38721176764699156
adam lr=0.01,54,0.43732391397158304,0.3815880244098374
adam lr=0.01,55,0.43620639443397524,0.3845548654335453
adam lr=0.01,56,0.43907938996950785,0.38359336759688895
adam lr=0.01,57,0.43034807244936624,0.3804078844366823
adam lr=0.01,58,0.43674548864364626,0.37713836043785515
adam lr=0.01,59,0.43123613936560495,0.3794885134277896
adam lr=0.01,60,0.4318949729204178,0.37719414354466857
adam lr=0.01,61,0.4307516600404467,0.378654258675161
adam lr=0.01,62,0.4367401514734541,0.3745283556867393
adam lr=0.01,63,0.43144687584468294,0.3764952136905914
adam lr=0.01,64,0.4350273183413914,0.37218471058856994
adam lr=0.01,65,0.42670625873974394,0.37308406410093903
adam lr=0.01,66,0.4266848074538367,0.36957973377479025
adam lr=0.01,67,0.428683231983866,0.3672104799062785
adam lr=0.01,68,0.4314097208636148,0.3686231150393652
adam lr=0.01,69,0.4299358512674059,0.3673967575919766
adam lr=0.01,70,0.4280155599117279,0.3644250209150742
adam lr=0.01,71,0.43064385652542114,0.3669170263097831
adam lr=0.01,72,0.42293976132686323,0.3669225929356372
adam lr=0.01,73,0.42365665848438555,0.3622852764199674
adam lr=0.01,74,0.42638399738531846,0.36077980852178576
adam lr=0.01,75,0.42441434126633865,0.3611308108896348
adam lr=0.01,76,0.42847467156556934,0.36032203683244757
adam lr=0.01,77,0.4333417553168077,0.36118786262572977
adam lr=0.01,78,0.4315984226190127,0.3632696223270564
adam lr=0.01,79,0.4274884508206294,0.35912445886219113
adam lr=0.01,80,0.4291052405650799,0.36370746899133316
adam lr=0.01,81,0.4257058363694411,0.36225293758398774
adam lr=0.01,82,0.4233233584807469,0.35404919776093846
adam lr=0.01,83,0.4239021104115706,0.35300731763959614
adam lr=0.01,84,0.4263879756132762,0.35606776161965614
adam lr=0.01,85,0.4270446648200353,0.3542047521703678
adam lr=0.01,86,0.426223985850811,0.3579621073028522
adam lr=0.01,87,0.4302212943633397,0.3558095526328786
adam lr=0.01,88,0.4276364247004191,0.3529457478950522
adam lr=0.01,89,0.42446377873420715,0.35111818192560734
adam lr=0.01,90,0.43156101554632187,0.3484325229534672
adam lr=0.01,91,0.42939048757155734,0.3555421403611347
adam lr=0.01,92,0.428293913602829,0.3511447010572603
adam lr=0.01,93,0.4243075430393219,0.3483328707549694
adam lr=0.01,94,0.42306148674752975,0.35161542521615097
adam lr=0.01,95,0.4229078181087971,0.34411786671913325
adam lr=0.01,96,0.43594834953546524,0.3442824058677836
adam lr=0.01,97,0.4216729317392622,0.3475396372594071
adam lr=0.01,98,0.4192988233906882,0.34385619334967465
adam lr=0.01,99,0.41496232577732634,0.3410613490539676
adam lr=0.01,100,0.4172841353075845,0.3414517336360177
adam lr=0.01,101,0.42530845403671264,0.34300408548945616
adam lr=0.01,102,0.428994619846344,0.3486440302323795
adam lr=0.01,103,0.4202656805515289,0.3480791183810811
adam lr=0.01,104,0.42562519758939743,0.34751730673723324
adam lr=0.01,105,0.42461662739515305,0.3492932770158215
adam lr=0.01,106,0.42816849052906036,0.34776605884140854
adam lr=0.01,107,0.42948321253061295,0.3513924889705815
adam lr=0.01,108,0.4330441504716873,0.34560498399496165
adam lr=0.01,109,0.42865271866321564,0.35058146502760634
adam lr=0.01,110,0.42635930329561234,0.3579237577087758
adam lr=0.01,111,0.4198569133877754,0.34298446359373075
adam lr=0.01,112,0.4216766059398651,0.3418790005234734
adam lr=0.01,113,0.4275083616375923,0.3392677402745768
adam lr=0.01,114,0.43470489233732224,0.3470173480089525
adam lr=0.01,115,0.4224037528038025,0.3483537915534845
adam lr=0.01,116,0.42555128534634906,0.3325373587857517
adam lr=0.01,117,0.42327829202016193,0.3311174786721518
adam lr=0.01,118,0.41627466678619385,0.33778815862554534
adam lr=0.01,119,0.41976049542427063,0.34599304019727756
adam lr=0.01,120,0.4164838194847107,0.33748359153386764
adam lr=0.01,121,0.40318799018859863,0.33730842189820276
adam lr=0.01,122,0.41651321947574615,0.33165808658762724
adam lr=0.01,123,0.4075701981782913,0.3345351431145882
adam lr=0.01,124,0.4229716658592224,0.33652282773759584
adam lr=0.01,125,0.4099363684654236,0.3368722608838537
adam lr=0.01,126,0.4217585325241089,0.338629538470604
adam lr=0.01,127,0.43135663866996765,0.3300554668281774
adam lr=0.01,128,0.4360367953777313,0.3330870871101163
adam lr=0.01,129,0.43115222454071045,0.3277629708241352
adam lr=0.01,130,0.4239305257797241,0.3325064875419992
adam lr=0.01,131,0.41632068157196045,0.33124414411000747
adam lr=0.01,132,0.41363295912742615,0.33328008591550434
adam lr=0.03,1,0.6761932611465454,0.9752121610589258
adam lr=0.03,2,0.6114164511362712,0.6317963026470842
adam lr=0.03,3,0.5969082673390707,0.5991694292177934
adam lr=0.03,4,0.5692262689272563,0.5779263683401035
adam lr=0.03,5,0.5788293679555258,0.5646893220826769
adam lr=0.03,6,0.5602894822756449,0.5543581433729208
adam lr=0.03,7,0.5652915954589843,0.5466488102850864
adam lr=0.03,8,0.5499287207921346,0.5420174096115934
adam lr=0.03,9,0.5558573921521505,0.5334838133441173
adam lr=0.03,10,0.550759228070577,0.5334582918349657
adam lr=0.03,11,0.5346199870109558,0.5299087675742091
adam lr=0.03,12,0.5303610682487487,0.5190309539755057
adam lr=0.03,13,0.5383429904778798,0.5170136814930874
adam lr=0.03,14,0.5143225808938344,0.511631372469041
adam lr=0.03,15,0.5256344358126323,0.5040980625663046
adam lr=0.03,16,0.5264295856157939,0.5073914461546049
adam lr=0.03,17,0.5079948147137959,0.5090428990816507
adam lr=0.03,18,0.5163028558095296,0.4947042638668551
adam lr=0.03,19,0.5204605122407278,0.4978182988111673
adam lr=0.03,20,0.501211820046107,0.49769459935825205
adam lr=0.03,21,0.5105135103066762,0.4907440012953414
adam lr=0.03,22,0.5105597456296285,0.48922096792574116
adam lr=0.03,23,0.49311875899632773,0.4878983810060121
adam lr=0.03,24,0.4970593571662903,0.4833504424190663
adam lr=0.03,25,0.49970359007517495,0.47867807385548844
adam lr=0.03,26,0.5025247017542521,0.48384171645078555
adam lr=0.03,27,0.5006711979707082,0.4861404362202493
adam lr=0.03,28,0.5066881199677785,0.4822630024237466
adam lr=0.03,29,0.49788387417793273,0.48046654567202
adam lr=0.03,30,0.5005704859892527,0.47639487947864984
adam lr=0.03,31,0.49470101793607074,0.474986794040605
adam lr=0.03,32,0.4976898988087972,0.47519906538630396
adam lr=0.03,33,0.48460174004236856,0.4725643324342158
adam lr=0.03,34,0.49653936823209127,0.4732277920191991
adam lr=0.03,35,0.49314284523328145,0.47780383973612384
adam lr=0.03,36,0.4984025299549103,0.47362408450234333
adam lr=0.03,37,0.48254684209823606,0.4710359631306818
adam lr=0.03,38,0.48643747965494794,0.46738432101565053
adam lr=0.03,39,0.49022894700368247,0.45927672526063484
adam lr=0.03,40,0.5023657162984212,0.46196686196543807
adam lr=0.03,41,0.4901170074939728,0.4761278332072399
adam lr=0.03,42,0.4887009759744008,0.4625726496450644
adam lr=0.03,43,0.48872665166854856,0.46251466973147914
adam lr=0.03,44,0.49618270993232727,0.46082293990612444
adam lr=0.03,45,0.49064235885938007,0.4650871011845109
adam lr=0.03,46,0.48820849259694415,0.4607592621822348
adam lr=0.03,47,0.4866573969523112,0.4587889135155409
adam lr=0.03,48,0.48540057937304176,0.463593716677554
adam lr=0.03,49,0.48150238394737244,0.45926342443016094
adam lr=0.03,50,0.48634047167641775,0.4570588404340122
adam lr=0.03,51,0.49285754790672887,0.4554957604584545
adam lr=0.03,52,0.4850032677253087,0.4590453941494815
adam lr=0.03,53,0.4786179761091868,0.4559991804535686
adam lr=0.03,54,0.4784203117544001,0.4530228630647153
adam lr=0.03,55,0.4641818255186081,0.4548387618903963
adam lr=0.03,56,0.4750382661819458,0.4467829280030319
adam lr=0.03,57,0.4704824000597,0.44875535706919606
adam lr=0.03,58,0.483476859331131,0.44904630916718996
adam lr=0.03,59,0.4745040072335137,0.45202882955198187
adam lr=0.03,60,0.47241560286945766,0.44620358989566206
adam lr=0.03,61,0.47151104278034633,0.4456451206956094
adam lr=0.03,62,0.4802914626068539,0.4430900755086245
adam lr=0.03,63,0.4630768994490306,0.44602316280892773
adam lr=0.03,64,0.48798782626787823,0.44327015657347735
adam lr=0.03,65,0.4773113760683272,0.44354270127284084
adam lr=0.03,66,0.4674560096528795,0.4426611433260801
adam lr=0.03,67,0.4683620830376943,0.44423234123792554
adam lr=0.03,68,0.4705551498466068,0.44495944850790725
adam lr=0.03,69,0.4641464749972026,0.4383792336040347
adam lr=0.03,70,0.4661189648840163,0.4398168447216336
adam lr=0.03,71,0.4674478835529751,0.44214717862432457
adam lr=0.03,72,0.47017501460181343,0.4463294928049622
adam lr=0.03,73,0.4674227072132958,0.4391739973954059
adam lr=0.03,74,0.481464434415102,0.43573106030219544
adam lr=0.03,75,0.48337743431329727,0.4374523386777968
adam lr=0.03,76,0.4725107401609421,0.43964420186796943
adam lr=0.03,77,0.47584274038672447,0.43797150117809386
adam lr=0.03,78,0.4596146096785863,0.44274956074345356
adam lr=0.03,79,0.4633205632368724,0.42953850891981715
adam lr=0.03,80,0.4742599308490753,0.44169612156815397
adam lr=0.03,81,0.46224280446767807,0.4471396968336411
adam lr=0.03,82,0.4589507207274437,0.4408948762470017
adam lr=0.03,83,0.46674273908138275,0.4352249707584385
adam lr=0.03,84,0.4558756351470947,0.43473519834587604
adam lr=0.03,85,0.45700427889823914,0.43174477282303536
adam lr=0.03,86,0.4907195717096329,0.4362051683950661
adam lr=0.03,87,0.4625502899289131,0.4442467391408655
adam lr=0.03,88,0.46924761682748795,0.4387861491163545
adam lr=0.03,89,0.4839293286204338,0.4373078578118483
adam lr=0.03,90,0.4529220685362816,0.43540033416855906
adam lr=0.03,91,0.4799592196941376,0.4431088698136465
adam lr=0.03,92,0.4818092981974284,0.43907026034827573
adam lr=0.03,93,0.46298879384994507,0.45225277995498075
adam lr=0.03,94,0.47291648387908936,0.43525898378464933
adam lr=0.03,95,0.4939916580915451,0.42809698015387954
adam lr=0.03,96,0.5004363059997559,0.4345934523018723
adam lr=0.03,97,0.46267281472682953,0.43821929242508056
adam lr=0.03,98,0.4606073945760727,0.4320930628743826
adam lr=0.03,99,0.460948646068573,0.4755204628062491
adam lr=0.03,100,0.4691460430622101,0.43765326636892826
adam lr=0.03,101,0.46550261974334717,0.4370015968262345
adam lr=0.03,102,0.5006663799285889,0.4478448450064597
adam lr=0.03,103,0.4763284921646118,0.4481736170438747
adam lr=0.1,1,0.9204906900723775,4.188772682101259
adam lr=0.1,2,0.8083696842193604,0.8227467820207802
adam lr=0.1,3,0.7685040911038716,0.7841446323058879
adam lr=0.1,4,0.8149993777275085,0.7478563697834739
adam lr=0.1,5,0.728983747959137,0.7317854695252298
adam lr=0.1,6,0.7400309681892395,0.7081800102635883
adam lr=0.1,7,0.7193615992863973,0.6989646129318554
adam lr=0.1,8,0.6916942954063415,0.6905815748649036
adam lr=0.1,9,0.7053112149238586,0.6730981736377696
adam lr=0.1,10,0.716570770740509,0.6725682630267115
adam lr=0.1,11,0.6718401432037353,0.6668504891691375
adam lr=0.1,12,0.7101638913154602,0.6547335311234043
adam lr=0.1,13,0.6948349197705587,0.6583141269183505
adam lr=0.1,14,0.6717392643292744,0.6530336046553641
adam lr=0.1,15,0.7391462326049805,0.6509643416348178
adam lr=0.1,16,0.6840485135714213,0.6488647797907253
adam lr=0.1,17,0.6476564963658651,0.6525865426721726
adam lr=0.1,18,0.6778831402460734,0.6326649687509358
adam lr=0.1,19,0.6686485528945922,0.6403017701094533
adam lr=0.1,20,0.6332099159558614,0.6372447516094365
adam lr=0.1,21,0.6619932492574055,0.6310563663598513
adam lr=0.1,22,0.6344037822314671,0.6027571228048453
adam lr=0.1,23,0.6252331776278359,0.6038678735997538
adam lr=0.1,24,0.634653559752873,0.6037738011486915
adam lr=0.1,25,0.6476333098752158,0.5989483076420848
adam lr=0.1,26,0.7631366465772901,0.6019876497944086
adam lr=0.1,27,0.6457003908497947,0.6113948841637201
adam lr=0.1,28,0.6874054457460131,0.604538015515389
adam lr=0.1,29,0.6314149626663753,0.6127306004542499
adam lr=0.1,30,0.6627823795591082,0.5991806436729439
adam lr=0.1,31,0.6020211164767926,0.5667364043208688
adam lr=0.1,32,0.6273242510282077,0.5662486745106718
adam lr=0.1,33,0.5906429107372577,0.565435861270141
adam lr=0.1,34,0.6314957371124854,0.5651692669634795
adam lr=0.1,35,0.6610987323981065,0.5694626774440534
adam lr=0.1,36,0.6587784748810989,0.5650352864838888
adam lr=0.1,37,0.5760876811467684,0.5696337198142511
adam lr=0.1,38,0.617365992986239,0.5658914141686116
adam lr=0.1,39,0.6682922656719501,0.5618371572213144
adam lr=0.1,40,0.7256770088122442,0.5758123046161878
adam lr=0.1,41,0.6424398422241211,0.5925738612776932
adam lr=0.1,42,0.5959428602998907,0.5778891276851218
adam lr=0.1,43,0.6246229735287753,0.5680148244482006
adam lr=0.1,44,0.7208337187767029,0.5712755016783103
adam lr=0.1,45,0.6085203506729819,0.5887735917638186
adam lr=0.1,46,0.6067314581437544,0.5705868326982347
adam lr=0.1,47,0.6143547946756537,0.5691493135297063
adam lr=0.1,48,0.6614652221853082,0.5847920995095228
adam lr=0.1,49,0.6101277139451768,0.5755078376862889
adam lr=0.1,50,0.6783681288361549,0.5636541728302631
adam lr=0.1,51,0.6556093394756317,0.5738952314500093
adam lr=0.1,52,0.6338709816336632,0.57605510862929
adam lr=0.1,53,0.6059421896934509,0.5590972267764218
adam lr=0.1,54,0.6014485135674477,0.5634460455056322
adam lr=0.1,55,0.5861242413520813,0.5617483456951914
adam lr=0.1,56,0.6198583841323853,0.5562382316264831
adam lr=0.1,57,0.5952270797320774,0.5702982197480057
adam lr=0.1,58,0.7440000687326703,0.558487475951081
adam lr=0.1,59,0.608927811895098,0.5913215063528361
adam lr=0.1,60,0.6240270634492239,0.5646875563647794
adam lr=0.1,61,0.6048135062058767,0.5844268193860023
adam lr=0.1,62,0.5634992718696594,0.5746587013877641
adam lr=0.1,63,0.6326096057891846,0.5627695579489361
adam lr=0.1,64,0.6633570492267609,0.5644053338148783
adam lr=0.1,65,0.6672738889853159,0.5751959151973315
adam lr=0.1,66,0.6128363211949667,0.5606536007721153
adam lr=0.1,67,0.5829182505607605,0.5714728543112741
adam lr=0.1,68,0.5799800395965576,0.5699475332545663
adam lr=0.1,69,0.5993616938591003,0.5497153289613169
adam lr=0.1,70,0.5959729850292206,0.5535370272219797
adam lr=0.1,71,0.57218798995018,0.5575768935288494
adam lr=0.1,72,0.7208754271268845,0.5647903917983399
adam lr=0.1,73,0.5865364521741867,0.5806213815487822
adam lr=0.1,74,0.6668785413106283,0.5699483204037143
adam lr=0.1,75,0.6804929773012797,0.5755417417214823
adam lr=0.1,76,0.5615569353103638,0.5749251360376805
adam lr=0.1,77,0.7422555088996887,0.5853603252540245
adam lr=0.1,78,0.6524997651576996,0.6303659204093592
adam lr=0.1,79,0.6708045601844788,0.6577681390748017
adam lr=0.1,80,0.8303297460079193,0.6401449195341826
adam lr=0.1,81,0.5951529443264008,0.6420264650244081
adam lr=0.1,82,0.6257098615169525,0.5840100291033522
adam lr=0.1,83,0.7070147097110748,0.5781617946296853
adam lr=0.1,84,0.6371959447860718,0.5936514979092172
adam lr=0.1,85,0.6887818574905396,0.5831723537196438
adam lr=0.1,86,0.5409462451934814,0.5882047394679493
momentum lr=0.0001,1,0.8926393747329712,1.2037860111419654
momentum lr=0.0001,2,0.8090808788935343,0.8561371319337421
momentum lr=0.0001,3,0.7772162000338236,0.8060410708667026
momentum lr=0.0001,4,0.7581167578697204,0.7816753600859341
momentum lr=0.0001,5,0.744587783018748,0.7650860573311927
momentum lr=0.0001,6,0.7334932128588358,0.7525967473362313
momentum lr=0.0001,7,0.7249985178311665,0.7425502047061431
momentum lr=0.0001,8,0.7171736041704814,0.7340790490959813
momentum lr=0.0001,9,0.7110955595970154,0.7267715965073747
momentum lr=0.0001,10,0.7053818583488465,0.720461561437008
momentum lr=0.0001,11,0.7003176172574361,0.714823907386109
momentum lr=0.0001,12,0.6959894736607869,0.709901382401948
momentum lr=0.0001,13,0.6923753420511881,0.7054555785000545
momentum lr=0.0001,14,0.6886422077814738,0.7014836349895044
momentum lr=0.0001,15,0.6855120182037353,0.6977847970104691
momentum lr=0.0001,16,0.6826056877772013,0.6945318186591236
momentum lr=0.0001,17,0.6798988421758015,0.6913526603250945
momentum lr=0.0001,18,0.6771222472190856,0.6885272620089823
momentum lr=0.0001,19,0.6747630953788757,0.6859489072303575
momentum lr=0.0001,20,0.6724693973859152,0.6834161336698557
momentum lr=0.0001,21,0.6704625328381856,0.6810076100733293
momentum lr=0.0001,22,0.6685128450393677,0.6788234737466943
momentum lr=0.0001,23,0.6667920549710592,0.6767642053068335
momentum lr=0.0001,24,0.664907439549764,0.6748416252850559
momentum lr=0.0001,25,0.6633675177892049,0.6729038610487463
momentum lr=0.0001,26,0.6618477543195088,0.6712134755809528
momentum lr=0.0001,27,0.6603700796763102,0.6694771530898965
momentum lr=0.0001,28,0.6589522004127503,0.6679189385375343
momentum lr=0.0001,29,0.6576199809710185,0.6664314772594311
momentum lr=0.0001,30,0.6564496556917826,0.6649181880686311
momentum lr=0.0001,31,0.6550418337186178,0.6634856496331556
momentum lr=0.0001,32,0.6538128892580668,0.6622239760819231
momentum lr=0.0001,33,0.6528065403302511,0.6608665842162185
momentum lr=0.0001,34,0.6516454339027404,0.6595539083302104
momentum lr=0.0001,35,0.650530751546224,0.6584286924517317
momentum lr=0.0001,36,0.6495544910430908,0.6571633491634662
momentum lr=0.0001,37,0.6485391616821289,0.6559821828633616
momentum lr=0.0001,38,0.6475828448931377,0.6548449288148093
momentum lr=0.0001,39,0.6465496897697449,0.6537546274722733
momentum lr=0.0001,40,0.6456219116846721,0.6527445110647249
momentum lr=0.0001,41,0.6448367675145467,0.6516861430755035
momentum lr=0.0001,42,0.6436437129974365,0.6507517004444217
momentum lr=0.0001,43,0.6428459207216899,0.649660058610022
momentum lr=0.0001,44,0.6418757200241089,0.6486752898026809
momentum lr=0.0001,45,0.6412495136260986,0.6477044746713456
momentum lr=0.0001,46,0.6404130816459656,0.6467812987354821
momentum lr=0.0001,47,0.639798355102539,0.6458448390225521
momentum lr=0.0001,48,0.6387393434842428,0.6449930504425592
momentum lr=0.0001,49,0.6381401141484578,0.644058579873808
momentum lr=0.0001,50,0.6372811436653137,0.6432588449687323
momentum lr=0.0001,51,0.6364866058031718,0.6424160551255
momentum lr=0.0001,52,0.6356640021006267,0.641581430744496
momentum lr=0.0001,53,0.6350378115971883,0.6408128379679151
momentum lr=0.0001,54,0.63428209622701,0.6399733774594971
momentum lr=0.0001,55,0.6339380343755087,0.6392102910283645
momentum lr=0.0001,56,0.6330349365870158,0.6385155576562647
momentum lr=0.0001,57,0.6323173483212788,0.6377433825874808
momentum lr=0.0001,58,0.6318901062011719,0.6370066101528299
momentum lr=0.0001,59,0.6311868707338969,0.6363470262310049
momentum lr=0.0001,60,0.6305495540301005,0.6356399106594137
momentum lr=0.0001,61,0.6301238457361857,0.6349760051294704
momentum lr=0.0001,62,0.6295011679331461,0.6343290813225111
momentum lr=0.0001,63,0.6290059089660645,0.6336806440877801
momentum lr=0.0001,64,0.6282891233762106,0.6330569810770578
momentum lr=0.0001,65,0.6277683973312378,0.6324296556507797
momentum lr=0.0001,66,0.6270087440808614,0.6317602239626544
momentum lr=0.0001,67,0.6265053232510884,0.6311100880958522
momentum lr=0.0001,68,0.6258989930152893,0.6305197050408383
momentum lr=0.0001,69,0.6253180464108785,0.629894636037401
momentum lr=0.0001,70,0.6247279445330302,0.6293243875345184
momentum lr=0.0001,71,0.6242047031720479,0.6287210699473212
momentum lr=0.0001,72,0.6237172603607177,0.6281563343678537
momentum lr=0.0001,73,0.6231621980667115,0.6275753783800723
momentum lr=0.0001,74,0.6227100054423015,0.6270075806953971
momentum lr=0.0001,75,0.6221681674321492,0.6264610284922021
momentum lr=0.0001,76,0.6217159668604533,0.6258932504048402
momentum lr=0.0001,77,0.6212477366129557,0.6253882952923308
momentum lr=0.0001,78,0.6207990646362305,0.6248292536650714
momentum lr=0.0001,79,0.6203090031941731,0.6243271446999749
momentum lr=0.0001,80,0.619724984963735,0.6238334609420836
momentum lr=0.0001,81,0.6192736426989237,0.6233190551334751
momentum lr=0.0001,82,0.6188531120618185,0.6227873287425579
momentum lr=0.0001,83,0.6186683177947998,0.6222411268584493
momentum lr=0.0001,84,0.6179388046264649,0.6218309917426693
momentum lr=0.0001,85,0.6174579739570618,0.6212852949075026
momentum lr=0.0001,86,0.6171694199244181,0.6208679096503354
momentum lr=0.0001,87,0.6167093873023987,0.6203282898390047
momentum lr=0.0001,88,0.616374655564626,0.6198895275545786
momentum lr=0.0001,89,0.6159202893575032,0.619441207180843
momentum lr=0.0001,90,0.6155531247456868,0.6189089126939987
momentum lr=0.0001,91,0.615056848526001,0.6185063600247083
momentum lr=0.0001,92,0.6146915515263875,0.6180244146301194
momentum lr=0.0001,93,0.6141717314720154,0.617577999403323
momentum lr=0.0001,94,0.6138634999593099,0.6171646816626558
momentum lr=0.0001,95,0.6135628263155619,0.6167534026789511
momentum lr=0.0001,96,0.6131519834200542,0.6162272927738729
momentum lr=0.0001,97,0.6127808094024658,0.6158522833190914
momentum lr=0.0001,98,0.6123940706253052,0.6154471805456081
momentum lr=0.0001,99,0.6118921160697937,0.6150095836930238
momentum lr=0.0001,100,0.611666464805603,0.6146407638330614
momentum lr=0.0001,101,0.6114109039306641,0.6142534764998466
momentum lr=0.0001,102,0.6107667167981465,0.6138033669786247
momentum lr=0.0001,103,0.6105140487353007,0.6133147236462763
momentum lr=0.0001,104,0.6101098656654358,0.6129759915361321
momentum lr=0.0001,105,0.6098492542902628,0.6126378359087404
momentum lr=0.0001,106,0.6093992233276367,0.6121542354844821
momentum lr=0.0001,107,0.6090933044751485,0.6118694373039558
momentum lr=0.0001,108,0.608782156308492,0.6113947753681379
momentum lr=0.0001,109,0.608299458026886,0.6110260213135462
momentum lr=0.0001,110,0.608085834980011,0.6106821661996997
momentum lr=0.0001,111,0.6076111912727356,0.6103050633948751
momentum lr=0.0001,112,0.6075273076693217,0.6099060606222688
momentum lr=0.0001,113,0.6070802728335063,0.6095529946314101
momentum lr=0.0001,114,0.6067388614018758,0.6092016837927335
momentum lr=0.0001,115,0.6065266052881877,0.6088759488884745
momentum lr=0.0001,116,0.6061542312304179,0.6084586441499636
momentum lr=0.0001,117,0.6059581597646078,0.608102442268406
momentum lr=0.0001,118,0.6056951800982158,0.6077144999471302
momentum lr=0.0001,119,0.6051498730977376,0.6073825072163596
momentum lr=0.0001,120,0.6047157247861227,0.6070315400419283
momentum lr=0.0001,121,0.604373574256897,0.6067174532242902
momentum lr=0.0001,122,0.604075288772583,0.6063764692230512
momentum lr=0.0001,123,0.603856897354126,0.6060558297816961
momentum lr=0.0001,124,0.6034770329793294,0.6056622477512444
momentum lr=0.0001,125,0.6032213370005289,0.605282678251272
momentum lr=0.0001,126,0.6029693961143494,0.6049845910206171
momentum lr=0.0001,127,0.6025392214457194,0.6046244644282734
momentum lr=0.0001,128,0.6023338476816813,0.6043075819113582
momentum lr=0.0001,129,0.6021853526433308,0.6039894937240198
momentum lr=0.0001,130,0.6018582383791605,0.6036181338060314
momentum lr=0.0001,131,0.6014547506968181,0.603349877200606
momentum lr=0.0001,132,0.6011773586273194,0.6030244119358973
momentum lr=0.0001,133,0.6008935530980428,0.6027050465554613
momentum lr=0.0001,134,0.6005273739496867,0.6023670626253682
momentum lr=0.0001,135,0.6003737807273865,0.6020152246736401
momentum lr=0.0001,136,0.6000747640927633,0.6016644652732958
momentum lr=0.0001,137,0.5998621265093486,0.6013712604404113
momentum lr=0.0001,138,0.5994554956754049,0.6011384934874181
momentum lr=0.0001,139,0.5991675059000651,0.600809575622838
momentum lr=0.0001,140,0.598801585038503,0.6004719049942923
momentum lr=0.0001,141,0.5986990769704182,0.6001564107564744
momentum lr=0.0001,142,0.5983172376950582,0.599856982179914
momentum lr=0.0001,143,0.5980526328086853,0.5995073711891534
momentum lr=0.0001,144,0.5977811853090922,0.5992724467574843
momentum lr=0.0001,145,0.5975219249725342,0.5989704373706848
momentum lr=0.0001,146,0.5974287907282512,0.5986240724363641
momentum lr=0.0001,147,0.5970093965530395,0.5983549683573796
momentum lr=0.0001,148,0.596730363368988,0.5980405614400266
momentum lr=0.0001,149,0.5964601357777913,0.5977101101727292
momentum lr=0.0001,150,0.5962505420049031,0.5974519990063878
momentum lr=0.0001,151,0.5958781798680624,0.5971565954046896
momentum lr=0.0001,152,0.5957293709119161,0.59688619536712
momentum lr=0.0001,153,0.5954309503237406,0.5966108276659965
momentum lr=0.0001,154,0.5951862692832947,0.596368184231984
momentum lr=0.0001,155,0.594867197672526,0.5959889076583339
momentum lr=0.0001,156,0.5944966435432434,0.5957087092921841
momentum lr=0.0001,157,0.5943413138389587,0.5954782395890426
momentum lr=0.0001,158,0.5940249482790629,0.5951476409099189
momentum lr=0.0001,159,0.5937714775403341,0.5947973536616299
momentum lr=0.0001,160,0.5934511661529541,0.5945424568715484
momentum lr=0.0001,161,0.5933715065320333,0.5943033319153426
momentum lr=0.0001,162,0.59306454261144,0.5939798223055
momentum lr=0.0001,163,0.5927324334780375,0.5936590339928033
momentum lr=0.0001,164,0.5925511678059896,0.5933961769123727
momentum lr=0.0001,165,0.5923763871192932,0.5931829367347132
momentum lr=0.0001,166,0.5920169115066528,0.5927872809400905
momentum lr=0.0001,167,0.5918028473854064,0.5925497498164899
momentum lr=0.0001,168,0.5914257804552714,0.5922969425507584
momentum lr=0.0001,169,0.591469927628835,0.5920063523498819
momentum lr=0.0001,170,0.5915302316347758,0.5917072731318705
momentum lr=0.0001,171,0.5906912644704183,0.5914808960184869
momentum lr=0.0001,172,0.5904965996742249,0.5911976856197485
momentum lr=0.0001,173,0.5904617349306742,0.5908798356537488
momentum lr=0.0001,174,0.5903159379959106,0.5905980352928358
momentum lr=0.0001,175,0.5898385922114054,0.5903726427701028
momentum lr=0.0001,176,0.5895745078722636,0.5899982395782977
momentum lr=0.0001,177,0.5892722924550374,0.5897514232405167
momentum lr=0.0001,178,0.5892707069714864,0.5894738126835795
momentum lr=0.0001,179,0.5888048013051351,0.589248476916674
momentum lr=0.0001,180,0.5885441581408183,0.5890293396761158
momentum lr=0.0001,181,0.5883728226025899,0.588679935977469
momentum lr=0.0001,182,0.5881698131561279,0.5883707586212069
momentum lr=0.0001,183,0.5878533442815145,0.5881283493998619
momentum lr=0.0001,184,0.5876813848813375,0.5878535212366728
momentum lr=0.0001,185,0.5875354687372843,0.5875841569057794
momentum lr=0.0001,186,0.5873365759849548,0.5873724442352576
momentum lr=0.0001,187,0.5871235609054566,0.5870926687607791
momentum lr=0.0001,188,0.5867876331011455,0.5868190569870071
momentum lr=0.0001,189,0.5863179206848145,0.5865739544690328
momentum lr=0.0001,190,0.5862122495969136,0.5862961950029828
momentum lr=0.0001,191,0.5858744819959004,0.5860017090371714
momentum lr=0.0001,192,0.585763669013977,0.5858050731355068
momentum lr=0.0001,193,0.5854235053062439,0.5855588823764564
momentum lr=0.0001,194,0.5854894916216532,0.585308921776432
momentum lr=0.0001,195,0.585099975268046,0.5849873149886483
momentum lr=0.0001,196,0.5848628322283427,0.5847755242770807
momentum lr=0.0001,197,0.5845134735107422,0.5844661994285523
momentum lr=0.0001,198,0.5844849149386088,0.5842642515589783
momentum lr=0.0001,199,0.5842602928479512,0.5840529170728044
momentum lr=0.0001,200,0.5839545369148255,0.5837825060772334
momentum lr=0.0001,201,0.5836662411689758,0.5835470729126098
momentum lr=0.0001,202,0.5834701736768086,0.5832820667265366
momentum lr=0.0001,203,0.5832987586657207,0.583000427379819
momentum lr=0.0001,204,0.5830328742663066,0.5827716585079347
momentum lr=0.0001,205,0.5828974366188049,0.5825331949749005
momentum lr=0.0001,206,0.5825900554656982,0.5822285398552136
momentum lr=0.0001,207,0.5823398550351461,0.5819982008208879
momentum lr=0.0001,208,0.5820481936136882,0.5817618725105087
momentum lr=0.0001,209,0.5818969329198201,0.5815463549291924
momentum lr=0.0001,210,0.5817127982775371,0.5812628838037424
momentum lr=0.0001,211,0.5815538247426351,0.5810663366995747
momentum lr=0.0001,212,0.5814905405044556,0.5808220075921844
momentum lr=0.0001,213,0.5810448368390401,0.5807178193913943
momentum lr=0.0001,214,0.5809344530105591,0.5803688455966749
momentum lr=0.0001,215,0.5806933959325155,0.5801481530416279
momentum lr=0.0001,216,0.5806765198707581,0.5798586043688755
momentum lr=0.0001,217,0.580236021677653,0.5797716862871345
momentum lr=0.0001,218,0.5801536917686463,0.579326559457968
momentum lr=0.0001,219,0.5797354737917583,0.5791560362648231
momentum lr=0.0001,220,0.5796222925186157,0.5788778084364814
momentum lr=0.0001,221,0.5795968890190124,0.5786613584253572
momentum lr=0.0001,222,0.5792066574096679,0.578408897543702
momentum lr=0.0001,223,0.5789222240447998,0.5781660531908184
momentum lr=0.0001,224,0.5788737773895264,0.5779515654154265
momentum lr=0.0001,225,0.5785292188326517,0.5777841229503948
momentum lr=0.0001,226,0.5783021291097005,0.5775720951722881
momentum lr=0.0001,227,0.5780930479367574,0.5772470557247854
momentum lr=0.0001,228,0.578188705444336,0.5770726288745093
momentum lr=0.0001,229,0.5778377930323283,0.5768062441920486
momentum lr=0.0001,230,0.5775505344072978,0.5765926425878626
momentum lr=0.0001,231,0.5772147377332052,0.5763470502817948
momentum lr=0.0001,232,0.5773845434188842,0.576266892730997
momentum lr=0.0001,233,0.5769989569981893,0.5760034743652666
momentum lr=0.0001,234,0.5766544977823893,0.5756783576964366
momentum lr=0.0001,235,0.5766168594360351,0.5754601612204785
momentum lr=0.0001,236,0.576555323600769,0.575178445750146
momentum lr=0.0001,237,0.5762232661247253,0.5750277339321325
momentum lr=0.0001,238,0.576164702574412,0.5748447627751091
momentum lr=0.0001,239,0.5757463335990906,0.5746306859440903
momentum lr=0.0001,240,0.5756878058115641,0.5743908902679333
momentum lr=0.0001,241,0.5754416306813558,0.5740609802822308
momentum lr=0.0001,242,0.5749596754709879,0.5739456879472298
momentum lr=0.0001,243,0.5749962965647379,0.5737379856739314
momentum lr=0.0001,244,0.5748500466346741,0.573462217243592
momentum lr=0.0001,245,0.5745606740315755,0.5732721139113168
momentum lr=0.0001,246,0.5744059165318807,0.5729918019895108
momentum lr=0.0001,247,0.5743294914563497,0.5728182748249643
momentum lr=0.0001,248,0.5740312854448955,0.5725697937697021
momentum lr=0.0001,249,0.5738357822100322,0.572361773241673
momentum lr=0.0001,250,0.5737381974856058,0.5721886365594089
momentum lr=0.0001,251,0.5734566291173299,0.5719812873848193
momentum lr=0.0001,252,0.5732051173845927,0.5717932296798073
momentum lr=0.0001,253,0.5733225663503011,0.571528130271653
momentum lr=0.0001,254,0.572937532265981,0.571430457694516
momentum lr=0.0001,255,0.572773551940918,0.5711962937506276
momentum lr=0.0001,256,0.5725809216499329,0.5709860797164248
momentum lr=0.0001,257,0.5723511258761088,0.5707703567412263
momentum lr=0.0001,258,0.5722171107927958,0.5704232660521403
momentum lr=0.0001,259,0.571944526831309,0.5702621447651641
momentum lr=0.0001,260,0.5717558185259501,0.5701212793898173
momentum lr=0.0001,261,0.571566355228424,0.5698705472832007
momentum lr=0.0001,262,0.5714949409166972,0.5696316048328565
momentum lr=0.0001,263,0.5711697419484456,0.5694518188800071
momentum lr=0.0001,264,0.571073325475057,0.569252782407308
momentum lr=0.0001,265,0.5708142042160034,0.5690724705400514
momentum lr=0.0001,266,0.5707946221033732,0.568775358433533
momentum lr=0.0001,267,0.5706066449483236,0.5685852217059417
momentum lr=0.0001,268,0.5703956524531046,0.5684169364597416
momentum lr=0.0001,269,0.5702786604563396,0.568196978013216
momentum lr=0.0001,270,0.5701483805974324,0.5680179920537195
momentum lr=0.0001,271,0.569703201452891,0.5678209492870366
momentum lr=0.0001,272,0.5695809682210287,0.5675638604720815
momentum lr=0.0001,273,0.5694997747739156,0.5673527575505247
momentum lr=0.0001,274,0.5691295862197876,0.5671958334230893
momentum lr=0.0001,275,0.5690313458442688,0.5670274268208387
momentum lr=0.0001,276,0.5687823216120402,0.5667634489001472
momentum lr=0.0001,277,0.5686913768450419,0.5665838572533306
momentum lr=0.0001,278,0.5686658104260762,0.5663105979809825
momentum lr=0.0001,279,0.5686554312705994,0.5661489245998521
momentum lr=0.0001,280,0.5682223359743754,0.5659936440605051
momentum lr=0.0001,281,0.5679402192433675,0.5657557049489021
momentum lr=0.0001,282,0.5678969105084737,0.5655599544395521
momentum lr=0.0001,283,0.5677011330922445,0.5653846632865849
momentum lr=0.0001,284,0.5674354155858358,0.5652729507269947
momentum lr=0.0001,285,0.5675694187482198,0.5649561762538616
momentum lr=0.0001,286,0.5674098253250122,0.5648289056609291
momentum lr=0.0001,287,0.5670600255330404,0.5646234754216037
momentum lr=0.0001,288,0.5668137629826864,0.5643021461199205
momentum lr=0.0001,289,0.566547175248464,0.5642518394966209
momentum lr=0.0001,290,0.5664647221565247,0.5639516677225793
momentum lr=0.0001,291,0.5664008498191834,0.5637412545016856
momentum lr=0.0001,292,0.5660570979118347,0.5635879219328275
momentum lr=0.0001,293,0.5660024007161458,0.5634137067024709
momentum lr=0.0001,294,0.5656424164772034,0.5633326508119102
momentum lr=0.0001,295,0.5656135837237041,0.5630300863521349
momentum lr=0.0001,296,0.5651581645011902,0.5627940242617303
momentum lr=0.0001,297,0.5652804136276245,0.562621946435034
momentum lr=0.0001,298,0.5649898529052735,0.5624790683128935
momentum lr=0.0001,299,0.5648990988731384,0.5622501736267959
momentum lr=0.0001,300,0.5646151145299275,0.5620736227384145
momentum lr=0.0001,301,0.5645408352216085,0.5618879835853124
momentum lr=0.0001,302,0.564286990960439,0.5617186902340837
momentum lr=0.0001,303,0.5641668717066447,0.5614696237223814
momentum lr=0.0001,304,0.5640671451886495,0.5613734104842029
momentum lr=0.0001,305,0.5638990839322408,0.5611136364307101
momentum lr=0.0001,306,0.5638837258021037,0.5609325364014606
momentum lr=0.0001,307,0.563566251595815,0.5607455070855656
momentum lr=0.0001,308,0.5634155750274659,0.5606397198490083
momentum lr=0.0001,309,0.5629661242167155,0.5603300861896553
momentum lr=0.0001,310,0.5629769523938497,0.5601771784763295
momentum lr=0.0001,311,0.563015631834666,0.5600404576533241
momentum lr=0.0001,312,0.5627477367719015,0.5598061114862306
momentum lr=0.0001,313,0.5624160289764404,0.5596632985476488
momentum lr=0.0001,314,0.5623581171035766,0.559432181552813
momentum lr=0.0001,315,0.5621379534403483,0.5592807995157462
momentum lr=0.0001,316,0.561953075726827,0.5591164360729777
momentum lr=0.0001,317,0.5619983553886414,0.5588360182849079
momentum lr=0.0001,318,0.5618746558825175,0.5587215263075702
momentum lr=0.0001,319,0.5616072654724121,0.5584874729475301
momentum lr=0.0001,320,0.5612233360608418,0.5583186134768493
momentum lr=0.0001,321,0.5611934860547384,0.5581950198047427
momentum lr=0.0001,322,0.5610530932744344,0.5579608802464748
momentum lr=0.0001,323,0.5608010212580363,0.5577516258037181
momentum lr=0.0001,324,0.5607075730959574,0.5576081195868386
momentum lr=0.0001,325,0.5608167131741841,0.5574491198692122
momentum lr=0.0001,326,0.5604033271471659,0.5572660242446087
momentum lr=0.0001,327,0.5602831999460857,0.5570289363420621
momentum lr=0.0001,328,0.5600539445877075,0.5568925880567064
momentum lr=0.0001,329,0.5599964777628581,0.556706170967622
momentum lr=0.0001,330,0.5598881721496582,0.5565718145989365
momentum lr=0.0001,331,0.559751013914744,0.556334427276498
momentum lr=0.0001,332,0.5594693501790364,0.5562221690262054
momentum lr=0.0001,333,0.5591955343882243,0.5560279976657182
momentum lr=0.0001,334,0.5592326005299886,0.5558316147810768
momentum lr=0.0001,335,0.558905029296875,0.5556472427624456
momentum lr=0.0001,336,0.5586926539738973,0.5555304188419706
momentum lr=0.0001,337,0.5587987224260966,0.5553053973288826
momentum lr=0.0001,338,0.5586414535840353,0.5551178441734037
momentum lr=0.0001,339,0.5583157102266948,0.5549545751383496
momentum lr=0.0001,340,0.5583019653956095,0.5547418626143696
momentum lr=0.0001,341,0.5580633918444315,0.5545664531807956
momentum lr=0.0001,342,0.5579447786013285,0.5544420214112127
momentum lr=0.0001,343,0.5577850461006164,0.554189838332794
momentum lr=0.0001,344,0.5576346039772033,0.5540638691720402
momentum lr=0.0001,345,0.55742849111557,0.5539158643370301
momentum lr=0.0001,346,0.5573323607444763,0.5537579630955806
momentum lr=0.0001,347,0.5570833841959636,0.5535716331659273
momentum lr=0.0001,348,0.5570178190867107,0.5533521163814973
momentum lr=0.0001,349,0.556890320777893,0.5532097929819706
momentum lr=0.0001,350,0.5567932844161987,0.5530697919667553
momentum lr=0.0001,351,0.556814948717753,0.552896098166705
momentum lr=0.0001,352,0.5562545617421468,0.5527697296374345
momentum lr=0.0001,353,0.5563104947408041,0.5525345994413036
momentum lr=0.0001,354,0.5560593485832215,0.5523150386892208
momentum lr=0.0001,355,0.5559171875317891,0.5521994072528307
momentum lr=0.0001,356,0.5558548132578532,0.5520599754362306
momentum lr=0.0001,357,0.555741027990977,0.5519102628847735
momentum lr=0.0001,358,0.5553544799486796,0.5516846376794935
momentum lr=0.0001,359,0.5553834597269695,0.5515126446168211
momentum lr=0.0001,360,0.555228571097056,0.5513363296097739
momentum lr=0.0001,361,0.5551214575767517,0.5511834537138811
momentum lr=0.0001,362,0.5549833655357361,0.5511306967116786
momentum lr=0.0001,363,0.554788335164388,0.5508964660443156
momentum lr=0.0001,364,0.5545960982640584,0.5507135339292281
momentum lr=0.0001,365,0.5543782472610473,0.550510694921316
momentum lr=0.0001,366,0.5543454209963481,0.5503991383138128
momentum lr=0.0001,367,0.5541585723559062,0.5502667611567661
momentum lr=0.0001,368,0.5540626128514607,0.5499627862947764
momentum lr=0.0001,369,0.553916315237681,0.5498901097332726
momentum lr=0.0001,370,0.5537932395935059,0.5497010633081024
momentum lr=0.0001,371,0.553638203938802,0.5495649150237494
momentum lr=0.0001,372,0.5532923618952433,0.5493321243024814
momentum lr=0.0001,373,0.5532848954200744,0.5492601031182688
momentum lr=0.0001,374,0.5531563917795818,0.5490444645053258
momentum lr=0.0001,375,0.5529482324918111,0.5488710860642497
momentum lr=0.0001,376,0.552868648370107,0.548695710798849
momentum lr=0.0001,377,0.5525527238845825,0.5485899831575328
momentum lr=0.0001,378,0.5525705178578695,0.5484036034138983
momentum lr=0.0001,379,0.5524472633997599,0.5482293073406183
momentum lr=0.0001,380,0.5522251725196838,0.5481266511240144
momentum lr=0.0001,381,0.5521508534749349,0.5479366269346504
momentum lr=0.0001,382,0.5520873387654622,0.547807390699849
momentum lr=0.0001,383,0.5520786166191101,0.5476129921270781
momentum lr=0.0001,384,0.5519012769063314,0.5474612435325735
momentum lr=0.0001,385,0.5514349261919658,0.5472117958543322
momentum lr=0.0001,386,0.5514222264289856,0.5471082834804253
momentum lr=0.0001,387,0.5513584733009338,0.5469377677670122
momentum lr=0.0001,388,0.5514546553293864,0.5468082623709505
momentum lr=0.0001,389,0.5511690537134807,0.5466332846251643
momentum lr=0.0001,390,0.5508761008580526,0.5464474177876791
momentum lr=0.0001,391,0.5507481575012207,0.5463698202032441
momentum lr=0.0001,392,0.5506840030352275,0.5461468514854221
momentum lr=0.0001,393,0.550399899482727,0.5460531202290995
momentum lr=0.0001,394,0.5502309878667195,0.5457910342971412
momentum lr=0.0001,395,0.5501889944076538,0.54569506105899
momentum lr=0.0001,396,0.5500134905179341,0.5455584288322057
momentum lr=0.0001,397,0.5500777244567872,0.5453543223687688
momentum lr=0.0001,398,0.5497534275054932,0.5452848286165408
momentum lr=0.0001,399,0.5496170878410339,0.5450536456532602
momentum lr=0.0001,400,0.5494423945744832,0.5449064740828307
momentum lr=0.0001,401,0.5493510723114013,0.5446917487442726
momentum lr=0.0001,402,0.5494276404380798,0.5446081773980984
momentum lr=0.0001,403,0.5491192658742269,0.5444161182510177
momentum lr=0.0001,404,0.5488170266151429,0.5442333740423898
momentum lr=0.0001,405,0.548871107896169,0.5440969243235436
momentum lr=0.0001,406,0.5485105037689209,0.5439914780988709
momentum lr=0.0001,407,0.5484041770299276,0.5437461321785725
momentum lr=0.0001,408,0.5484270930290223,0.5436748944507973
momentum lr=0.0001,409,0.5483203887939453,0.5434675645150875
momentum lr=0.0001,410,0.5482959151268005,0.5434069490754656
momentum lr=0.0001,411,0.5481569131215414,0.5432936216235421
momentum lr=0.0001,412,0.5478343725204468,0.5430659728633757
momentum lr=0.0001,413,0.5475040833155315,0.5428999622780407
momentum lr=0.0001,414,0.5475559910138448,0.5427697574955807
momentum lr=0.0001,415,0.5475181460380554,0.5424959045183567
momentum lr=0.0001,416,0.5474165081977844,0.5424336359642629
momentum lr=0.0001,417,0.5473473191261291,0.5422419446483162
momentum lr=0.0001,418,0.5470885674158732,0.5421198016978567
momentum lr=0.0001,419,0.5470729112625122,0.5419732800753608
momentum lr=0.0001,420,0.5466828266779582,0.5418032864923904
momentum lr=0.0001,421,0.5468696475028991,0.5416697306388001
momentum lr=0.0001,422,0.5464666406313579,0.5415264975689703
momentum lr=0.0001,423,0.5465774655342102,0.5413702564434344
momentum lr=0.0001,424,0.5463656544685364,0.5412389122531717
momentum lr=0.0001,425,0.5462534507115682,0.5410728654925456
momentum lr=0.0001,426,0.5460934042930603,0.5409905627494086
momentum lr=0.0001,427,0.5459439277648925,0.5407630528711519
momentum lr=0.0001,428,0.5457083503405253,0.5406607795138899
momentum lr=0.0001,429,0.5458026011784871,0.5405718954252641
momentum lr=0.0001,430,0.5455882867177327,0.5404759199228856
momentum lr=0.0001,431,0.5456004023551941,0.5402296730601267
momentum lr=0.0001,432,0.5453052997589112,0.5400647034910669
momentum lr=0.0001,433,0.5450294852256775,0.5398889645118736
momentum lr=0.0001,434,0.5450807213783264,0.539723919193442
momentum lr=0.0001,435,0.5450724482536315,0.5396834541864178
momentum lr=0.0001,436,0.5446711579958597,0.5394595644522364
momentum lr=0.0001,437,0.5447305838267008,0.5393411874510952
momentum lr=0.0001,438,0.5444081465403239,0.5392386851370662
momentum lr=0.0001,439,0.5443811496098836,0.5390420585255592
momentum lr=0.0001,440,0.5444884975751241,0.5389441630253894
momentum lr=0.0001,441,0.5442866285641988,0.5387757286229972
momentum lr=0.0001,442,0.5439133127530416,0.538621439780044
momentum lr=0.0001,443,0.543794842561086,0.5385031293276273
momentum lr=0.0001,444,0.5437316656112671,0.5383695944973259
momentum lr=0.0001,445,0.5436816056569417,0.5381712555560108
momentum lr=0.0001,446,0.5435790896415711,0.5380872079361492
momentum lr=0.0001,447,0.5435208121935526,0.5378885522874637
momentum lr=0.0001,448,0.5436094601949056,0.5377643314440506
momentum lr=0.0001,449,0.5432721336682638,0.5375861547069801
momentum lr=0.0001,450,0.5431061585744222,0.5374922075711476
momentum lr=0.0001,451,0.5429060300191243,0.5373318233667342
momentum lr=0.0001,452,0.5426815986633301,0.5372679474599866
momentum lr=0.0001,453,0.5426992456118266,0.5370296603709084
momentum lr=0.0001,454,0.5425719777743022,0.5369838718980897
momentum lr=0.0001,455,0.5423379460970561,0.5367992356806286
momentum lr=0.0001,456,0.542186176776886,0.5366933408629456
momentum lr=0.0001,457,0.5421107252438863,0.536523351191907
momentum lr=0.0001,458,0.5421871662139892,0.5363932095007072
momentum lr=0.0001,459,0.541838777065277,0.5362478845658176
momentum lr=0.0001,460,0.5419000387191772,0.5360901156840274
momentum lr=0.0001,461,0.5416412552197775,0.5359562962356309
momentum lr=0.0001,462,0.5416890581448873,0.5357769593597633
momentum lr=0.0001,463,0.5416440924008687,0.5357146899130338
momentum lr=0.0001,464,0.5412439147631327,0.5356022472745166
momentum lr=0.0001,465,0.5414781490961711,0.5353979315553004
momentum lr=0.0001,466,0.5410295605659485,0.5353170847008667
momentum lr=0.0001,467,0.5409799536069234,0.5350760792768123
momentum lr=0.0001,468,0.5408808588981628,0.534923501374522
momentum lr=0.0001,469,0.5407307465871175,0.5349128725382585
momentum lr=0.0001,470,0.540683138370514,0.5346843243462592
momentum lr=0.0001,471,0.5403536438941956,0.5346273001319356
momentum lr=0.0001,472,0.5402880112330118,0.5344083196497438
momentum lr=0.0001,473,0.5403889616330465,0.534329632573085
momentum lr=0.0001,474,0.5402225454648336,0.5342226241842716
momentum lr=0.0001,475,0.5402465383211772,0.5340226730141894
momentum lr=0.0001,476,0.5399550437927246,0.5339184714042743
momentum lr=0.0001,477,0.5400688131650289,0.5337286732276488
momentum lr=0.0001,478,0.5395447095235189,0.5336999338726264
momentum lr=0.0001,479,0.5395816961924235,0.5335254158033115
momentum lr=0.0001,480,0.5395560065905253,0.533412067023658
momentum lr=0.0001,481,0.5393738428751628,0.5332530522318443
momentum lr=0.0001,482,0.5394267320632935,0.5331507490249283
momentum lr=0.0001,483,0.539156726996104,0.5330131098267181
momentum lr=0.0001,484,0.5390878081321716,0.5328608154334483
momentum lr=0.0001,485,0.5389502803484599,0.5327247813791064
momentum lr=0.0001,486,0.5388785044352213,0.5326212653896766
momentum lr=0.0001,487,0.5387879967689514,0.5325586779562186
momentum lr=0.0001,488,0.5385056893030803,0.5324535293320394
momentum lr=0.0001,489,0.5385050535202026,0.532216651157998
momentum lr=0.0001,490,0.538205615679423,0.5321230130741528
momentum lr=0.0001,491,0.5381434122721355,0.531994042813814
momentum lr=0.0001,492,0.5379659136136373,0.5318537290686327
momentum lr=0.0001,493,0.5380067626635233,0.5317167035892689
momentum lr=0.0001,494,0.5378974795341491,0.5315644758874231
momentum lr=0.0001,495,0.5378853678703308,0.5315355716464346
momentum lr=0.0001,496,0.5377484679222106,0.531358907803247
momentum lr=0.0001,497,0.537715486685435,0.5313068274394571
momentum lr=0.0001,498,0.5375487049420674,0.5311367986927868
momentum lr=0.0001,499,0.5373504757881165,0.5310058833206108
momentum lr=0.0001,500,0.5372086445490519,0.5309130315563605
momentum lr=0.0003,1,0.7779271403948466,1.016402009084152
momentum lr=0.0003,2,0.7342722773551941,0.7681532400272392
momentum lr=0.0003,3,0.7112827857335409,0.7357337662520188
momentum lr=0.0003,4,0.6970294793446858,0.7165211087336615
momentum lr=0.0003,5,0.686609395345052,0.7027263789804817
momentum lr=0.0003,6,0.6782769401868184,0.6927859457665829
momentum lr=0.0003,7,0.6716937383015951,0.6847954205797014
momentum lr=0.0003,8,0.66589515209198,0.6780750292928592
momentum lr=0.0003,9,0.6612946351369222,0.6723873360991863
momentum lr=0.0003,10,0.6572420954704284,0.6676740712861347
momentum lr=0.0003,11,0.6536590695381165,0.6633466077393635
momentum lr=0.0003,12,0.6507938027381897,0.6596561354068504
momentum lr=0.0003,13,0.6474534670511881,0.6561571480343562
momentum lr=0.0003,14,0.6449471791585286,0.6528815289255365
momentum lr=0.0003,15,0.6421415011088053,0.6497610082986751
momentum lr=0.0003,16,0.6395998954772949,0.6471238050422637
momentum lr=0.0003,17,0.6375028093655905,0.6443449114988976
momentum lr=0.0003,18,0.6351787487665812,0.6418783044616648
momentum lr=0.0003,19,0.6334449648857117,0.6397779990609521
momentum lr=0.0003,20,0.6311082561810811,0.637571320757934
momentum lr=0.0003,21,0.6296480298042297,0.6353977411038769
momentum lr=0.0003,22,0.6276991327603658,0.6334624495512337
momentum lr=0.0003,23,0.6262396812438965,0.631700269979587
momentum lr=0.0003,24,0.6247217178344726,0.6299675936072759
momentum lr=0.0003,25,0.6228660265604655,0.6281458347028845
momentum lr=0.0003,26,0.6215364257494609,0.6266609272492687
momentum lr=0.0003,27,0.6206400632858277,0.6249241266768026
momentum lr=0.0003,28,0.619624658425649,0.6234942210558785
momentum lr=0.0003,29,0.6177315990130107,0.6221869012155722
momentum lr=0.0003,30,0.6165783445040385,0.6206253655512068
momentum lr=0.0003,31,0.6153048396110534,0.6192462574159572
momentum lr=0.0003,32,0.6140743851661682,0.6181998550948298
momentum lr=0.0003,33,0.6133239110310872,0.6167349112506845
momentum lr=0.0003,34,0.6119787534077962,0.6153489032053672
momentum lr=0.0003,35,0.610990575949351,0.6144099970063059
momentum lr=0.0003,36,0.6103121995925903,0.6131643707467738
momentum lr=0.0003,37,0.6088922182718913,0.6119482858777626
momentum lr=0.0003,38,0.6079082806905111,0.610744757172355
momentum lr=0.0003,39,0.606708029905955,0.6096309395615952
momentum lr=0.0003,40,0.6059597730636597,0.6086774046934298
momentum lr=0.0003,41,0.6052419106165569,0.6076992486709862
momentum lr=0.0003,42,0.6038733681042989,0.60670256856945
momentum lr=0.0003,43,0.602907927831014,0.6055825005508654
momentum lr=0.0003,44,0.6021901210149129,0.6045605789268488
momentum lr=0.0003,45,0.6013357440630595,0.6036004982655764
momentum lr=0.0003,46,0.6006939689318339,0.6026068299236111
momentum lr=0.0003,47,0.5998370011647542,0.6018233634673531
momentum lr=0.0003,48,0.5989706714948019,0.6009590635425127
momentum lr=0.0003,49,0.5980866074562072,0.5998422221409175
momentum lr=0.0003,50,0.5973111192385355,0.5989105328249457
momentum lr=0.0003,51,0.5966748714447021,0.5981431101411734
momentum lr=0.0003,52,0.5953621864318848,0.5972511578355667
momentum lr=0.0003,53,0.5952871402104696,0.596341053009447
momentum lr=0.0003,54,0.5938914815584818,0.5955009029368354
momentum lr=0.0003,55,0.5939203023910522,0.5945998995168726
momentum lr=0.0003,56,0.5925289193789164,0.5937836841449745
momentum lr=0.0003,57,0.5915538469950358,0.5930424007336837
momentum lr=0.0003,58,0.5910811146100362,0.5920474166560551
momentum lr=0.0003,59,0.5902593890825908,0.5914853703206229
momentum lr=0.0003,60,0.5899196426073711,0.590456172117148
momentum lr=0.0003,61,0.5890074849128724,0.5897585148772911
momentum lr=0.0003,62,0.5883064309755961,0.5888692442240069
momentum lr=0.0003,63,0.5880402247111003,0.5881865863867473
momentum lr=0.0003,64,0.5873858412106832,0.5875057856293583
momentum lr=0.0003,65,0.5864764293034871,0.5867662035050066
momentum lr=0.0003,66,0.5855658173561096,0.5858335954810213
momentum lr=0.0003,67,0.5852357586224873,0.5850833430803596
momentum lr=0.0003,68,0.5839423457781474,0.5843467461002111
momentum lr=0.0003,69,0.5833731532096863,0.58363229624604
momentum lr=0.0003,70,0.5833808422088623,0.5829232735854333
momentum lr=0.0003,71,0.582096795241038,0.5821238191434773
momentum lr=0.0003,72,0.5817281246185303,0.5813475673433821
momentum lr=0.0003,73,0.5809354186058044,0.5806509466450833
momentum lr=0.0003,74,0.5804873943328858,0.5799760102379385
momentum lr=0.0003,75,0.5794688661893209,0.579409285066368
momentum lr=0.0003,76,0.5789197683334351,0.5785856224650767
momentum lr=0.0003,77,0.5782614588737488,0.5779900409028336
momentum lr=0.0003,78,0.5777294993400574,0.5772121348873415
momentum lr=0.0003,79,0.5773845195770264,0.5765872138183351
momentum lr=0.0003,80,0.5765010158220927,0.5760525517939694
momentum lr=0.0003,81,0.5765647093454996,0.5753840174412251
momentum lr=0.0003,82,0.5751263300577799,0.5746799581119394
momentum lr=0.0003,83,0.5752548774083456,0.5740575922744323
momentum lr=0.0003,84,0.5742274800936381,0.5735558336443298
momentum lr=0.0003,85,0.5736457626024882,0.5728122893714694
momentum lr=0.0003,86,0.5735986351966857,0.5721949545193213
momentum lr=0.0003,87,0.5729034662246704,0.5716142257102449
momentum lr=0.0003,88,0.5723503192265829,0.5709398981119411
momentum lr=0.0003,89,0.5716282248497009,0.5702725313024577
momentum lr=0.0003,90,0.5712119738260905,0.569557930423053
momentum lr=0.0003,91,0.570835276444753,0.5691645364565319
momentum lr=0.0003,92,0.5701457142829895,0.5684086360292203
momentum lr=0.0003,93,0.5690236767133077,0.5677788207968305
momentum lr=0.0003,94,0.5689625859260559,0.5672038242579
momentum lr=0.0003,95,0.5683201471964519,0.5666441274817388
momentum lr=0.0003,96,0.5678301453590393,0.5659565027801517
momentum lr=0.0003,97,0.5668691237767537,0.5654220558046458
momentum lr=0.0003,98,0.5671490629514059,0.5648795995627867
momentum lr=0.0003,99,0.566083820660909,0.5642943744146176
momentum lr=0.0003,100,0.5662440737088521,0.5637379611443735
momentum lr=0.0003,101,0.5653834740320841,0.5631329548096479
momentum lr=0.0003,102,0.5648079156875611,0.56263141755463
momentum lr=0.0003,103,0.5645829717318217,0.5618112515359087
momentum lr=0.0003,104,0.5643583774566651,0.5614157630058114
momentum lr=0.0003,105,0.5630229075749715,0.5609935166831491
momentum lr=0.0003,106,0.5628011147181193,0.5602144273551269
momentum lr=0.0003,107,0.5622279604276021,0.5598731704033734
momentum lr=0.0003,108,0.5616044084231059,0.5591624198019832
momentum lr=0.0003,109,0.5613102873166402,0.5586313307727278
momentum lr=0.0003,110,0.560947040716807,0.5581363587877249
momentum lr=0.0003,111,0.5602108995119731,0.5576406701403649
momentum lr=0.0003,112,0.5596694707870483,0.5571435317457066
momentum lr=0.0003,113,0.5597492973009746,0.5565495702830338
momentum lr=0.0003,114,0.5590144316355388,0.5562667976671758
momentum lr=0.0003,115,0.5590518236160278,0.5558200139036039
momentum lr=0.0003,116,0.5580592274665832,0.5550533199105931
momentum lr=0.0003,117,0.5579745888710022,0.5545438163190715
momentum lr=0.0003,118,0.5576052506764729,0.5539282576079146
momentum lr=0.0003,119,0.5565062761306763,0.5534802193755258
momentum lr=0.0003,120,0.5560728748639424,0.5530899401239197
momentum lr=0.0003,121,0.5559059421221415,0.5525388207100778
momentum lr=0.0003,122,0.555928905804952,0.5520814793139389
momentum lr=0.0003,123,0.555117917060852,0.5516556202417914
momentum lr=0.0003,124,0.5543032169342041,0.5509160960792777
momentum lr=0.0003,125,0.553927731513977,0.5505647871564255
momentum lr=0.0003,126,0.5535833040873209,0.5500290566534082
momentum lr=0.0003,127,0.5530511299769084,0.5493963733847946
momentum lr=0.0003,128,0.5526989062627157,0.549049765291154
momentum lr=0.0003,129,0.5525537888209026,0.5485840615527573
momentum lr=0.0003,130,0.5528929948806762,0.5479390078226812
momentum lr=0.0003,131,0.5517058134078979,0.5477681987391748
momentum lr=0.0003,132,0.5510636369387308,0.5472265024124182
momentum lr=0.0003,133,0.5506690184275309,0.5466824174580857
momentum lr=0.0003,134,0.5499680280685425,0.5462240556970684
momentum lr=0.0003,135,0.5498172760009765,0.5457245489174686
momentum lr=0.0003,136,0.5494396368662516,0.5451177545658422
momentum lr=0.0003,137,0.5491081357002259,0.5446880195278194
momentum lr=0.0003,138,0.5489180366198222,0.544539630840762
momentum lr=0.0003,139,0.548144010702769,0.5440098312293473
momentum lr=0.0003,140,0.5479010979334513,0.5433111782337243
momentum lr=0.0003,141,0.5476361314455668,0.543083037779357
momentum lr=0.0003,142,0.5472505807876586,0.5423993185809041
momentum lr=0.0003,143,0.5469894488652547,0.541953544989426
momentum lr=0.0003,144,0.5463077267011006,0.5415888719307123
momentum lr=0.0003,145,0.5458604017893474,0.5413960183139466
momentum lr=0.0003,146,0.5459346175193787,0.5407191887126068
momentum lr=0.0003,147,0.5453395922978719,0.5402386832432682
momentum lr=0.0003,148,0.5443522612253825,0.5399350861335315
momentum lr=0.0003,149,0.5445225278536479,0.5394292341294903
momentum lr=0.0003,150,0.5439195672671,0.5391389575916505
momentum lr=0.0003,151,0.5439632097880046,0.5387352081548625
momentum lr=0.0003,152,0.5433095057805379,0.5383970643475267
momentum lr=0.0003,153,0.5438988685607911,0.5379398058094023
momentum lr=0.0003,154,0.542542576789856,0.5377399043798359
momentum lr=0.0003,155,0.5430629173914592,0.5370159318714268
momentum lr=0.0003,156,0.5416106979052225,0.5367081188720035
momentum lr=0.0003,157,0.5418165167172749,0.5365414439398429
momentum lr=0.0003,158,0.5411821166674297,0.5360062751571196
momentum lr=0.0003,159,0.5413559277852377,0.5353039861610908
momentum lr=0.0003,160,0.5405446132024129,0.5352256145385391
momentum lr=0.0003,161,0.5407262523969014,0.534616940055791
momentum lr=0.0003,162,0.5402231574058532,0.5344574425749661
momentum lr=0.0003,163,0.5393709858258565,0.5339025967075235
momentum lr=0.0003,164,0.5399232745170593,0.5333713096611092
momentum lr=0.0003,165,0.539015265305837,0.5332384198708129
momentum lr=0.0003,166,0.5382215261459351,0.5326634712467305
momentum lr=0.0003,167,0.5384245236714681,0.5323637656639272
momentum lr=0.0003,168,0.5379721562067667,0.5320232847885964
momentum lr=0.0003,169,0.5375533302625021,0.5316674129426634
momentum lr=0.0003,170,0.5377058386802673,0.5310906245877824
momentum lr=0.0003,171,0.5369410514831543,0.5310726227368122
momentum lr=0.0003,172,0.5364263335863749,0.5305259123901807
momentum lr=0.0003,173,0.5373432556788127,0.5302606585018359
momentum lr=0.0003,174,0.5359870394070944,0.5297543837440427
momentum lr=0.0003,175,0.5355889201164246,0.5295472863013192
momentum lr=0.0003,176,0.5352733651796977,0.5292435287353333
momentum lr=0.0003,177,0.5356144785881043,0.5288449643134666
momentum lr=0.0003,178,0.5350098172823589,0.528375302742142
momentum lr=0.0003,179,0.5346656958262126,0.5281142581009457
momentum lr=0.0003,180,0.5340276757876078,0.528006438716111
momentum lr=0.0003,181,0.5339462399482727,0.5274579317229448
momentum lr=0.0003,182,0.5336988886197408,0.526992051991455
momentum lr=0.0003,183,0.5330747207005818,0.5265849244197742
momentum lr=0.0003,184,0.5328602353731792,0.5261604857536918
momentum lr=0.0003,185,0.5324454148610432,0.5259420294583115
momentum lr=0.0003,186,0.5326891660690307,0.5255345154330022
momentum lr=0.0003,187,0.5328696052233378,0.5251830886910244
momentum lr=0.0003,188,0.5316842675209046,0.5250905311380966
momentum lr=0.0003,189,0.53109769821167,0.5244881151743953
momentum lr=0.0003,190,0.5313710530598958,0.5243578505530628
momentum lr=0.0003,191,0.5307425856590271,0.5239151763233785
momentum lr=0.0003,192,0.5308205803235372,0.5238823869443329
momentum lr=0.0003,193,0.5303955435752868,0.5234108031756393
momentum lr=0.0003,194,0.5301550269126892,0.5230561315945944
momentum lr=0.0003,195,0.5297331611315409,0.5226168862547306
momentum lr=0.0003,196,0.5289972980817159,0.5225781518123652
momentum lr=0.0003,197,0.5293506860733033,0.5219606799320288
momentum lr=0.0003,198,0.5296749393145244,0.5218330554417878
momentum lr=0.0003,199,0.5289354443550109,0.5215612080505251
momentum lr=0.0003,200,0.5290529131889343,0.5212633271157132
momentum lr=0.0003,201,0.527796729405721,0.520944269210753
momentum lr=0.0003,202,0.5280148267745972,0.5205661621817607
momentum lr=0.0003,203,0.527530026435852,0.5201993972112434
momentum lr=0.0003,204,0.5271275361378988,0.5201714404871015
momentum lr=0.0003,205,0.5275273998578389,0.5196208942622484
momentum lr=0.0003,206,0.526954174041748,0.5193199880306163
momentum lr=0.0003,207,0.5262019356091817,0.5191237277392632
momentum lr=0.0003,208,0.5260298689206441,0.518799756685388
momentum lr=0.0003,209,0.5262504339218139,0.5184410940738491
momentum lr=0.0003,210,0.5258399367332458,0.5181480921529262
momentum lr=0.0003,211,0.525572685400645,0.5179347802621699
momentum lr=0.0003,212,0.5258491079012553,0.5177218540474435
momentum lr=0.0003,213,0.5255083521207173,0.5175061839544997
momentum lr=0.0003,214,0.5249033371607462,0.5172355282839854
momentum lr=0.0003,215,0.5245360136032104,0.516825480138076
momentum lr=0.0003,216,0.5243610382080078,0.5163228249964251
momentum lr=0.0003,217,0.523705001672109,0.5167175396352585
momentum lr=0.0003,218,0.5241793394088745,0.5157203561123063
momentum lr=0.0003,219,0.5235813577969869,0.5155525399366055
momentum lr=0.0003,220,0.5238673289616903,0.5152967987680385
momentum lr=0.0003,221,0.5233110706011455,0.5152552447451214
momentum lr=0.0003,222,0.523228387037913,0.5147581426961156
momentum lr=0.0003,223,0.5224658131599427,0.5145751540181307
momentum lr=0.0003,224,0.5232512911160787,0.5142640900832548
momentum lr=0.0003,225,0.5223212798436483,0.5141159973910673
momentum lr=0.0003,226,0.5221916198730469,0.5139681841322282
momentum lr=0.0003,227,0.5212213118871053,0.513444865730977
momentum lr=0.0003,228,0.5213878393173218,0.513246434020324
momentum lr=0.0003,229,0.520951243241628,0.5129576623713277
momentum lr=0.0003,230,0.5207090973854065,0.5126588562183196
momentum lr=0.0003,231,0.5209877848625183,0.5125633673679381
momentum lr=0.0003,232,0.5211852828661601,0.5126789300296174
momentum lr=0.0003,233,0.5207348744074504,0.5121847719450126
momentum lr=0.0003,234,0.5199609319368999,0.511609921109394
momentum lr=0.0003,235,0.5200256824493408,0.5115158010621027
momentum lr=0.0003,236,0.5201196312904358,0.5109624503065926
momentum lr=0.0003,237,0.5197510957717896,0.5109825464142685
momentum lr=0.0003,238,0.5198332746823628,0.5108608231457613
momentum lr=0.0003,239,0.518819797039032,0.5105239232828639
momentum lr=0.0003,240,0.5184406439463297,0.5101957659129607
momentum lr=0.0003,241,0.5188360373179118,0.5096881465976625
momentum lr=0.0003,242,0.5182348847389221,0.5095773789563941
momentum lr=0.0003,243,0.5182164311408997,0.5093963030253286
momentum lr=0.0003,244,0.5178575952847798,0.5092745347994213
momentum lr=0.0003,245,0.5175999164581299,0.5091470432917882
momentum lr=0.0003,246,0.5181522647539775,0.5084653111666089
momentum lr=0.0003,247,0.5177588065465292,0.5084390912917008
momentum lr=0.0003,248,0.5168200929959615,0.508064885626579
momentum lr=0.0003,249,0.5173045595486959,0.508006567697014
momentum lr=0.0003,250,0.5165852268536886,0.5078739819780945
momentum lr=0.0003,251,0.5168162941932678,0.507380527195934
momentum lr=0.0003,252,0.5162898619969686,0.5072719120513988
momentum lr=0.0003,253,0.5166555960973104,0.5070489362764972
momentum lr=0.0003,254,0.5160953064759572,0.5069514042363016
momentum lr=0.0003,255,0.5172168056170146,0.5065185686631131
momentum lr=0.0003,256,0.5160169899463654,0.5063232866010395
momentum lr=0.0003,257,0.5155156433582306,0.5064301145091327
momentum lr=0.0003,258,0.514969676733017,0.5057420316977513
momentum lr=0.0003,259,0.5152507344881694,0.5055256996066454
momentum lr=0.0003,260,0.514781407515208,0.5054212225545782
momentum lr=0.0003,261,0.5138517836729686,0.5050640683705311
momentum lr=0.0003,262,0.5149540225664775,0.5048096158539217
momentum lr=0.0003,263,0.5154110928376515,0.5047743204528248
momentum lr=0.0003,264,0.5135303060213725,0.5048186277379959
momentum lr=0.0003,265,0.5136666576067607,0.5041842139489595
momentum lr=0.0003,266,0.5138442138830821,0.5038401301948551
momentum lr=0.0003,267,0.5140959958235423,0.5038355418740144
momentum lr=0.0003,268,0.5139910340309143,0.503488404273012
momentum lr=0.0003,269,0.5132748305797576,0.5031863442458517
momentum lr=0.0003,270,0.5136212766170501,0.5029835891186532
momentum lr=0.0003,271,0.5128044247627258,0.5030158825721965
momentum lr=0.0003,272,0.5121818999449412,0.5026192577690609
momentum lr=0.0003,273,0.5125466704368591,0.5024888590028762
momentum lr=0.0003,274,0.512412832180659,0.5022653528910596
momentum lr=0.0003,275,0.5126905937989553,0.5021408187573835
momentum lr=0.0003,276,0.5118677457173665,0.5017824441486829
momentum lr=0.0003,277,0.5115036209424336,0.501602291683298
momentum lr=0.0003,278,0.5118779341379801,0.5013194709517861
momentum lr=0.0003,279,0.5117117007573445,0.5012805830393716
momentum lr=0.0003,280,0.5109668910503388,0.5010587688353552
momentum lr=0.0003,281,0.5114429732163747,0.5005398269256778
momentum lr=0.0003,282,0.5114520748456319,0.5009260749089527
momentum lr=0.0003,283,0.5119398673375447,0.5004289194159064
momentum lr=0.0003,284,0.5101983567078908,0.5004827517489597
momentum lr=0.0003,285,0.5113299508889516,0.4996493064333158
momentum lr=0.0003,286,0.5104273855686188,0.4997138122624287
momentum lr=0.0003,287,0.5100236614545186,0.49953533601558375
momentum lr=0.0003,288,0.5097895542780558,0.4991634106231928
momentum lr=0.0003,289,0.5093886653582255,0.4991622064546793
momentum lr=0.0003,290,0.509296852350235,0.498674392068666
momentum lr=0.0003,291,0.5095779736836751,0.49864050035185986
momentum lr=0.0003,292,0.509063325325648,0.4984642002381376
momentum lr=0.0003,293,0.509538718064626,0.498325799409924
momentum lr=0.0003,294,0.5097561498483022,0.4985001599989902
momentum lr=0.0003,295,0.5083617548147837,0.49795831831140813
momentum lr=0.0003,296,0.5076470633347829,0.4975069588519789
momentum lr=0.0003,297,0.5082607845465342,0.49730782878842117
momentum lr=0.0003,298,0.5088875234127045,0.4972328378681769
momentum lr=0.0003,299,0.5075365424156189,0.4973345697588286
momentum lr=0.0003,300,0.5084587931632996,0.4967240274292581
momentum lr=0.0003,301,0.5082761605580648,0.49677991454482995
momentum lr=0.0003,302,0.5070209344228108,0.49660995105729955
momentum lr=0.0003,303,0.507889066139857,0.4963204814311109
momentum lr=0.0003,304,0.5074526170889536,0.4960008356355918
momentum lr=0.0003,305,0.5062813560167948,0.49580361997743305
momentum lr=0.0003,306,0.5067463556925456,0.49584121215287363
momentum lr=0.0003,307,0.5073185384273529,0.49562033364218044
momentum lr=0.0003,308,0.5065316478411357,0.49564007018915857
momentum lr=0.0003,309,0.5061995645364126,0.4951965455780905
momentum lr=0.0003,310,0.5059414704640707,0.4950742942570938
momentum lr=0.0003,311,0.5060647428035736,0.4947799557121599
momentum lr=0.0003,312,0.5058317720890045,0.4945829010651012
momentum lr=0.0003,313,0.505419260263443,0.49456147281293106
momentum lr=0.0003,314,0.5060540477434794,0.4941038698775321
momentum lr=0.0003,315,0.5052111705144247,0.49412205620802024
momentum lr=0.0003,316,0.505088992913564,0.49350375350016074
momentum lr=0.0003,317,0.5059727410475413,0.4935184774581179
momentum lr=0.0003,318,0.5049409369627634,0.49365850666323413
momentum lr=0.0003,319,0.5051501433054606,0.4933481023070162
momentum lr=0.0003,320,0.5058646678924561,0.49288562943415004
momentum lr=0.0003,321,0.5045507669448852,0.49319099793724147
momentum lr=0.0003,322,0.5044746696949005,0.49266111097440574
momentum lr=0.0003,323,0.504250991344452,0.49243983395868035
momentum lr=0.0003,324,0.5051457266012828,0.49236526901229016
momentum lr=0.0003,325,0.5042313436667124,0.4922526272464421
momentum lr=0.0003,326,0.5034889101982116,0.4920169071625868
momentum lr=0.0003,327,0.5043747107187907,0.4918583577059323
momentum lr=0.0003,328,0.5032027701536814,0.49189909064704856
momentum lr=0.0003,329,0.5046829303105672,0.4914285751410768
momentum lr=0.0003,330,0.5040610273679097,0.4914082525897429
momentum lr=0.0003,331,0.5034641007582347,0.4912174447890175
momentum lr=0.0003,332,0.5027097503344218,0.49127326515592096
momentum lr=0.0003,333,0.5024818678696951,0.49100274013380896
momentum lr=0.0003,334,0.5033738990624745,0.4907270516157119
momentum lr=0.0003,335,0.5030757943789165,0.49060752470444857
momentum lr=0.0003,336,0.5024039367834727,0.4905064805241121
momentum lr=0.0003,337,0.5021217346191407,0.49022932114707335
momentum lr=0.0003,338,0.502370313803355,0.48991762502023684
momentum lr=0.0003,339,0.5017838418483734,0.48978477142991594
momentum lr=0.0003,340,0.5018444915612539,0.48950891835909244
momentum lr=0.0003,341,0.5017233689626058,0.48941758294959814
momentum lr=0.0003,342,0.5016492625077565,0.4894071596803994
momentum lr=0.0003,343,0.5015632073084514,0.48908136280457326
momentum lr=0.0003,344,0.5008914689222972,0.4888244097422881
momentum lr=0.0003,345,0.5011311074097952,0.4886844764075583
momentum lr=0.0003,346,0.5010797500610351,0.4886242938031186
momentum lr=0.0003,347,0.5008757770061493,0.4885393495962056
momentum lr=0.0003,348,0.5011322200298309,0.4881789472915526
momentum lr=0.0003,349,0.5013775487740835,0.488183642499926
momentum lr=0.0003,350,0.5006344000498454,0.4881557970395901
momentum lr=0.0003,351,0.5014238993326823,0.4879532138495601
momentum lr=0.0003,352,0.500911392768224,0.4877176909863013
momentum lr=0.0003,353,0.5003424902757009,0.4874932473974573
momentum lr=0.0003,354,0.5005932807922363,0.487135830020529
momentum lr=0.0003,355,0.5004112541675567,0.4872307403259513
momentum lr=0.0003,356,0.5012086669603983,0.48733148556025846
momentum lr=0.0003,357,0.4998723069826762,0.48694603587052004
momentum lr=0.0003,358,0.499712077776591,0.48677657161353965
momentum lr=0.0003,359,0.4993083417415619,0.4865215212588639
momentum lr=0.0003,360,0.49954782327016195,0.4863496804577619
momentum lr=0.0003,361,0.5001647651195527,0.4861443077773306
momentum lr=0.0003,362,0.5005628784497579,0.48617235427004674
momentum lr=0.0003,363,0.499898491303126,0.48604614137944957
momentum lr=0.0003,364,0.49996453324953716,0.4857082271551008
momentum lr=0.0003,365,0.49949133197466533,0.4857433084443273
momentum lr=0.0003,366,0.49933180610338845,0.4858302662135995
momentum lr=0.0003,367,0.4988256812095642,0.4855772474824807
momentum lr=0.0003,368,0.4984469056129456,0.48496427021556093
momentum lr=0.0003,369,0.49854122996330263,0.48490215886070503
momentum lr=0.0003,370,0.4981121877829234,0.48499481183505666
momentum lr=0.0003,371,0.49972129662831627,0.48464881376355523
momentum lr=0.0003,372,0.4976658284664154,0.48436069023141803
momentum lr=0.0003,373,0.4978675842285156,0.48450683400092504
momentum lr=0.0003,374,0.4979330102602641,0.4839862215176817
momentum lr=0.0003,375,0.497291362285614,0.48403193285531393
momentum lr=0.0003,376,0.4984386722246806,0.48365642598681446
momentum lr=0.0003,377,0.4971966564655304,0.48469362043192815
momentum lr=0.0003,378,0.49781263470649717,0.48364322612353067
momentum lr=0.0003,379,0.4970096965630849,0.4835610698836375
momentum lr=0.0003,380,0.4974915583928426,0.48328003024155947
momentum lr=0.0003,381,0.49698206583658855,0.4831362774745047
momentum lr=0.0003,382,0.4971468230088552,0.48306214935707914
momentum lr=0.0003,383,0.4971937656402588,0.48273060459068906
momentum lr=0.0003,384,0.49720372557640075,0.48276363448002446
momentum lr=0.0003,385,0.49628807107607525,0.48279795798065256
momentum lr=0.0003,386,0.4967441519101461,0.48246919508713015
momentum lr=0.0003,387,0.49679603974024455,0.482349592921927
momentum lr=0.0003,388,0.4968250095844269,0.48213984352121886
momentum lr=0.0003,389,0.4960506578286489,0.481736766108973
momentum lr=0.0003,390,0.49671710729599,0.48191265160006935
momentum lr=0.0003,391,0.49665941993395485,0.48192759136879226
momentum lr=0.0003,392,0.49571237762769066,0.48154592782494865
momentum lr=0.0003,393,0.49598236481348673,0.4813733187515402
momentum lr=0.0003,394,0.4961193859577179,0.4810573438233654
momentum lr=0.0003,395,0.4956749300161997,0.48114928790021605
momentum lr=0.0003,396,0.4952945331732432,0.4811091832859505
momentum lr=0.0003,397,0.4960156341393789,0.48077898858035883
momentum lr=0.0003,398,0.4950343132019043,0.48081046661976173
momentum lr=0.0003,399,0.49642626841862997,0.48077999086370415
momentum lr=0.0003,400,0.4954833149909973,0.48072848705675914
momentum lr=0.0003,401,0.49504048625628155,0.4803660592226228
momentum lr=0.0003,402,0.4954348603884379,0.48015987938636073
momentum lr=0.0003,403,0.49436577359835304,0.48000543246963584
momentum lr=0.0003,404,0.4944179574648539,0.47959814189480277
momentum lr=0.0003,405,0.49495444893836976,0.4796291507422628
momentum lr=0.0003,406,0.4951101322968801,0.47967970094749496
momentum lr=0.0003,407,0.4947893659273783,0.47961961505065503
momentum lr=0.0003,408,0.4940123895804087,0.479429309627077
momentum lr=0.0003,409,0.4948406676451365,0.479088387510618
momentum lr=0.0003,410,0.4943743367989858,0.4791544221232489
momentum lr=0.0003,411,0.49479567805926006,0.47894267331959556
momentum lr=0.0003,412,0.4947969317436218,0.47886239155033417
momentum lr=0.0003,413,0.49376538395881653,0.4786143383646503
momentum lr=0.0003,414,0.4934767862161001,0.47870059793856695
momentum lr=0.0003,415,0.49319780071576436,0.47807486071763017
momentum lr=0.0003,416,0.4939807375272115,0.478253366966232
momentum lr=0.0003,417,0.4934624453385671,0.478261498122916
momentum lr=0.0003,418,0.4930430908997854,0.4777513814074032
momentum lr=0.0003,419,0.49304542342821756,0.4777072110071722
momentum lr=0.0003,420,0.49271085262298586,0.4776573725992335
momentum lr=0.0003,421,0.49334968328475953,0.4774349292337194
momentum lr=0.0003,422,0.49230147202809654,0.4775633782621675
momentum lr=0.0003,423,0.49301787416140236,0.4771527962164017
momentum lr=0.0003,424,0.492421946922938,0.4771892656729012
momentum lr=0.0003,425,0.4936640739440918,0.4768996162868556
momentum lr=0.0003,426,0.49231420159339906,0.4774546798689968
momentum lr=0.0003,427,0.49317585627237953,0.47687787313879887
momentum lr=0.0003,428,0.4918260713418325,0.47665205353611456
momentum lr=0.0003,429,0.49348631699879963,0.4765554052648999
momentum lr=0.0003,430,0.49336088498433434,0.47670903399044795
momentum lr=0.0003,431,0.4917540669441223,0.47647725166544536
momentum lr=0.0003,432,0.49162055452664694,0.47588848015720314
momentum lr=0.0003,433,0.4916416843732198,0.4757235911912556
momentum lr=0.0003,434,0.4919988811016083,0.47571809410003524
momentum lr=0.0003,435,0.4927913824717204,0.4756812987894518
momentum lr=0.0003,436,0.49145130316416424,0.4754766608987536
momentum lr=0.0003,437,0.4914099792639414,0.4753658351532613
momentum lr=0.0003,438,0.49150297443072,0.47549766223071604
momentum lr=0.0003,439,0.4916854004065196,0.4750017863507024
momentum lr=0.0003,440,0.4912841240564982,0.47522902915560883
momentum lr=0.0003,441,0.4915917098522186,0.47489773708228816
momentum lr=0.0003,442,0.4911281267801921,0.4747465134783277
momentum lr=0.0003,443,0.49077141483624775,0.47476565752667516
momentum lr=0.0003,444,0.4913723627726237,0.4747044386539692
momentum lr=0.0003,445,0.49186749855677286,0.47447874458711276
momentum lr=0.0003,446,0.4900039811929067,0.4745904262292326
momentum lr=0.0003,447,0.4904810388882955,0.4741891178749113
momentum lr=0.0003,448,0.4913730800151825,0.47407947320684335
momentum lr=0.0003,449,0.4901990671952566,0.4736307753613167
momentum lr=0.0003,450,0.49044208923975624,0.47364025675903465
momentum lr=0.0003,451,0.48916701873143514,0.473779752592404
momentum lr=0.0003,452,0.49001882672309877,0.47353694596444434
momentum lr=0.0003,453,0.49067184925079343,0.4732415225956982
momentum lr=0.0003,454,0.49130899310112,0.47357969207551587
momentum lr=0.0003,455,0.4892457127571106,0.4733435477627207
momentum lr=0.0003,456,0.4894063611825307,0.4732740569186701
momentum lr=0.0003,457,0.48974479039510094,0.47310503426865685
momentum lr=0.0003,458,0.48992167313893636,0.47287365199161935
momentum lr=0.0003,459,0.48913928667704265,0.4729635438406321
momentum lr=0.0003,460,0.4896174172560374,0.47237321672360805
momentum lr=0.0003,461,0.48952269156773887,0.47238517256091644
momentum lr=0.0003,462,0.4901541749636332,0.4723078067924093
momentum lr=0.0003,463,0.48917898734410603,0.4722457175843361
momentum lr=0.0003,464,0.4887401004632314,0.4720909172197943
momentum lr=0.0003,465,0.48940256039301555,0.4718971704501284
momentum lr=0.0003,466,0.48942326108614603,0.4718812552130585
momentum lr=0.0003,467,0.48823846181233727,0.47160123653537683
momentum lr=0.0003,468,0.48840880181108204,0.4717980752129814
momentum lr=0.0003,469,0.4884010297911508,0.47195803591963414
momentum lr=0.0003,470,0.4889031925371715,0.47158789139009544
momentum lr=0.0003,471,0.4881370684930256,0.47154286907499615
momentum lr=0.0003,472,0.48788219690322876,0.4714727219105637
momentum lr=0.0003,473,0.48944383008139475,0.471219050411918
momentum lr=0.0003,474,0.48749067953654696,0.47112720232611366
momentum lr=0.0003,475,0.4877542661769049,0.4709803227315778
momentum lr=0.0003,476,0.48871470987796783,0.47091640966915926
momentum lr=0.0003,477,0.4882390371390751,0.47059231422866993
momentum lr=0.0003,478,0.4874365372317178,0.47089331864185263
momentum lr=0.0003,479,0.48818009878907886,0.470813261982059
momentum lr=0.0003,480,0.48747581030641285,0.4706584171268738
momentum lr=0.0003,481,0.487459516951016,0.470327041832384
momentum lr=0.0003,482,0.4879838079214096,0.47041607922861745
momentum lr=0.0003,483,0.4877556392124721,0.4700620490840386
momentum lr=0.0003,484,0.487231861267771,0.4698394964846231
momentum lr=0.0003,485,0.48719100441251484,0.46965288070587763
momentum lr=0.0003,486,0.4878579420702798,0.46985224283247895
momentum lr=0.0003,487,0.4885962371315275,0.46981090690767785
momentum lr=0.0003,488,0.4872054968561445,0.46978635686494113
momentum lr=0.0003,489,0.48735703102179934,0.46933868394926764
momentum lr=0.0003,490,0.4874257615634373,0.46953269682448384
momentum lr=0.0003,491,0.4868127575942448,0.4693262053547366
momentum lr=0.0003,492,0.4863607585430145,0.4693218673326663
momentum lr=0.0003,493,0.48633792996406555,0.46908948855280075
momentum lr=0.0003,494,0.487101925270898,0.46906646528770984
momentum lr=0.0003,495,0.48670866659709383,0.4691960202007225
momentum lr=0.0003,496,0.48664424461977823,0.46875707121750926
momentum lr=0.0003,497,0.4858164148671286,0.46875220727751066
momentum lr=0.0003,498,0.4860693407910211,0.4683625760320364
momentum lr=0.0003,499,0.48638081337724415,0.4684314710428545
momentum lr=0.0003,500,0.48642876531396595,0.46851412809045295
momentum lr=0.001,1,0.7091184576352437,0.8910715869219009
momentum lr=0.001,2,0.6763185501098633,0.7030864071292451
momentum lr=0.001,3,0.6592603723208109,0.6772836456692274
momentum lr=0.001,4,0.6489585320154826,0.6630964938407097
momentum lr=0.001,5,0.6435658653577169,0.6517707809722413
momentum lr=0.001,6,0.6360433379809062,0.6444006627841807
momentum lr=0.001,7,0.6290498693784078,0.6374595123086996
momentum lr=0.001,8,0.6237687945365906,0.6310013806431861
momentum lr=0.001,9,0.6203983068466187,0.6257805621815826
momentum lr=0.001,10,0.6163839975992839,0.6217380969704023
momentum lr=0.001,11,0.6116875926653544,0.6174753895500144
momentum lr=0.001,12,0.6107290347417196,0.6135875608780561
momentum lr=0.001,13,0.6065693100293478,0.6108968645584222
momentum lr=0.001,14,0.602987273534139,0.6070376001176768
momentum lr=0.001,15,0.600165605545044,0.6036737676727032
momentum lr=0.001,16,0.5969232638676961,0.6013286727235386
momentum lr=0.001,17,0.5954153617223104,0.5979881951690663
momentum lr=0.001,18,0.5936761657396953,0.5950741464018882
momentum lr=0.001,19,0.590470822652181,0.5930623808770917
momentum lr=0.001,20,0.5886162559191386,0.5902773640717406
momentum lr=0.001,21,0.5859000444412231,0.5879589228106004
momentum lr=0.001,22,0.58527725537618,0.585355582053184
momentum lr=0.001,23,0.5822625041007996,0.5833294598884816
momentum lr=0.001,24,0.5807390173276266,0.5810459283551511
momentum lr=0.001,25,0.5786766568819682,0.578520758148372
momentum lr=0.001,26,0.5764135678609212,0.5772885790104676
momentum lr=0.001,27,0.5743157029151916,0.5748208988235073
momentum lr=0.001,28,0.5734331965446472,0.5723574561376387
momentum lr=0.001,29,0.5718220194180806,0.5712634582613693
momentum lr=0.001,30,0.5691247701644897,0.5686579778851989
momentum lr=0.001,31,0.569752832253774,0.5670168612151653
momentum lr=0.001,32,0.5701383352279663,0.5655647855489762
momentum lr=0.001,33,0.5644852002461751,0.5638349160863518
momentum lr=0.001,34,0.5656503399213155,0.5611320786952145
momentum lr=0.001,35,0.5629990736643473,0.5608440232567331
momentum lr=0.001,36,0.5601038058598836,0.5582160965726828
momentum lr=0.001,37,0.5587390144666036,0.5563707290640393
momentum lr=0.001,38,0.5579956968625387,0.5547250328155242
momentum lr=0.001,39,0.5554083307584127,0.553289978059736
momentum lr=0.001,40,0.5556055108706156,0.5511791040676323
momentum lr=0.001,41,0.5531694968541463,0.5505617751349645
momentum lr=0.001,42,0.551409645875295,0.5493283601008395
momentum lr=0.001,43,0.550825548171997,0.5475363647679803
momentum lr=0.001,44,0.5498563806215923,0.5457131342167438
momentum lr=0.001,45,0.5482462406158447,0.5446236993050877
momentum lr=0.001,46,0.5460222403208415,0.5433644762522624
momentum lr=0.001,47,0.546571425596873,0.5420643042406562
momentum lr=0.001,48,0.5465414563814799,0.5408702883959625
momentum lr=0.001,49,0.5437910914421081,0.5393640790254662
momentum lr=0.001,50,0.543080202738444,0.5373995399320566
momentum lr=0.001,51,0.5420074383417766,0.5364512701524441
momentum lr=0.001,52,0.5396524786949157,0.5357026994614693
momentum lr=0.001,53,0.540393610795339,0.534689787558545
momentum lr=0.001,54,0.5393479267756144,0.5330119961307551
momentum lr=0.001,55,0.538503094514211,0.531676286042155
momentum lr=0.001,56,0.5394087950388591,0.5310954388871952
momentum lr=0.001,57,0.5348728775978089,0.5305347783300935
momentum lr=0.001,58,0.5353250106175741,0.5283969512280362
momentum lr=0.001,59,0.5339096864064534,0.527817450812449
momentum lr=0.001,60,0.5318109393119812,0.5265915680091815
momentum lr=0.001,61,0.5311516284942627,0.5255906201730767
momentum lr=0.001,62,0.5338843067487081,0.5241678402985629
momentum lr=0.001,63,0.5314407189687093,0.5237312834878657
momentum lr=0.001,64,0.5320215264956156,0.5230393615216217
momentum lr=0.001,65,0.5287702878316244,0.5225459278749663
momentum lr=0.001,66,0.5261853019396464,0.5205155830372205
momentum lr=0.001,67,0.525815212726593,0.5194862403962348
momentum lr=0.001,68,0.526815668741862,0.5189822089334813
momentum lr=0.001,69,0.5249089121818542,0.518533134609026
momentum lr=0.001,70,0.5232357541720073,0.5169903941369635
momentum lr=0.001,71,0.5237958033879598,0.5165155541974086
momentum lr=0.001,72,0.5233229120572408,0.5156271645398305
momentum lr=0.001,73,0.5235430757204692,0.5150069133452643
momentum lr=0.001,74,0.5243981719017029,0.5143565320961732
momentum lr=0.001,75,0.5211255629857381,0.5135766479959253
momentum lr=0.001,76,0.5200074235598247,0.5125295347907692
momentum lr=0.001,77,0.521052074432373,0.5119648387414796
momentum lr=0.001,78,0.5194472273190817,0.511632527033234
momentum lr=0.001,79,0.5196822444597881,0.510121204299594
momentum lr=0.001,80,0.521168327331543,0.5099859456951608
momentum lr=0.001,81,0.5181901017824809,0.5096456967332419
momentum lr=0.001,82,0.518380073706309,0.5081146197118922
momentum lr=0.001,83,0.518936022122701,0.507714806254837
momentum lr=0.001,84,0.5166648050149282,0.5073193049265344
momentum lr=0.001,85,0.5180661718050639,0.5060189848156995
momentum lr=0.001,86,0.5157709221045176,0.5057909808577867
momentum lr=0.001,87,0.514169971148173,0.5051535367736094
momentum lr=0.001,88,0.5157635668913524,0.5040769303881903
momentum lr=0.001,89,0.5117636124293009,0.5037712860916445
momentum lr=0.001,90,0.5143323918183644,0.5024966220250623
momentum lr=0.001,91,0.513173379500707,0.5021075629435074
momentum lr=0.001,92,0.5127151270707448,0.5014839808129311
momentum lr=0.001,93,0.5120619813601176,0.5009176583192742
momentum lr=0.001,94,0.5139945328235627,0.5004553043933766
momentum lr=0.001,95,0.5120967308680217,0.49976767576653586
momentum lr=0.001,96,0.5133742034435272,0.49892636553608505
momentum lr=0.001,97,0.5101177036762238,0.5000814820097784
momentum lr=0.001,98,0.5116638282934824,0.49857865080532426
momentum lr=0.001,99,0.5093111356099447,0.4981444789440287
momentum lr=0.001,100,0.509111362695694,0.49700674994648036
momentum lr=0.001,101,0.5082403322060903,0.4961387095925829
momentum lr=0.001,102,0.5080500562985738,0.496273692492739
momentum lr=0.001,103,0.5053782761096954,0.49500395808017167
momentum lr=0.001,104,0.5084584593772888,0.49443713618203755
momentum lr=0.001,105,0.5045809845129648,0.4938799955418834
momentum lr=0.001,106,0.5055912256240844,0.49356878389066156
momentum lr=0.001,107,0.5053584237893423,0.4932710287268848
momentum lr=0.001,108,0.5044208705425263,0.4923678279571882
momentum lr=0.001,109,0.5020191311836243,0.49174690937275595
momentum lr=0.001,110,0.5083412726720175,0.4923180549065002
momentum lr=0.001,111,0.5045755902926127,0.49083094322763865
momentum lr=0.001,112,0.5029852648576101,0.49124298630571395
momentum lr=0.001,113,0.5043691436449687,0.48984479450819973
momentum lr=0.001,114,0.5057747622330984,0.49047794402106437
momentum lr=0.001,115,0.5034205615520477,0.490061430070851
momentum lr=0.001,116,0.5027774333953857,0.4879582065487575
momentum lr=0.001,117,0.5030354758103689,0.48872192223025157
momentum lr=0.001,118,0.5024458587169647,0.4874367511417246
momentum lr=0.001,119,0.4997803449630737,0.4878774153749295
momentum lr=0.001,120,0.4980825344721476,0.486495269867947
momentum lr=0.001,121,0.49948302904764813,0.48621339976720174
momentum lr=0.001,122,0.5003513932228089,0.4852808203164899
momentum lr=0.001,123,0.498995174964269,0.4855213270350279
momentum lr=0.001,124,0.4987155556678772,0.4849292081730506
momentum lr=0.001,125,0.4977926254272461,0.4847614936950421
momentum lr=0.001,126,0.4957114497820536,0.4836799702967738
momentum lr=0.001,127,0.49729593793551125,0.4832437411405559
momentum lr=0.001,128,0.497124046087265,0.48310556085791284
momentum lr=0.001,129,0.4958379089832306,0.48243986035049363
momentum lr=0.001,130,0.49734697739283246,0.4813327909258422
momentum lr=0.001,131,0.49895740350087486,0.4814830232720864
momentum lr=0.001,132,0.49899007280667623,0.48303783167681474
momentum lr=0.001,133,0.4971553464730581,0.480757925221779
momentum lr=0.001,134,0.4947390476862589,0.48154118299865883
momentum lr=0.001,135,0.493922088543574,0.480821477028251
momentum lr=0.001,136,0.4935150464375814,0.47917310024745924
momentum lr=0.001,137,0.4947879056135813,0.48028265750413496
momentum lr=0.001,138,0.4964535137017568,0.47938715650448466
momentum lr=0.001,139,0.49496527910232546,0.47907232461037147
momentum lr=0.001,140,0.49453337987263996,0.4780992952062914
momentum lr=0.001,141,0.4936597486337026,0.4783365102510731
momentum lr=0.001,142,0.4925253391265869,0.4767596371852923
momentum lr=0.001,143,0.4932786206404368,0.4772464210165813
momentum lr=0.001,144,0.4948668817679087,0.47617609697365154
momentum lr=0.001,145,0.4915638526280721,0.47633192243197964
momentum lr=0.001,146,0.49205876191457115,0.4753519470157996
momentum lr=0.001,147,0.4906767288843791,0.47492668355498796
momentum lr=0.001,148,0.4920722146828969,0.4746149381414765
momentum lr=0.001,149,0.4911597808202108,0.47467957915304926
momentum lr=0.001,150,0.4917875071366628,0.47450274455558616
momentum lr=0.001,151,0.49003297289212544,0.4748246686149554
momentum lr=0.001,152,0.4890659213066101,0.473266530316781
momentum lr=0.001,153,0.4977369785308838,0.4731739084838031
momentum lr=0.001,154,0.4915200730164846,0.4745321417634729
momentum lr=0.001,155,0.4910933991273244,0.4722845934090646
momentum lr=0.001,156,0.49039240082105,0.47218154747327945
momentum lr=0.001,157,0.49064929485321046,0.4727395849087745
momentum lr=0.001,158,0.48824718991915383,0.4720916125479173
momentum lr=0.001,159,0.4894797404607137,0.47050783316179945
momentum lr=0.001,160,0.48773857752482097,0.471821476670153
momentum lr=0.001,161,0.4926764587561289,0.47050545106462377
momentum lr=0.001,162,0.48853692213694255,0.4710966910530107
momentum lr=0.001,163,0.486504727602005,0.47018491125546275
momentum lr=0.001,164,0.49301344752311704,0.46933960460159896
momentum lr=0.001,165,0.487674880027771,0.4697560166332925
momentum lr=0.001,166,0.48800811568895974,0.4693569644507068
momentum lr=0.001,167,0.4863249758879344,0.4683323175136636
momentum lr=0.001,168,0.4904139777024587,0.46741669612799613
momentum lr=0.001,169,0.48857101996739705,0.46861722324639954
momentum lr=0.001,170,0.48783086935679115,0.46736700894170846
momentum lr=0.001,171,0.4871620496114095,0.46732058320228276
momentum lr=0.001,172,0.48684969544410706,0.4673291471867046
momentum lr=0.001,173,0.48585353096326195,0.46722680415398554
momentum lr=0.001,174,0.4889297544956207,0.4659043110386158
momentum lr=0.001,175,0.4885705173015594,0.4666307015827169
momentum lr=0.001,176,0.48586424986521404,0.46620121118692054
momentum lr=0.001,177,0.48452884952227276,0.4665912727270018
momentum lr=0.001,178,0.48574036558469136,0.46499881307642943
momentum lr=0.001,179,0.490278947353363,0.4643559042594845
momentum lr=0.001,180,0.4852226098378499,0.46518035085023973
momentum lr=0.001,181,0.48503356575965884,0.46448327640870274
momentum lr=0.001,182,0.48764143188794457,0.46410075410836527
momentum lr=0.001,183,0.48133523066838585,0.463857091522067
momentum lr=0.001,184,0.48502519925435383,0.4624213710659631
momentum lr=0.001,185,0.48318670988082885,0.46312076106797995
momentum lr=0.001,186,0.4830190638701121,0.46230093669619904
momentum lr=0.001,187,0.4857364078362783,0.4623142313519634
momentum lr=0.001,188,0.48350541591644286,0.4625277688264587
momentum lr=0.001,189,0.48445444703102114,0.46200962155208686
momentum lr=0.001,190,0.4851473490397135,0.4614848081249852
momentum lr=0.001,191,0.48519500096638996,0.4615462976197794
momentum lr=0.001,192,0.4854489783445994,0.4615118149592848
momentum lr=0.001,193,0.48229504625002545,0.4606421984432216
momentum lr=0.001,194,0.4835269192854563,0.4608216804218645
momentum lr=0.001,195,0.48693622748057047,0.4597062056732292
momentum lr=0.001,196,0.48192346692085264,0.4611354806993922
momentum lr=0.001,197,0.48483165303866066,0.4588706326282973
momentum lr=0.001,198,0.4827950874964396,0.4601209266236195
momentum lr=0.001,199,0.483337805668513,0.4595666125716495
momentum lr=0.001,200,0.4829772412776947,0.45882617167062556
momentum lr=0.001,201,0.4798792799313863,0.45892604530031605
momentum lr=0.001,202,0.47963807781537376,0.4579733470296763
momentum lr=0.001,203,0.48589256207148235,0.45740563478091134
momentum lr=0.001,204,0.4794414758682251,0.4592149119673224
momentum lr=0.001,205,0.47990200320879617,0.4570599115878169
momentum lr=0.001,206,0.4801861047744751,0.4573472802436862
momentum lr=0.001,207,0.47946160435676577,0.45709513583008005
momentum lr=0.001,208,0.4796240508556366,0.45682121656735364
momentum lr=0.001,209,0.479290892680486,0.4565538979758221
momentum lr=0.001,210,0.48115382393201195,0.45680034284185
momentum lr=0.001,211,0.47904284397761027,0.45553600197845384
momentum lr=0.001,212,0.4835963507493337,0.45632195981106616
momentum lr=0.001,213,0.48285130262374876,0.4563685741925866
momentum lr=0.001,214,0.4826361835002899,0.45616406763404893
momentum lr=0.001,215,0.476830134789149,0.45552502643674614
momentum lr=0.001,216,0.48456602493921913,0.4544858633747817
momentum lr=0.001,217,0.4805678506692251,0.45633992305442894
momentum lr=0.001,218,0.47959671219189964,0.45369160196058395
momentum lr=0.001,219,0.48048529028892517,0.45404168204789985
momentum lr=0.001,220,0.4785643517971039,0.4539409846771131
momentum lr=0.001,221,0.47984680732091267,0.45397652904561697
momentum lr=0.001,222,0.4832654376824697,0.45295467372610587
momentum lr=0.001,223,0.47630430857340494,0.4540602384881096
momentum lr=0.001,224,0.47858543594678243,0.45271095947382883
momentum lr=0.001,225,0.4759982665379842,0.4527581562916309
momentum lr=0.001,226,0.4814869304498037,0.4525938681585577
momentum lr=0.001,227,0.47991607586542767,0.4536877403950504
momentum lr=0.001,228,0.47813177704811094,0.4523825507805671
momentum lr=0.001,229,0.47632249593734743,0.45207552977650944
momentum lr=0.001,230,0.47580079634984335,0.4509280273148007
momentum lr=0.001,231,0.4899523138999939,0.4513529150434461
momentum lr=0.001,232,0.4795579433441162,0.4540694139845908
momentum lr=0.001,233,0.47841463883717855,0.4510756040960397
momentum lr=0.001,234,0.47955358227094014,0.45075290865788864
momentum lr=0.001,235,0.4729783932367961,0.451036874080923
momentum lr=0.001,236,0.476870592435201,0.4494368793802581
momentum lr=0.001,237,0.476518181959788,0.44945503469536097
momentum lr=0.001,238,0.47677989602088927,0.45004352251426905
momentum lr=0.001,239,0.4763156592845917,0.44994440455478363
momentum lr=0.001,240,0.4746442715326945,0.45025475006350235
momentum lr=0.001,241,0.47772980531056725,0.44853241456846077
momentum lr=0.001,242,0.47652473620006014,0.4495954634352331
momentum lr=0.001,243,0.4765654866184507,0.44826193863837505
momentum lr=0.001,244,0.482690691947937,0.44881799937719874
momentum lr=0.001,245,0.4744762373822076,0.44997961306819073
momentum lr=0.001,246,0.4745096670729773,0.4478161034084184
momentum lr=0.001,247,0.47337786853313446,0.4479544224529301
momentum lr=0.001,248,0.47280205360480715,0.44668030018251226
momentum lr=0.001,249,0.48012166576726095,0.447160118777579
momentum lr=0.001,250,0.4767898576600211,0.4469124465905579
momentum lr=0.001,251,0.4737355135954343,0.4474686119051505
momentum lr=0.001,252,0.4752253293991089,0.44723796729830984
momentum lr=0.001,253,0.47995798404400164,0.44655153497355243
momentum lr=0.001,254,0.4710010106746967,0.4485623611845716
momentum lr=0.001,255,0.47338245465205264,0.4469920093944163
momentum lr=0.001,256,0.47699477810126084,0.44694224014516504
momentum lr=0.001,257,0.4697373715730814,0.44667376769560774
momentum lr=0.001,258,0.47024062275886536,0.44491263617435084
momentum lr=0.001,259,0.47266068825354945,0.4458055529915026
momentum lr=0.001,260,0.4689163061288687,0.44625284623222955
momentum lr=0.001,261,0.4722306430339813,0.44537604877547243
momentum lr=0.001,262,0.47241291403770447,0.4443569785741521
momentum lr=0.001,263,0.4728643223643303,0.4450124725853213
momentum lr=0.001,264,0.47662615505131806,0.44457034806500373
momentum lr=0.001,265,0.47288441116159613,0.44557831515337704
momentum lr=0.001,266,0.4737340645356612,0.4443256177392684
momentum lr=0.001,267,0.47304868698120117,0.4451609980148136
momentum lr=0.001,268,0.4716549542817203,0.4430338620725555
momentum lr=0.001,269,0.4709935730153864,0.4429801363989444
momentum lr=0.001,270,0.4701452309435064,0.4423332622995881
momentum lr=0.001,271,0.4706613611091267,0.4434162022483648
momentum lr=0.001,272,0.4702234782955863,0.4428400526385273
momentum lr=0.001,273,0.4715428799390793,0.4438199731487294
momentum lr=0.001,274,0.47354476749897,0.44253458615988694
momentum lr=0.001,275,0.46837386190891267,0.4428809581043085
momentum lr=0.001,276,0.47085149884223937,0.44280812460757246
momentum lr=0.001,277,0.46654629409313203,0.4424513828424594
momentum lr=0.001,278,0.4739387482404709,0.44140698274899764
momentum lr=0.001,279,0.4730126827955246,0.44345966765069783
momentum lr=0.001,280,0.46531276404857635,0.44179186828248157
momentum lr=0.001,281,0.47587783336639405,0.4417774039179667
momentum lr=0.001,282,0.46863940358161926,0.4422037987041579
momentum lr=0.001,283,0.4708626300096512,0.4413032270516
momentum lr=0.001,284,0.4679804861545563,0.44041916718463314
momentum lr=0.001,285,0.4671947419643402,0.440066472533936
momentum lr=0.001,286,0.46858814656734465,0.44133570281145296
momentum lr=0.001,287,0.4679680198431015,0.44060126206825617
momentum lr=0.001,288,0.46636371612548827,0.4404087761257611
momentum lr=0.001,289,0.4646966622935401,0.43976225802855634
momentum lr=0.001,290,0.46893660889731514,0.43905658063053576
momentum lr=0.001,291,0.46475402845276725,0.4409057714008021
momentum lr=0.001,292,0.4742383129066891,0.43917932916149954
momentum lr=0.001,293,0.48091285758548313,0.4401446922068617
momentum lr=0.001,294,0.46752604842185974,0.44182524459490524
momentum lr=0.001,295,0.4619189269012875,0.43888132147907677
momentum lr=0.001,296,0.4643794231944614,0.4386516797859212
momentum lr=0.001,297,0.46811187267303467,0.4382703953126613
momentum lr=0.001,298,0.4674021667904324,0.43817937512478344
momentum lr=0.001,299,0.4712553454769982,0.4388468706493826
momentum lr=0.001,300,0.4684753451082442,0.4384533229335651
momentum lr=0.001,301,0.4716189470556047,0.4386893425891018
momentum lr=0.001,302,0.4647710786925422,0.4391506274157631
momentum lr=0.001,303,0.4676481419139438,0.43657837861993837
momentum lr=0.001,304,0.4631185068024529,0.43789610756795283
momentum lr=0.001,305,0.46520548727777267,0.43826947449069503
momentum lr=0.001,306,0.4735534456041124,0.438001418398585
momentum lr=0.001,307,0.4661969393491745,0.4390827280290644
momentum lr=0.001,308,0.46039173379540443,0.43652514719578467
momentum lr=0.001,309,0.463924340903759,0.43692611771448886
momentum lr=0.001,310,0.46656084060668945,0.43700900986403346
momentum lr=0.001,311,0.47454171627759933,0.4358648985651936
momentum lr=0.001,312,0.46387754753232,0.43706981864130956
momentum lr=0.001,313,0.46511242911219597,0.4357284369412773
momentum lr=0.001,314,0.4611368079980214,0.4353969708225722
momentum lr=0.001,315,0.4555932680765788,0.4350940607855875
momentum lr=0.001,316,0.45504281918207806,0.4340361135427655
momentum lr=0.001,317,0.46563948194185895,0.43445606678646903
momentum lr=0.001,318,0.45880381266276044,0.4373129951405659
momentum lr=0.001,319,0.45833147565523785,0.4345132897299109
momentum lr=0.001,320,0.4566645175218582,0.4341625842626721
momentum lr=0.001,321,0.4644739866256714,0.4324149048148791
momentum lr=0.001,322,0.4595569372177124,0.43518975924771314
momentum lr=0.001,323,0.4553009569644928,0.4335156664639004
momentum lr=0.001,324,0.46564801335334777,0.4330611040219906
momentum lr=0.001,325,0.4693082690238953,0.4347158128081685
momentum lr=0.001,326,0.4580537497997284,0.43440014802303245
momentum lr=0.001,327,0.46578181385993955,0.43439059360053456
momentum lr=0.001,328,0.45956912636756897,0.43453746626615397
momentum lr=0.001,329,0.475056916475296,0.43395657812871047
momentum lr=0.001,330,0.45838742852211,0.43415057704897625
momentum lr=0.001,331,0.46089392304420473,0.43296640930307806
momentum lr=0.001,332,0.46135870814323426,0.43090605013630234
momentum lr=0.001,333,0.4576081335544586,0.43215671664341454
momentum lr=0.001,334,0.4559112787246704,0.43351122972161604
momentum lr=0.001,335,0.4607296407222748,0.4302755785710599
momentum lr=0.001,336,0.45711206197738646,0.431722802445651
momentum lr=0.001,337,0.4637330651283264,0.4326813703351304
momentum lr=0.001,338,0.45798470377922057,0.4323583831661666
momentum lr=0.001,339,0.4552775800228119,0.4299718309132432
momentum lr=0.001,340,0.45707462430000306,0.4317545688663868
momentum lr=0.001,341,0.46672582626342773,0.43071142105807214
momentum lr=0.001,342,0.4566500663757324,0.43216101913137317
momentum lr=0.001,343,0.45876323580741885,0.43010516656708
momentum lr=0.001,344,0.4559897303581238,0.42952487345414936
momentum lr=0.001,345,0.46333004236221315,0.42876635312451034
momentum lr=0.001,346,0.4555609166622162,0.4311487940098854
momentum lr=0.001,347,0.4564733386039734,0.43094525791741684
momentum lr=0.001,348,0.4627518057823181,0.42904536643266733
momentum lr=0.001,349,0.4567169785499573,0.4294147645255467
momentum lr=0.001,350,0.45906198024749756,0.4307979500958095
momentum lr=0.001,351,0.4636213302612305,0.4293378980027921
momentum lr=0.001,352,0.4763275980949402,0.43035163912401125
momentum lr=0.001,353,0.4582819163799286,0.4290183841730787
momentum lr=0.001,354,0.45532203912734986,0.4273289576044704
momentum lr=0.001,355,0.46230902075767516,0.4276308872877089
momentum lr=0.001,356,0.458769291639328,0.4301382986998684
momentum lr=0.001,357,0.4547165215015411,0.4287833991924878
momentum lr=0.001,358,0.4600450098514557,0.4301477340081705
momentum lr=0.001,359,0.45904717445373533,0.4280363810147511
momentum lr=0.001,360,0.45974541902542115,0.42719435172520326
momentum lr=0.001,361,0.45612469911575315,0.42731963227136927
momentum lr=0.001,362,0.4565789461135864,0.42597545515435853
momentum lr=0.001,363,0.45568419247865677,0.4255665264635222
momentum lr=0.001,364,0.4536708742380142,0.42767600588623333
momentum lr=0.001,365,0.46102429181337357,0.42476951649005956
momentum lr=0.001,366,0.45379718393087387,0.4276015641016568
momentum lr=0.001,367,0.4592535123229027,0.42518113714031514
momentum lr=0.001,368,0.45035307854413986,0.4271179845966114
momentum lr=0.001,369,0.45630617439746857,0.4255942092711658
momentum lr=0.001,370,0.4562265674273173,0.4264922696864031
momentum lr=0.001,371,0.4610832631587982,0.42453183967178654
momentum lr=0.001,372,0.4622582693894704,0.4264125942632222
momentum lr=0.001,373,0.4646020332972209,0.4298253431690942
momentum lr=0.001,374,0.45835015177726746,0.4217811182687104
momentum lr=0.001,375,0.4542493720849355,0.42551336365820175
momentum lr=0.001,376,0.4652772843837738,0.42223954632839517
momentum lr=0.001,377,0.45086658994356793,0.4228705358420303
momentum lr=0.001,378,0.45598912239074707,0.4247551220634597
momentum lr=0.001,379,0.45515162746111554,0.421979634568833
momentum lr=0.001,380,0.45363184809684753,0.4213050309173791
momentum lr=0.001,381,0.45792994896570843,0.4234238056351524
momentum lr=0.001,382,0.4539376099904378,0.42560891419651475
momentum lr=0.001,383,0.4670806626478831,0.4234197190824984
momentum lr=0.001,384,0.4592183828353882,0.42463303459803087
momentum lr=0.001,385,0.4659726619720459,0.423789360846723
momentum lr=0.001,386,0.4614103138446808,0.42281702745620914
momentum lr=0.001,387,0.45188553134600323,0.4207895469082192
momentum lr=0.001,388,0.4578363299369812,0.4211906421509277
momentum lr=0.001,389,0.4608844220638275,0.42340706048670407
momentum lr=0.001,390,0.4713907092809677,0.4223792997279302
momentum lr=0.001,391,0.4545324891805649,0.42165603887454617
momentum lr=0.001,392,0.451974481344223,0.42290892880628883
momentum lr=0.001,393,0.45518405735492706,0.42030500813435895
momentum lr=0.001,394,0.45443402230739594,0.4215733805747591
momentum lr=0.001,395,0.45401641726493835,0.41978064397818815
momentum lr=0.001,396,0.45342010259628296,0.42313126706123505
momentum lr=0.001,397,0.4717645049095154,0.421572569314262
momentum lr=0.001,398,0.4671500325202942,0.43475199847828094
momentum lr=0.001,399,0.46089988946914673,0.41832940400215674
momentum lr=0.001,400,0.4689388573169708,0.41848657670867007
momentum lr=0.001,401,0.45806264877319336,0.4196138393853547
momentum lr=0.001,402,0.45882636308670044,0.4221545881336445
momentum lr=0.001,403,0.45998501777648926,0.41707750422947787
momentum lr=0.001,404,0.4627889096736908,0.418031947728262
momentum lr=0.001,405,0.46252939105033875,0.41643659542334177
momentum lr=0.001,406,0.4622430205345154,0.4206160099863526
momentum lr=0.001,407,0.4769517481327057,0.4194924226528069
momentum lr=0.001,408,0.47158047556877136,0.42013854092581937
momentum lr=0.001,409,0.496571809053421,0.42243452476779964
momentum lr=0.001,410,0.457785427570343,0.4246980845081869
momentum lr=0.001,411,0.4662046730518341,0.41990401882228956
momentum lr=0.001,412,0.4668409824371338,0.4165981243139488
momentum lr=0.001,413,0.4599117338657379,0.4169782125287847
momentum lr=0.001,414,0.4696037173271179,0.4190207075574773
momentum lr=0.001,415,0.4626847803592682,0.41971307112641765
momentum lr=0.001,416,0.4888007938861847,0.41672794601373175
momentum lr=0.001,417,0.4606546461582184,0.4233487985638533
momentum lr=0.001,418,0.45915964245796204,0.4170056358608639
momentum lr=0.001,419,0.461475670337677,0.41809960348853237
momentum lr=0.001,420,0.46529799699783325,0.4149942088599196
momentum lr=0.001,421,0.45643970370292664,0.4214654274028004
momentum lr=0.001,422,0.4861827492713928,0.41424742560967986
momentum lr=0.001,423,0.45567062497138977,0.4205035366117367
momentum lr=0.001,424,0.4574117660522461,0.41775820231911626
momentum lr=0.001,425,0.46092069149017334,0.41976762799079026
momentum lr=0.001,426,0.47177138924598694,0.41539675777592455
momentum lr=0.001,427,0.47459959983825684,0.4162068223235283
momentum lr=0.001,428,0.46041247248649597,0.41560976667091787
momentum lr=0.001,429,0.4594438374042511,0.418428860645316
momentum lr=0.001,430,0.4685453772544861,0.41413095432416
momentum lr=0.001,431,0.46299323439598083,0.41532760021146226
momentum lr=0.001,432,0.45738568902015686,0.41574472712259275
momentum lr=0.001,433,0.4564279019832611,0.4174916610560169
momentum lr=0.001,434,0.48229485750198364,0.4138070452972157
momentum lr=0.001,435,0.45938360691070557,0.4208957182455488
momentum lr=0.001,436,0.46720466017723083,0.41593787592696946
momentum lr=0.001,437,0.4823276102542877,0.4150430585736778
momentum lr=0.001,438,0.46267300844192505,0.41944945192848593
momentum lr=0.001,439,0.4810001254081726,0.4180664897148397
momentum lr=0.001,440,0.4597950279712677,0.4220328235829338
momentum lr=0.001,441,0.4735843539237976,0.4162663802830139
momentum lr=0.001,442,0.4605728089809418,0.41848518549714203
momentum lr=0.001,443,0.4640025198459625,0.41521267136480283
momentum lr=0.003,1,0.6688747684160868,0.8227998347623886
momentum lr=0.003,2,0.6435774246851603,0.6636210974192928
momentum lr=0.003,3,0.6288584272066752,0.6398491008129182
momentum lr=0.003,4,0.618143367767334,0.6270659728338107
momentum lr=0.003,5,0.6162635087966919,0.6149125590907126
momentum lr=0.003,6,0.6051214973131815,0.6072676904899379
momentum lr=0.003,7,0.5993956406911214,0.5989900977590196
momentum lr=0.003,8,0.589042087395986,0.5926780572932712
momentum lr=0.003,9,0.585862135887146,0.5858217385738899
momentum lr=0.003,10,0.5841348886489868,0.5810748590385599
momentum lr=0.003,11,0.574066428343455,0.5755617636132963
momentum lr=0.003,12,0.5789938648541768,0.5694669411848398
momentum lr=0.003,13,0.5688950657844544,0.5670765544035016
momentum lr=0.003,14,0.5641941666603089,0.560870135578687
momentum lr=0.003,15,0.5660025238990783,0.5557909750339094
momentum lr=0.003,16,0.5566729386647542,0.5528491393780559
momentum lr=0.003,17,0.5509480436642965,0.5490206626213646
momentum lr=0.003,18,0.5511596401532491,0.5449389993826285
momentum lr=0.003,19,0.5523653189341228,0.5417109590133758
momentum lr=0.003,20,0.5407947778701783,0.5389162525420611
momentum lr=0.003,21,0.5388356884320576,0.5348493045070702
momentum lr=0.003,22,0.5408511320749919,0.5316872620697147
momentum lr=0.003,23,0.5388790289560954,0.5297898451719962
momentum lr=0.003,24,0.5308474222819011,0.5272810508042283
momentum lr=0.003,25,0.5381503979365031,0.5236256949969318
momentum lr=0.003,26,0.538673460483551,0.5236276242000525
momentum lr=0.003,27,0.5284729599952698,0.5222082686685675
momentum lr=0.003,28,0.5346746404965719,0.5173397966104792
momentum lr=0.003,29,0.5231164197127024,0.5174845537700258
momentum lr=0.003,30,0.5272377947966258,0.5139839202454763
momentum lr=0.003,31,0.5242077469825744,0.5120658870945408
momentum lr=0.003,32,0.5287720759709676,0.5112461679186654
momentum lr=0.003,33,0.5210000932216644,0.5107139873863855
momentum lr=0.003,34,0.5291621744632721,0.5067208389030549
momentum lr=0.003,35,0.5171225746472676,0.5073255421031186
momentum lr=0.003,36,0.5169168214003245,0.504990834381628
momentum lr=0.003,37,0.5154891530672709,0.5040227357099191
momentum lr=0.003,38,0.5153600931167602,0.502293905725045
momentum lr=0.003,39,0.5127691149711608,0.4996078290594783
momentum lr=0.003,40,0.5182403445243835,0.4989329064266314
momentum lr=0.003,41,0.5190343836943309,0.4997912729059329
momentum lr=0.003,42,0.5108063817024231,0.4973676566879017
momentum lr=0.003,43,0.5150448461373647,0.4947047222924927
momentum lr=0.003,44,0.5178466459115346,0.4943812709986899
momentum lr=0.003,45,0.5083344141642253,0.4936935944431307
momentum lr=0.003,46,0.5082292636235555,0.4915784328954965
momentum lr=0.003,47,0.516795176267624,0.4902315871847697
momentum lr=0.003,48,0.5102027813593547,0.4907587933819631
momentum lr=0.003,49,0.502664162715276,0.4878110393781101
momentum lr=0.003,50,0.507995468378067,0.4863362205395744
momentum lr=0.003,51,0.5121120572090149,0.4870101600133888
momentum lr=0.003,52,0.5016367753346761,0.487567899011471
momentum lr=0.003,53,0.500258199373881,0.4845912330119996
momentum lr=0.003,54,0.5001466512680054,0.48315735257307274
momentum lr=0.003,55,0.5038977682590484,0.4809800850003797
momentum lr=0.003,56,0.5057122528553009,0.4815281478905922
momentum lr=0.003,57,0.49562995036443075,0.47999016197890476
momentum lr=0.003,58,0.5113022744655609,0.4784755435383877
momentum lr=0.003,59,0.5018507639567057,0.47954819788133435
momentum lr=0.003,60,0.4980355163415273,0.477831343287551
momentum lr=0.003,61,0.4940056582291921,0.47589046126738704
momentum lr=0.003,62,0.49765727321306863,0.4749556198995528
momentum lr=0.003,63,0.49667287468910215,0.4759987468788803
momentum lr=0.003,64,0.5032963335514069,0.47436135432122806
momentum lr=0.003,65,0.4968243658542633,0.47498731826730345
momentum lr=0.003,66,0.4856720427672068,0.47316351434245435
momentum lr=0.003,67,0.4923345466454824,0.4716070164525253
momentum lr=0.003,68,0.49374651511510215,0.4719838537169413
momentum lr=0.003,69,0.491523277759552,0.4707910890173271
momentum lr=0.003,70,0.4908619980017344,0.4685371270582473
momentum lr=0.003,71,0.4918582101662954,0.4697183860144154
momentum lr=0.003,72,0.4923069914182027,0.46809567993015594
momentum lr=0.003,73,0.4899741152922312,0.4678254698350407
momentum lr=0.003,74,0.4866335868835449,0.4656694891635
momentum lr=0.003,75,0.4961515188217163,0.4657512815963482
momentum lr=0.003,76,0.4935171723365784,0.46595085140457065
momentum lr=0.003,77,0.4960351785024007,0.4647853992672316
momentum lr=0.003,78,0.4876474996407827,0.4653589932669542
momentum lr=0.003,79,0.4950268844763438,0.4626330119343674
momentum lr=0.003,80,0.4908227503299713,0.465402436697437
momentum lr=0.003,81,0.49208888212839763,0.4647293408638482
momentum lr=0.003,82,0.4874725719292959,0.46140540244906497
momentum lr=0.003,83,0.5015751818815867,0.46068804095803145
momentum lr=0.003,84,0.4885693927605947,0.46134637124278693
momentum lr=0.003,85,0.4870177149772644,0.4603312095493726
momentum lr=0.003,86,0.4924313298293522,0.45987160215442796
momentum lr=0.003,87,0.48767281642981936,0.4604396616578906
momentum lr=0.003,88,0.4873324781656265,0.4573447191121068
momentum lr=0.003,89,0.484567933848926,0.4566741574501775
momentum lr=0.003,90,0.4836033156939915,0.45718795691009134
momentum lr=0.003,91,0.4930760604994638,0.4565989519984276
momentum lr=0.003,92,0.48558795877865385,0.4561926338649404
momentum lr=0.003,93,0.4869743798460279,0.4562628579539161
momentum lr=0.003,94,0.4846538786704724,0.45446939743752507
momentum lr=0.003,95,0.48827269902596104,0.4520923601657646
momentum lr=0.003,96,0.5026225195481226,0.45392648117060774
momentum lr=0.003,97,0.48435500722665054,0.4535736340479363
momentum lr=0.003,98,0.48119423251885635,0.4520718114565666
momentum lr=0.003,99,0.48590702506212086,0.45140155627458695
momentum lr=0.003,100,0.4821366759446951,0.4519255654545202
momentum lr=0.003,101,0.48246294030776393,0.4507256222274893
momentum lr=0.003,102,0.4811053298986875,0.45010279135217846
momentum lr=0.003,103,0.4760679189975445,0.4484812700142129
momentum lr=0.003,104,0.48083861286823565,0.44761234739188194
momentum lr=0.003,105,0.48290687799453735,0.4473395250517632
momentum lr=0.003,106,0.4782164715803586,0.44704608716377486
momentum lr=0.003,107,0.4739896494608659,0.4458445163874068
momentum lr=0.003,108,0.4762976100811592,0.44586121972234743
momentum lr=0.003,109,0.4790348204282614,0.4457615222111552
momentum lr=0.003,110,0.47620153656372655,0.44599800499567877
momentum lr=0.003,111,0.4881742848799779,0.44385562104557214
momentum lr=0.003,112,0.4803711473941803,0.44764383567304644
momentum lr=0.003,113,0.4881937297490927,0.44440352910713704
momentum lr=0.003,114,0.48314987466885495,0.4443551936505798
momentum lr=0.003,115,0.4746457412838936,0.4439434172586439
momentum lr=0.003,116,0.48319703092177707,0.4421646220469031
momentum lr=0.003,117,0.4823472748200099,0.44185104087770527
momentum lr=0.003,118,0.48037780572970706,0.44177796045090845
momentum lr=0.003,119,0.47343260049819946,0.4442804557570576
momentum lr=0.003,120,0.4695604145526886,0.44077017417779535
momentum lr=0.003,121,0.46741487334171933,0.4398782142886844
momentum lr=0.003,122,0.47258156538009644,0.43876108471624
momentum lr=0.003,123,0.47578439861536026,0.43989274987264704
momentum lr=0.003,124,0.4804871579011281,0.4403984826556246
momentum lr=0.003,125,0.4729692538579305,0.43938630355880504
momentum lr=0.003,126,0.4678994541366895,0.43634786760392735
momentum lr=0.003,127,0.48191189765930176,0.4367216267474337
momentum lr=0.003,128,0.4692673141306097,0.4386585217576718
momentum lr=0.003,129,0.4698813801462,0.4375029687269484
momentum lr=0.003,130,0.46931085803292016,0.4363733440161211
momentum lr=0.003,131,0.47725875811143353,0.43625585845977527
momentum lr=0.003,132,0.4781124700199474,0.4388920157773592
momentum lr=0.003,133,0.47100636092099274,0.4363392594442845
momentum lr=0.003,134,0.475821234963157,0.43622148096284885
momentum lr=0.003,135,0.4643155580217188,0.43548174266183537
momentum lr=0.003,136,0.4656468242406845,0.43346396204569915
momentum lr=0.003,137,0.468157497048378,0.4336769631692731
momentum lr=0.003,138,0.46621190309524535,0.43448218426733937
momentum lr=0.003,139,0.4787477731704712,0.43114409765074796
momentum lr=0.003,140,0.47121419906616213,0.4339971627989825
momentum lr=0.003,141,0.46761841177940366,0.43298382335815216
momentum lr=0.003,142,0.46442156434059145,0.43261012086145056
momentum lr=0.003,143,0.462644037604332,0.4302886426346558
momentum lr=0.003,144,0.47459770143032076,0.4303082337101204
momentum lr=0.003,145,0.4627120703458786,0.42994373669978464
momentum lr=0.003,146,0.46395719349384307,0.4299352144249006
momentum lr=0.003,147,0.46826747357845305,0.42891183711945136
momentum lr=0.003,148,0.4591097205877304,0.43002234474371087
momentum lr=0.003,149,0.47034676373004913,0.42906676772792346
momentum lr=0.003,150,0.4803784519433975,0.42947062123230395
momentum lr=0.003,151,0.46526019440756905,0.430838852664338
momentum lr=0.003,152,0.4655352897114224,0.42685897319613786
momentum lr=0.003,153,0.48259131113688153,0.4268938057118019
momentum lr=0.003,154,0.4613632820546627,0.4291061147127071
momentum lr=0.003,155,0.47064801305532455,0.4266803348124723
momentum lr=0.003,156,0.4614703580737114,0.42959401439021694
momentum lr=0.003,157,0.4786381870508194,0.42681912854363807
momentum lr=0.003,158,0.45717611483165194,0.43068486184066807
momentum lr=0.003,159,0.47626480885914396,0.4271462018929872
momentum lr=0.003,160,0.4587760865688324,0.43041189165369065
momentum lr=0.003,161,0.47736827390534536,0.42605425311381
momentum lr=0.003,162,0.45400299344744,0.42786710653961396
momentum lr=0.003,163,0.4584830233028957,0.4235561900486909
momentum lr=0.003,164,0.4791355679432551,0.4234566811471883
momentum lr=0.003,165,0.45613008737564087,0.4222719810468352
momentum lr=0.003,166,0.45443156858285266,0.42158876842963905
momentum lr=0.003,167,0.45810351967811586,0.41960597342016703
momentum lr=0.003,168,0.47424792051315307,0.42092624214476587
momentum lr=0.003,169,0.4675390303134918,0.423901299327445
momentum lr=0.003,170,0.4701907694339752,0.42161472776555453
momentum lr=0.003,171,0.4666074633598328,0.42241418092862243
momentum lr=0.003,172,0.45657202005386355,0.4205184557463616
momentum lr=0.003,173,0.45825830698013303,0.421500461848365
momentum lr=0.003,174,0.4578272581100464,0.42076832923620594
momentum lr=0.003,175,0.4531575322151184,0.4205390378521323
momentum lr=0.003,176,0.4502098262310028,0.4189341522355349
momentum lr=0.003,177,0.4635349929332733,0.4179066784930848
momentum lr=0.003,178,0.4533192962408066,0.41891952127822424
momentum lr=0.003,179,0.4611825495958328,0.4210876771850927
momentum lr=0.003,180,0.44248078018426895,0.42003980596721935
momentum lr=0.003,181,0.4478258788585663,0.417238558840115
momentum lr=0.003,182,0.4449493885040283,0.4163533776973248
momentum lr=0.003,183,0.4409321993589401,0.41566076104872945
momentum lr=0.003,184,0.44429339468479156,0.4153695782609657
momentum lr=0.003,185,0.446817509829998,0.4167824068974412
momentum lr=0.003,186,0.44182567298412323,0.41493495308503964
momentum lr=0.003,187,0.44906821846961975,0.41554207666924375
momentum lr=0.003,188,0.4643600583076477,0.4144148718075834
momentum lr=0.003,189,0.46414436399936676,0.4169797984552741
momentum lr=0.003,190,0.4501446783542633,0.41493594985703
momentum lr=0.003,191,0.4533781483769417,0.4155076425836998
momentum lr=0.003,192,0.45014098286628723,0.4137076754882606
momentum lr=0.003,193,0.4620731472969055,0.41284095979195534
momentum lr=0.003,194,0.45512232929468155,0.41431531031852814
momentum lr=0.003,195,0.461581252515316,0.4159829375115377
momentum lr=0.003,196,0.44161413609981537,0.41918300954264887
momentum lr=0.003,197,0.43735549598932266,0.4109659007385842
momentum lr=0.003,198,0.44960401952266693,0.4120637651171732
momentum lr=0.003,199,0.44722866266965866,0.4100350413894328
momentum lr=0.003,200,0.4566039592027664,0.4112788512264
momentum lr=0.003,201,0.4558070972561836,0.41397385757689487
momentum lr=0.003,202,0.447998508810997,0.4160196559016304
momentum lr=0.003,203,0.4483445957303047,0.4126793566973388
momentum lr=0.003,204,0.4419218376278877,0.4130486651268857
momentum lr=0.003,205,0.459088534116745,0.41040669206221986
momentum lr=0.003,206,0.45175894101460773,0.40845771714571266
momentum lr=0.003,207,0.4559142788251241,0.41247271366707544
momentum lr=0.003,208,0.43747590978940326,0.4075397045373923
momentum lr=0.003,209,0.43170342842737836,0.4069057256833594
momentum lr=0.003,210,0.4533804953098297,0.40619329876641563
momentum lr=0.003,211,0.494898388783137,0.4122094169702999
momentum lr=0.003,212,0.46437283356984455,0.4137481405732759
momentum lr=0.003,213,0.45115580161412555,0.4102258004816472
momentum lr=0.003,214,0.47854475180308026,0.4070672274877138
momentum lr=0.003,215,0.42904695868492126,0.41618024376986146
momentum lr=0.003,216,0.44791586697101593,0.40349072590676016
momentum lr=0.003,217,0.43295490741729736,0.41295784195757085
momentum lr=0.003,218,0.4241611361503601,0.40385015464545126
momentum lr=0.003,219,0.4435126930475235,0.4042369556641404
momentum lr=0.003,220,0.4374218285083771,0.40581427625280325
momentum lr=0.003,221,0.42520247399806976,0.4024509050118356
momentum lr=0.003,222,0.43453264236450195,0.40155813890441205
momentum lr=0.003,223,0.43125583231449127,0.40275859557297305
momentum lr=0.003,224,0.4514191597700119,0.40233943055572596
momentum lr=0.003,225,0.4238360524177551,0.40440121265033485
momentum lr=0.003,226,0.46192415058612823,0.40442402381971543
momentum lr=0.003,227,0.4345826357603073,0.40329948225880474
momentum lr=0.003,228,0.48023203015327454,0.3996634535356878
momentum lr=0.003,229,0.43520843982696533,0.4099550853171371
momentum lr=0.003,230,0.43113867938518524,0.4043752603944595
momentum lr=0.003,231,0.45182982087135315,0.4025261559428651
momentum lr=0.003,232,0.46498091518878937,0.40116300263140225
momentum lr=0.003,233,0.4312116354703903,0.4107360384286912
momentum lr=0.003,234,0.43824757635593414,0.4038319802626531
momentum lr=0.003,235,0.4512416869401932,0.4005454796302993
momentum lr=0.003,236,0.42469851672649384,0.3996043316540944
momentum lr=0.003,237,0.4548519253730774,0.39806902766171304
momentum lr=0.003,238,0.4307853579521179,0.40635001178869945
momentum lr=0.003,239,0.4232480823993683,0.39758646827776783
momentum lr=0.003,240,0.42028969526290894,0.3926944273817922
momentum lr=0.003,241,0.4422101378440857,0.39460591707750947
momentum lr=0.003,242,0.4249154031276703,0.39990994111590933
momentum lr=0.003,243,0.4269673824310303,0.3921677835089951
momentum lr=0.003,244,0.428798645734787,0.3919289242119182
momentum lr=0.003,245,0.4245119094848633,0.3943315460505692
momentum lr=0.003,246,0.4513888657093048,0.39140694434967965
momentum lr=0.003,247,0.41587531566619873,0.39466843043083066
momentum lr=0.003,248,0.43197283148765564,0.3910916056144573
momentum lr=0.003,249,0.5181968212127686,0.3912301915479193
momentum lr=0.003,250,0.4187132716178894,0.4014233340468609
momentum lr=0.003,251,0.5381736755371094,0.3923532233104125
momentum lr=0.003,252,0.4316084682941437,0.40196992587975505
momentum lr=0.003,253,0.4429645836353302,0.3976092106034781
momentum lr=0.003,254,0.4221736490726471,0.3923107184022442
momentum lr=0.003,255,0.4176178276538849,0.3911029162411247
momentum lr=0.003,256,0.4476713538169861,0.3901577679831363
momentum lr=0.003,257,0.4374493658542633,0.3929807745085404
momentum lr=0.003,258,0.41560348868370056,0.39013531134901924
momentum lr=0.003,259,0.41651564836502075,0.38852503343298767
momentum lr=0.003,260,0.4208533763885498,0.3954799226500253
momentum lr=0.003,261,0.4318929612636566,0.38885483831470485
momentum lr=0.003,262,0.4204082489013672,0.402326884433901
momentum lr=0.003,263,0.4277339279651642,0.39220149392743886
momentum lr=0.003,264,0.44815099239349365,0.387164358957959
momentum lr=0.003,265,0.4416671693325043,0.3955254192240204
momentum lr=0.003,266,0.43424203991889954,0.3888678041022217
momentum lr=0.003,267,0.42163658142089844,0.38797710274892094
momentum lr=0.003,268,0.42154690623283386,0.38743506183903176
momentum lr=0.003,269,0.41723310947418213,0.38752949214314514
momentum lr=0.003,270,0.46102070808410645,0.38391403797119117
momentum lr=0.003,271,0.4529518187046051,0.39272903220138405
momentum lr=0.003,272,0.4411002993583679,0.39150384372930247
momentum lr=0.003,273,0.4139450192451477,0.3896876951539856
momentum lr=0.003,274,0.47531211376190186,0.3858626811598588
momentum lr=0.003,275,0.43477779626846313,0.38791120990815764
momentum lr=0.003,276,0.4512007236480713,0.3923667207344987
momentum lr=0.003,277,0.41908207535743713,0.38736834188097047
momentum lr=0.003,278,0.4276638925075531,0.3855824715483496
momentum lr=0.003,279,0.4186244010925293,0.3919002698431578
momentum lr=0.003,280,0.4255462884902954,0.3837890293876145
momentum lr=0.003,281,0.445171594619751,0.3844221042911553
momentum lr=0.003,282,0.4744701385498047,0.3835032601231251
momentum lr=0.003,283,0.42039698362350464,0.4064057024578252
momentum lr=0.003,284,0.43100184202194214,0.3878831427217875
momentum lr=0.003,285,0.4479827582836151,0.3870343731279449
momentum lr=0.003,286,0.4226524829864502,0.3880302617134634
momentum lr=0.003,287,0.43980494141578674,0.38678513169335654
momentum lr=0.003,288,0.42557159066200256,0.3855719450022827
momentum lr=0.003,289,0.45783549547195435,0.38799570926950777
momentum lr=0.003,290,0.42783454060554504,0.3872878584066588
momentum lr=0.003,291,0.41797590255737305,0.3827557527718977
momentum lr=0.003,292,0.44761577248573303,0.38711131724440884
momentum lr=0.003,293,0.4259062707424164,0.38734418335957344
momentum lr=0.01,1,0.6646340370178223,0.7789575233979115
momentum lr=0.01,2,0.6163418730099995,0.6339657590609359
momentum lr=0.01,3,0.6143732984860738,0.6077349522746442
momentum lr=0.01,4,0.584732711315155,0.5907195983286055
momentum lr=0.01,5,0.590019142627716,0.5754330400602904
momentum lr=0.01,6,0.5722111741701762,0.5646538480880814
momentum lr=0.01,7,0.5627312699953715,0.5547001305541371
momentum lr=0.01,8,0.5497617681821187,0.5454218076983646
momentum lr=0.01,9,0.5530600786209107,0.5370140047121762
momentum lr=0.01,10,0.5627220869064331,0.5346131544111467
momentum lr=0.01,11,0.532516344388326,0.5289626769942296
momentum lr=0.01,12,0.5464824000994365,0.5229391896245275
momentum lr=0.01,13,0.5296834886074067,0.5208045652069353
momentum lr=0.01,14,0.5233948270479838,0.5148437228581878
momentum lr=0.01,15,0.5383967578411102,0.5107430758895908
momentum lr=0.01,16,0.5318692207336426,0.5079574165963684
momentum lr=0.01,17,0.5161045253276825,0.50734281712034
momentum lr=0.01,18,0.510368533929189,0.4992091838905266
momentum lr=0.01,19,0.5197779138882955,0.4974717670627529
momentum lr=0.01,20,0.5029721677303314,0.4947549317295889
momentum lr=0.01,21,0.5089820702870687,0.4897248278202211
momentum lr=0.01,22,0.5022608121236165,0.48771002130703267
momentum lr=0.01,23,0.5065560102462768,0.4862837537677636
momentum lr=0.01,24,0.49591122070948285,0.483669232520135
momentum lr=0.01,25,0.5165274779001872,0.47954595936453226
momentum lr=0.01,26,0.5089296082655589,0.48290802849810427
momentum lr=0.01,27,0.4930804749329885,0.47816595176481147
momentum lr=0.01,28,0.5060222526391347,0.47456513090459157
momentum lr=0.01,29,0.496682741244634,0.47627768145130134
momentum lr=0.01,30,0.4987932860851288,0.4720680164633678
momentum lr=0.01,31,0.49426506956418353,0.46918224628270966
momentum lr=0.01,32,0.4959259529908498,0.46868252655826387
momentum lr=0.01,33,0.4876478175322215,0.46630600563760016
momentum lr=0.01,34,0.49611626863479613,0.4651548322559654
momentum lr=0.01,35,0.4826003611087799,0.4646907123889527
momentum lr=0.01,36,0.49249196449915567,0.4623977223514887
momentum lr=0.01,37,0.4850770394007365,0.46108107828472666
momentum lr=0.01,38,0.4774105151494344,0.45894222044543703
momentum lr=0.01,39,0.48190682331720985,0.4548280343325194
momentum lr=0.01,40,0.495050319035848,0.4544419721372718
momentum lr=0.01,41,0.492788028717041,0.4595734497100222
momentum lr=0.01,42,0.4786975125471751,0.4542490665506346
momentum lr=0.01,43,0.48147510091463724,0.45190209884734583
momentum lr=0.01,44,0.4865162750085195,0.44996066098906745
momentum lr=0.01,45,0.4818499684333801,0.45264206228391385
momentum lr=0.01,46,0.4796502629915873,0.4489336411464252
momentum lr=0.01,47,0.4828958431879679,0.4474967109151926
momentum lr=0.01,48,0.4785002072652181,0.4480584965705
momentum lr=0.01,49,0.4762082060178121,0.443766061329142
momentum lr=0.01,50,0.47544074058532715,0.44346296651043154
momentum lr=0.01,51,0.48067962328592934,0.44318434328553125
momentum lr=0.01,52,0.4723578910032908,0.4443095591723949
momentum lr=0.01,53,0.4692875405152639,0.4405255718298092
momentum lr=0.01,54,0.47704174915949504,0.4375911816498147
momentum lr=0.01,55,0.4739673614501953,0.43564000515430984
momentum lr=0.01,56,0.4749030033747355,0.4361587567737178
momentum lr=0.01,57,0.4617590526739756,0.43386814599507384
momentum lr=0.01,58,0.48253204822540285,0.43280307085488806
momentum lr=0.01,59,0.47227180004119873,0.43575646415149466
momentum lr=0.01,60,0.46740583578745526,0.4326161992722374
momentum lr=0.01,61,0.46528153618176776,0.43217959987280613
momentum lr=0.01,62,0.4675843119621277,0.4293735317755597
momentum lr=0.01,63,0.469139031569163,0.4305961661031967
momentum lr=0.01,64,0.4758747359116872,0.42840257136630727
momentum lr=0.01,65,0.4679167668024699,0.42970976228908886
momentum lr=0.01,66,0.45582796533902487,0.4272778650844243
momentum lr=0.01,67,0.4647191405296326,0.4239071544638183
momentum lr=0.01,68,0.45820812582969667,0.42789308714014357
momentum lr=0.01,69,0.4597636063893636,0.42458912097802154
momentum lr=0.01,70,0.4624290068944295,0.4208737009610282
momentum lr=0.01,71,0.46328660448392234,0.42217956106460447
momentum lr=0.01,72,0.4592097361882528,0.4208898731229392
momentum lr=0.01,73,0.45823974609375,0.41992787383201924
momentum lr=0.01,74,0.46256330211957297,0.4188867204405144
momentum lr=0.01,75,0.46431767344474795,0.41895311681855374
momentum lr=0.01,76,0.4616232454776764,0.41903066470000905
momentum lr=0.01,77,0.4678355356057485,0.41789927478459565
momentum lr=0.01,78,0.4606445491313934,0.418656860072149
momentum lr=0.01,79,0.46983956495920814,0.4137654468583689
momentum lr=0.01,80,0.46018773714701333,0.41823625207003745
momentum lr=0.01,81,0.4588105062643687,0.41809225299479297
momentum lr=0.01,82,0.4564637025197347,0.4127590630178507
momentum lr=0.01,83,0.4695862273375193,0.4124601793775115
momentum lr=0.01,84,0.46384642124176023,0.4138527949662053
momentum lr=0.01,85,0.4578456123669942,0.4133189467939658
momentum lr=0.01,86,0.46044535296303885,0.41186192636288954
momentum lr=0.01,87,0.4606530024455144,0.41378758017250034
momentum lr=0.01,88,0.4557399291258592,0.40759030269095486
momentum lr=0.01,89,0.4532295992741218,0.40806806401560186
momentum lr=0.01,90,0.4556541328246777,0.40640929920676727
momentum lr=0.01,91,0.46476930379867554,0.407944202318752
momentum lr=0.01,92,0.45913853782873887,0.40762175411868795
momentum lr=0.01,93,0.4514578158656756,0.40606344783930054
momentum lr=0.01,94,0.45959527293841046,0.40421802794312917
momentum lr=0.01,95,0.4519953851898511,0.40148559361266223
momentum lr=0.01,96,0.47779250890016556,0.40161522096285235
momentum lr=0.01,97,0.4594435940186183,0.4044225630088996
momentum lr=0.01,98,0.4471196085214615,0.4022549519219906
momentum lr=0.01,99,0.45439869978211145,0.399238128975189
momentum lr=0.01,100,0.45906041156161914,0.4009513613578067
momentum lr=0.01,101,0.45128906856883655,0.39965191045675097
momentum lr=0.01,102,0.46086455204270105,0.3970090173833452
momentum lr=0.01,103,0.44778214259581134,0.39815985718032004
momentum lr=0.01,104,0.4507030871781436,0.3979267908388764
momentum lr=0.01,105,0.4635964713313363,0.3987840276556094
momentum lr=0.01,106,0.4556748162616383,0.39772698126027345
momentum lr=0.01,107,0.4570261456749656,0.39622470611371763
momentum lr=0.01,108,0.45155196569182654,0.3972147500616414
momentum lr=0.01,109,0.4516082162206823,0.39564232881410605
momentum lr=0.01,110,0.44566755945032294,0.3967609383571954
momentum lr=0.01,111,0.4469661685553464,0.3910870800105071
momentum lr=0.01,112,0.4634921225634488,0.3948121862510382
momentum lr=0.01,113,0.4497954249382019,0.39575674719200477
momentum lr=0.01,114,0.4626493871212006,0.3914435431073214
momentum lr=0.01,115,0.45451548099517824,0.3959373271663012
momentum lr=0.01,116,0.4525478661060333,0.3925844031361466
momentum lr=0.01,117,0.45324273109436036,0.3923140121186166
momentum lr=0.01,118,0.4566703289747238,0.3901710908824705
momentum lr=0.01,119,0.4439355168077681,0.3902891938222492
momentum lr=0.01,120,0.44640110267533195,0.3874242571118348
momentum lr=0.01,121,0.4419388473033905,0.38698755991008577
momentum lr=0.01,122,0.44854288175702095,0.3855889680699646
momentum lr=0.01,123,0.4494001269340515,0.385586386554133
momentum lr=0.01,124,0.4490183852612972,0.38606410437094796
momentum lr=0.01,125,0.4534176928656442,0.38704681937996727
momentum lr=0.01,126,0.4384958701474326,0.38621067903600653
momentum lr=0.01,127,0.467488808291299,0.3839384589910703
momentum lr=0.01,128,0.4423259709562574,0.38796808120955556
momentum lr=0.01,129,0.44761780755860464,0.3846987073934565
momentum lr=0.01,130,0.45167673627535504,0.38735101063840127
momentum lr=0.01,131,0.4494995524485906,0.3841598099432368
momentum lr=0.01,132,0.46117594341437024,0.38552505307173623
momentum lr=0.01,133,0.4416675567626953,0.38902678682278385
momentum lr=0.01,134,0.43834524353345233,0.3861745015080191
momentum lr=0.01,135,0.4340909073750178,0.38367933959916084
momentum lr=0.01,136,0.4361508985360463,0.3779960304758447
momentum lr=0.01,137,0.4439805994431178,0.38080430626099276
momentum lr=0.01,138,0.4528533418973287,0.38138856501306395
momentum lr=0.01,139,0.4343111962080002,0.38284347630122934
momentum lr=0.01,140,0.4479084958632787,0.3792781632060849
momentum lr=0.01,141,0.45154278973738354,0.3802078087132123
momentum lr=0.01,142,0.45918455719947815,0.3804961978059073
momentum lr=0.01,143,0.4405923585096995,0.38344784830663703
momentum lr=0.01,144,0.4542534550031026,0.3773654952861976
momentum lr=0.01,145,0.4386460304260254,0.3797023419597279
momentum lr=0.01,146,0.4387387275695801,0.37535210623320436
momentum lr=0.01,147,0.44047250747680666,0.3790754868970211
momentum lr=0.01,148,0.4411348640918732,0.3771664445639277
momentum lr=0.01,149,0.4487336814403534,0.378674867426436
momentum lr=0.01,150,0.4503234624862671,0.378489768163276
momentum lr=0.01,151,0.4530579745769501,0.3793376597015228
momentum lr=0.01,152,0.44329899549484253,0.37392669149478397
momentum lr=0.01,153,0.45367865562438964,0.37664899374395455
momentum lr=0.01,154,0.4372430443763733,0.3780829740336305
momentum lr=0.01,155,0.44591874480247495,0.372318996582026
momentum lr=0.01,156,0.4470920205116272,0.3795656098564914
momentum lr=0.01,157,0.45988306403160095,0.3746643626589763
momentum lr=0.01,158,0.43824661523103714,0.37661712545332326
momentum lr=0.01,159,0.4599098414182663,0.37410154595584383
momentum lr=0.01,160,0.43319129943847656,0.378823831178312
momentum lr=0.01,161,0.45793774724006653,0.3685270214447903
momentum lr=0.01,162,0.42849332839250565,0.3754231539118729
momentum lr=0.01,163,0.43353816121816635,0.36999627537693314
momentum lr=0.01,164,0.44114138682683307,0.3694373011422137
momentum lr=0.01,165,0.4450743794441223,0.3652774325358978
momentum lr=0.01,166,0.45246097445487976,0.36563160733476374
momentum lr=0.01,167,0.4361857920885086,0.3631866884629339
momentum lr=0.01,168,0.4391237795352936,0.36556827401366343
momentum lr=0.01,169,0.4351343661546707,0.36490881252072066
momentum lr=0.01,170,0.44020235538482666,0.36540914355528376
momentum lr=0.01,171,0.4415681064128876,0.36447744214535704
momentum lr=0.01,172,0.4379929006099701,0.36432830480626677
momentum lr=0.01,173,0.43449166417121887,0.3629219946746449
momentum lr=0.01,174,0.432529479265213,0.3580621559943669
momentum lr=0.01,175,0.4385984390974045,0.36726469552903895
momentum lr=0.01,176,0.43515415489673615,0.36808441389683266
momentum lr=0.01,177,0.4404807388782501,0.3629647575279436
momentum lr=0.01,178,0.4392290413379669,0.36587236812306645
momentum lr=0.01,179,0.4390152841806412,0.364084377298316
momentum lr=0.01,180,0.43504875898361206,0.36604286845424644
momentum lr=0.01,181,0.4326160103082657,0.3608540891143457
momentum lr=0.01,182,0.4407031536102295,0.36613164695021366
momentum lr=0.01,183,0.45044729113578796,0.3595698724750691
momentum lr=0.01,184,0.42753866314888,0.3631355166129625
momentum lr=0.01,185,0.44903334975242615,0.36593415876654334
momentum lr=0.01,186,0.4381694495677948,0.36860801109633745
momentum lr=0.01,187,0.4573795795440674,0.36098717851876516
momentum lr=0.01,188,0.4427511990070343,0.37014641160044165
momentum lr=0.01,189,0.4671329855918884,0.36299507728630676
momentum lr=0.01,190,0.43180808424949646,0.3698720814203383
momentum lr=0.01,191,0.42884644865989685,0.35685060025813065
momentum lr=0.01,192,0.43149325251579285,0.360956459029142
momentum lr=0.01,193,0.45342499017715454,0.3590735589267422
momentum lr=0.01,194,0.4368574917316437,0.36328258646971384
momentum lr=0.01,195,0.43203064799308777,0.35752880599367665
momentum lr=0.01,196,0.42393890023231506,0.3556821506085189
momentum lr=0.01,197,0.4428373873233795,0.35440876260440957
momentum lr=0.01,198,0.4508105218410492,0.3570211236010668
momentum lr=0.01,199,0.41805192828178406,0.36217736244822296
momentum lr=0.01,200,0.4583851099014282,0.3546501913685297
momentum lr=0.01,201,0.4250693917274475,0.36157498332785915
momentum lr=0.01,202,0.4314687252044678,0.3629183662213239
momentum lr=0.01,203,0.4290258288383484,0.3570902247792625
momentum lr=0.01,204,0.43115073442459106,0.35507698280583555
momentum lr=0.01,205,0.4298296272754669,0.35472177431355273
momentum lr=0.01,206,0.4395635724067688,0.35428016567499165
momentum lr=0.01,207,0.45603933930397034,0.35973078073119574
momentum lr=0.01,208,0.43976959586143494,0.3638485548313253
momentum lr=0.01,209,0.42737314105033875,0.3601310438006103
momentum lr=0.01,210,0.4274059236049652,0.35298653679841174
momentum lr=0.01,211,0.4483751356601715,0.3510958012077366
momentum lr=0.01,212,0.4365489184856415,0.37369330669696316
momentum lr=0.01,213,0.4349103271961212,0.35445785898251836
momentum lr=0.01,214,0.4351058006286621,0.35362212687737843
momentum lr=0.01,215,0.4655572474002838,0.3503000199432731
momentum lr=0.01,216,0.4238308072090149,0.36421248845011406
momentum lr=0.01,217,0.4423617720603943,0.35526975618605267
momentum lr=0.01,218,0.43457740545272827,0.35050227806951245
momentum lr=0.01,219,0.43720027804374695,0.35623983960897565
momentum lr=0.03,1,0.6487822771072388,0.7815711470979121
momentum lr=0.03,2,0.5866458495457967,0.6038100469482583
momentum lr=0.03,3,0.5818001707394918,0.5738606602197217
momentum lr=0.03,4,0.5521113276481628,0.5562088828458953
momentum lr=0.03,5,0.5527589042981466,0.5420048362541555
momentum lr=0.03,6,0.5325099150339763,0.5326908154855415
momentum lr=0.03,7,0.5360793431599935,0.5222244977575691
momentum lr=0.03,8,0.5186270078023275,0.515284721850048
momentum lr=0.03,9,0.5244357804457347,0.5067435102516556
momentum lr=0.03,10,0.530583651860555,0.5052901747673793
momentum lr=0.03,11,0.5067778170108795,0.5005727486795851
momentum lr=0.03,12,0.5098262667655945,0.4935587273426014
momentum lr=0.03,13,0.4998810013135274,0.4893175016746498
momentum lr=0.03,14,0.49776299397150675,0.48538369649407465
momentum lr=0.03,15,0.5008952915668488,0.48169443567905773
momentum lr=0.03,16,0.5024606784184774,0.4781664707439158
momentum lr=0.03,17,0.4905715266863505,0.4765624417536252
momentum lr=0.03,18,0.4887408673763275,0.4702380873796732
momentum lr=0.03,19,0.49067123730977374,0.46895321622235814
momentum lr=0.03,20,0.4741128881772359,0.4657488660929249
momentum lr=0.03,21,0.47876934011777245,0.46085985993916456
momentum lr=0.03,22,0.47754796743392947,0.4574037358715681
momentum lr=0.03,23,0.48517629901568093,0.4552280119934672
momentum lr=0.03,24,0.4755376438299815,0.45452465999849256
momentum lr=0.03,25,0.48540486097335817,0.4485158950290235
momentum lr=0.03,26,0.47682727773984274,0.4525718149617136
momentum lr=0.03,27,0.4690238873163859,0.4498345078784528
momentum lr=0.03,28,0.4710147122542063,0.4454861064849897
momentum lr=0.03,29,0.46897969444592796,0.4437833980277123
momentum lr=0.03,30,0.4656330088774363,0.44015713274613694
momentum lr=0.03,31,0.46562698086102805,0.4390066482046195
momentum lr=0.03,32,0.4719618837038676,0.4366564455136979
momentum lr=0.03,33,0.4631431738535563,0.43518064792343475
momentum lr=0.03,34,0.4662584066390991,0.4344034329599405
momentum lr=0.03,35,0.4634575267632802,0.43290370992515104
momentum lr=0.03,36,0.46538822054862977,0.43267727481631163
momentum lr=0.03,37,0.45730301141738894,0.4309602314849872
momentum lr=0.03,38,0.45696624120076496,0.42653780787746726
momentum lr=0.03,39,0.46039243539174396,0.42371372848859656
momentum lr=0.03,40,0.47443606456120807,0.42375175365688633
momentum lr=0.03,41,0.46241143345832825,0.43367881774255845
momentum lr=0.03,42,0.46029688318570455,0.42349947761984347
momentum lr=0.03,43,0.4609029153982798,0.4217161172366043
momentum lr=0.03,44,0.47315714955329896,0.4211330316987259
momentum lr=0.03,45,0.4599553902943929,0.42606264885833034
momentum lr=0.03,46,0.45907463828722633,0.41971210395246655
momentum lr=0.03,47,0.45479227701822916,0.4174918883586926
momentum lr=0.03,48,0.457930189371109,0.4165532576927633
momentum lr=0.03,49,0.45058487256368,0.41330461181984884
momentum lr=0.03,50,0.45259344776471455,0.4111983036246408
momentum lr=0.03,51,0.45458631714185077,0.41286193381552505
momentum lr=0.03,52,0.4625097076098124,0.4119093009438645
momentum lr=0.03,53,0.4536904434363047,0.4109869848702
momentum lr=0.03,54,0.454475075006485,0.4061705235873104
momentum lr=0.03,55,0.4487826466560364,0.4073818932322928
momentum lr=0.03,56,0.45305893421173093,0.40543382596271077
momentum lr=0.03,57,0.44014333287874857,0.4030785849228721
momentum lr=0.03,58,0.45153186718622845,0.4006495960676831
momentum lr=0.03,59,0.4445405999819438,0.4021056751142556
momentum lr=0.03,60,0.4410518045936312,0.3982444504502465
momentum lr=0.03,61,0.4387182146310806,0.4000777109558538
momentum lr=0.03,62,0.44770491123199463,0.39679823975742373
momentum lr=0.03,63,0.4447202043873923,0.3999103709213982
momentum lr=0.03,64,0.44534559335027424,0.39645059631016144
momentum lr=0.03,65,0.4478849002293178,0.3965139595269694
momentum lr=0.03,66,0.4382851890155247,0.39773585064666345
momentum lr=0.03,67,0.43985589421712434,0.3924814342503324
momentum lr=0.03,68,0.4411268692750197,0.39493202283409634
momentum lr=0.03,69,0.43884954773462737,0.39337826035436
momentum lr=0.03,70,0.43824219474425685,0.3895372766734089
momentum lr=0.03,71,0.4376616202867948,0.390316852834881
momentum lr=0.03,72,0.44340751950557417,0.3896990575003889
momentum lr=0.03,73,0.4372942310113173,0.3886325172789948
momentum lr=0.03,74,0.44373026260962856,0.3885256082863694
momentum lr=0.03,75,0.44204283677614653,0.39056073636826194
momentum lr=0.03,76,0.4418686353243314,0.3876663717048101
momentum lr=0.03,77,0.45065088684742266,0.3865360567466326
momentum lr=0.03,78,0.4411025161926563,0.3889936166592153
momentum lr=0.03,79,0.44206510598842913,0.3830416315355675
momentum lr=0.03,80,0.43832797499803394,0.3862093393650167
momentum lr=0.03,81,0.4375683917449071,0.3870922974130118
momentum lr=0.03,82,0.4385288907931401,0.381859024421833
momentum lr=0.03,83,0.43858208710497076,0.3779126771632807
momentum lr=0.03,84,0.4496513442559676,0.37899698756422917
momentum lr=0.03,85,0.43743288815021514,0.38247744324663
momentum lr=0.03,86,0.44135683178901675,0.3780650384458489
momentum lr=0.03,87,0.44374368488788607,0.3759581085208971
momentum lr=0.03,88,0.4325636923313141,0.3787181039911401
momentum lr=0.03,89,0.43703680568271214,0.37289691626471577
momentum lr=0.03,90,0.4372715883784824,0.3749723870055106
momentum lr=0.03,91,0.44024445944362217,0.37746309485903357
momentum lr=0.03,92,0.43470637996991474,0.3753726647328991
momentum lr=0.03,93,0.44046420521206325,0.37374724343046983
momentum lr=0.03,94,0.4383314947287242,0.3768312056214927
momentum lr=0.03,95,0.43296294079886544,0.3712021587465588
momentum lr=0.03,96,0.451155338022444,0.37077047821570974
momentum lr=0.03,97,0.4359459765255451,0.37191205669170657
momentum lr=0.03,98,0.4286913089454174,0.3715269231334666
momentum lr=0.03,99,0.43406056985259056,0.36803590699992417
momentum lr=0.03,100,0.43030453473329544,0.37256778935007967
momentum lr=0.03,101,0.4328750967979431,0.36444265204730464
momentum lr=0.03,102,0.4360944442451,0.36739006001228103
momentum lr=0.03,103,0.42948711663484573,0.3658911863401728
momentum lr=0.03,104,0.43332110717892647,0.36651387697878723
momentum lr=0.03,105,0.432348869740963,0.365690648456871
momentum lr=0.03,106,0.4353184849023819,0.3638190925985262
momentum lr=0.03,107,0.43577203899621964,0.36440916370224025
momentum lr=0.03,108,0.43302613496780396,0.3667300173175567
momentum lr=0.03,109,0.42988113846097675,0.3636496349089281
momentum lr=0.03,110,0.4419479029519217,0.3662429728990628
momentum lr=0.03,111,0.43955011665821075,0.36298908971970806
momentum lr=0.03,112,0.4296136101086934,0.3634384514865872
momentum lr=0.03,113,0.4306640724341075,0.35897679237143354
momentum lr=0.03,114,0.44410647451877594,0.3606100377563855
momentum lr=0.03,115,0.4356791228055954,0.3668165598339422
momentum lr=0.03,116,0.4288264761368434,0.35786578618141845
momentum lr=0.03,117,0.4291610598564148,0.3538457872578048
momentum lr=0.03,118,0.4267516255378723,0.3543282970499873
momentum lr=0.03,119,0.4269374907016754,0.3570211436455207
momentum lr=0.03,120,0.4273384392261505,0.3548637461239601
momentum lr=0.03,121,0.4219809353351593,0.35177505080294813
momentum lr=0.03,122,0.43388270735740664,0.3516452428880029
momentum lr=0.03,123,0.43345552682876587,0.3559584628889648
momentum lr=0.03,124,0.44733165502548217,0.35950148559532547
momentum lr=0.03,125,0.4252858221530914,0.3564206006651168
momentum lr=0.03,126,0.4261653900146484,0.35370960072067303
momentum lr=0.03,127,0.43431074619293214,0.3520138056466112
momentum lr=0.03,128,0.42624418139457704,0.359230905046709
momentum lr=0.03,129,0.43443679213523867,0.3505481759870129
momentum lr=0.03,130,0.43192971497774124,0.3544689253210044
momentum lr=0.03,131,0.42665019631385803,0.35352871079611137
momentum lr=0.03,132,0.4252186045050621,0.3638837017680795
momentum lr=0.03,133,0.4392952620983124,0.35553346592408397
momentum lr=0.03,134,0.42083680629730225,0.3539419606097231
momentum lr=0.03,135,0.4169842600822449,0.3559358813251987
momentum lr=0.03,136,0.425489604473114,0.3470243959290716
momentum lr=0.03,137,0.42370977997779846,0.349629981042409
momentum lr=0.03,138,0.4234926402568817,0.35091218368617366
momentum lr=0.03,139,0.42924122015635174,0.34622392500145244
momentum lr=0.03,140,0.42322393258412677,0.3462122686828127
momentum lr=0.03,141,0.44294888774553937,0.3484868306348948
momentum lr=0.03,142,0.4426972468694051,0.35375476509704096
momentum lr=0.03,143,0.4255541265010834,0.34366741990554733
momentum lr=0.03,144,0.43209608395894367,0.34526339466082007
momentum lr=0.03,145,0.42503029108047485,0.35023333927379574
momentum lr=0.03,146,0.41330676277478534,0.3476309332241283
momentum lr=0.03,147,0.44485053420066833,0.3433319757114856
momentum lr=0.03,148,0.42953774333000183,0.3499786009109041
momentum lr=0.03,149,0.41874932249387103,0.3396057237260664
momentum lr=0.03,150,0.4267701307932536,0.3454568721233524
momentum lr=0.03,151,0.42935532331466675,0.34522745268818694
momentum lr=0.03,152,0.4275275766849518,0.34359945643498574
momentum lr=0.03,153,0.43805452187856037,0.3430448346076438
momentum lr=0.03,154,0.44190482795238495,0.3369694471934047
momentum lr=0.03,155,0.4099196195602417,0.34210659119456954
momentum lr=0.03,156,0.42222069203853607,0.34027213719568766
momentum lr=0.03,157,0.41196824610233307,0.3384213582053869
momentum lr=0.03,158,0.4213680773973465,0.33973165944076406
momentum lr=0.03,159,0.4129682630300522,0.3406941015595112
momentum lr=0.03,160,0.4024064540863037,0.3430817280476887
momentum lr=0.03,161,0.4217269569635391,0.3315329015601144
momentum lr=0.03,162,0.4233667552471161,0.34286614899507617
momentum lr=0.03,163,0.4316675215959549,0.3390140730546477
momentum lr=0.03,164,0.4395458847284317,0.33818584204383045
momentum lr=0.03,165,0.4222000688314438,0.34009926373381016
momentum lr=0.03,166,0.42432859539985657,0.33822917986308265
momentum lr=0.03,167,0.41677457094192505,0.3327299102410878
momentum lr=0.03,168,0.4126128852367401,0.33129908211886006
momentum lr=0.03,169,0.41579823195934296,0.33178668955003476
momentum lr=0.03,170,0.4066540151834488,0.3347410336471821
momentum lr=0.03,171,0.4242739677429199,0.33294733560599205
momentum lr=0.03,172,0.4089647978544235,0.3345731815157642
momentum lr=0.03,173,0.4424920976161957,0.33200960016555287
momentum lr=0.03,174,0.4109983593225479,0.3320863904428377
momentum lr=0.03,175,0.41803692281246185,0.3292000457577462
momentum lr=0.03,176,0.4200676381587982,0.33587153831350935
momentum lr=0.03,177,0.4385492205619812,0.32903745432395404
momentum lr=0.03,178,0.42430248856544495,0.33718172067254276
momentum lr=0.03,179,0.4138121008872986,0.3308467968523742
momentum lr=0.03,180,0.4207962453365326,0.3277859998346927
momentum lr=0.03,181,0.4073790907859802,0.32753779368463765
momentum lr=0.03,182,0.4266316294670105,0.3275270134227043
momentum lr=0.03,183,0.3995620310306549,0.32859678070181464
momentum lr=0.03,184,0.41521522402763367,0.32817918789107464
momentum lr=0.03,185,0.41517090797424316,0.33845447788453303
momentum lr=0.03,186,0.40357908606529236,0.3379594804495021
momentum lr=0.03,187,0.40515410900115967,0.3306171652941972
momentum lr=0.03,188,0.41122931241989136,0.3340636050465111
momentum lr=0.03,189,0.4119797646999359,0.33006730364614867
momentum lr=0.03,190,0.4062264859676361,0.325803047029756
momentum lr=0.03,191,0.40172824263572693,0.3343651844738828
momentum lr=0.03,192,0.4423624575138092,0.32230081571016417
momentum lr=0.03,193,0.4346389174461365,0.35444788366422164
momentum lr=0.03,194,0.4272482991218567,0.36689891475339864
momentum lr=0.03,195,0.42116037011146545,0.3477285616502426
momentum lr=0.03,196,0.4137737452983856,0.3302425932666053
momentum lr=0.03,197,0.401002436876297,0.33400945968904205
momentum lr=0.03,198,0.40904149413108826,0.3302068731214869
momentum lr=0.03,199,0.41835862398147583,0.32715520556345246
momentum lr=0.1,1,0.9916717685185946,5.471079467575896
momentum lr=0.1,2,1.0010679685152495,0.9842502021868251
momentum lr=0.1,3,2.108693865629343,0.9892369751677758
momentum lr=0.1,4,1.0007649981058562,1.0157140856856102
momentum lr=0.1,5,1.0046867361435523,0.9915823750477509
momentum lr=0.1,6,0.9851726293563843,0.981962598924597
momentum lr=0.1,7,0.9929702602899991,0.9834317087927491
momentum lr=0.1,8,0.9796590163157537,0.9822544628545243
momentum lr=0.1,9,1.0049605094469511,0.9778971249265539
momentum lr=0.1,10,0.9928262600531945,0.9874863494486767
momentum lr=0.1,11,0.9687974177874051,0.9831602632035191
momentum lr=0.1,12,1.0427158795870268,1.1337102510976256
momentum lr=0.1,13,0.9707009884027334,0.9822826050737535
momentum lr=0.1,14,0.9710563788047204,0.9759146789087523
momentum lr=0.1,15,0.9885245378200824,0.9747772414283081
momentum lr=0.1,16,0.9722965818185073,0.9746684864573087
momentum lr=0.1,17,0.9631005708987896,0.9726458036119285
momentum lr=0.1,18,1.3104914701901949,0.9666473336282314
momentum lr=0.1,19,0.9758581885924706,0.9775473411289405
momentum lr=0.1,20,0.9938773833788358,0.982586103657749
momentum lr=0.1,21,0.9719681648107675,0.9834644117525103
momentum lr=0.1,22,0.9611459482799877,0.9706592732378848
momentum lr=0.1,23,0.9597201281123691,0.9676599070176035
momentum lr=0.1,24,0.948419087462955,0.9533346209852012
momentum lr=0.1,25,0.9349424690008163,0.9376661987202236
momentum lr=0.1,26,0.9293252527713776,0.9350460948729784
momentum lr=0.1,27,0.9275842905044556,0.9398741382719675
momentum lr=0.1,28,0.9247253760695457,0.9319537757200389
momentum lr=0.1,29,0.9168903529644012,0.9275273074596295
momentum lr=0.1,30,0.9044576202120099,0.9124232769874895
momentum lr=0.1,31,0.9264701349394662,0.9103521414996228
momentum lr=0.1,32,0.9043559602328709,0.9146105720052226
momentum lr=0.1,33,0.874713530143102,0.8892490198739099
momentum lr=0.1,34,0.8919325868288676,0.8787192542847718
momentum lr=0.1,35,0.87299312154452,0.8783853477486296
momentum lr=0.1,36,0.8843997021516165,0.8738600818683194
momentum lr=0.1,37,0.8395862936973572,0.8494323377396921
momentum lr=0.1,38,0.8413422107696533,0.8452361969962109
momentum lr=0.1,39,0.844453501701355,0.8421646527746758
momentum lr=0.1,40,0.8820465445518494,0.8395973255066895
momentum lr=0.1,41,0.842058789730072,0.8529473308768569
momentum lr=0.1,42,0.855267870426178,0.8329880091264211
momentum lr=0.1,43,0.8445067763328552,0.8385427524654743
momentum lr=0.1,44,0.7755495458841324,0.787302552807394
momentum lr=0.1,45,0.7811467945575714,0.7869992190598031
momentum lr=0.1,46,0.7818170487880707,0.7922404425016965
momentum lr=0.1,47,0.7767851948738098,0.7883250605565635
momentum lr=0.1,48,0.7699613124132156,0.7763364751882533
momentum lr=0.1,49,0.7663843035697937,0.7739716831809519
momentum lr=0.1,50,0.7777540236711502,0.7718996970134173
momentum lr=0.1,51,0.8049790412187576,0.7739119494096276
momentum lr=0.1,52,0.710408608118693,0.7021147996247551
momentum lr=0.1,53,0.6937108635902405,0.6953446970746775
momentum lr=0.1,54,0.7109589775403341,0.692518883727432
momentum lr=0.1,55,0.7033566236495972,0.6945393120946938
momentum lr=0.1,56,0.7191349665323893,0.6934677388497793
momentum lr=0.1,57,0.6931372086207072,0.6925018123281466
momentum lr=0.1,58,0.6855857173601786,0.690660404306718
momentum lr=0.1,59,0.6802692413330078,0.6869366968077095
momentum lr=0.1,60,0.6941966414451599,0.690575984679961
momentum lr=0.1,61,0.6856839060783386,0.6960784977100709
momentum lr=0.1,62,0.6845231850941976,0.6862718763028207
momentum lr=0.1,63,0.7013657490412394,0.6844619054462177
momentum lr=0.1,64,0.7763361136118571,0.6861564674014087
momentum lr=0.1,65,0.6973088383674622,0.6913100126878514
momentum lr=0.1,66,0.7022836009661356,0.6823026197595013
momentum lr=0.1,67,0.7129760583241781,0.6864059057353827
momentum lr=0.1,68,0.7049017349878947,0.6924224310072851
momentum lr=0.1,69,0.6825669606526693,0.6868619755161623
momentum lr=0.1,70,0.6782238284746805,0.6811955484434357
momentum lr=0.1,71,0.6931708653767904,0.6780075671774317
momentum lr=0.1,72,0.6920170187950134,0.6841463512011247
momentum lr=0.1,73,0.7001999815305074,0.6830853895749738
momentum lr=0.1,74,0.677982489267985,0.6803913634247998
momentum lr=0.1,75,0.7329719463984171,0.680109532237357
momentum lr=0.1,76,0.689020037651062,0.6825328201634631
momentum lr=0.1,77,0.6777138312657675,0.6804001875185879
momentum lr=0.1,78,0.7087101737658182,0.67987551309768
momentum lr=0.1,79,0.7063777049382528,0.6799649006719014
momentum lr=0.1,80,0.7029470403989156,0.6826895870855482
momentum lr=0.1,81,0.6790812214215597,0.675175288369505
momentum lr=0.1,82,0.6750051776568095,0.6736486761095284
momentum lr=0.1,83,0.6837896307309469,0.6737896165251968
momentum lr=0.1,84,0.6771882772445679,0.6788613878609565
momentum lr=0.1,85,0.6862345536549886,0.688043242016516
momentum lr=0.1,86,0.7346559365590414,0.6815750837711597
momentum lr=0.1,87,0.672775387763977,0.6864283157747195
momentum lr=0.1,88,0.7118023037910461,0.6764251024407845
momentum lr=0.1,89,0.6745567719141642,0.6799045858226829
momentum lr=0.1,90,0.6779438455899557,0.6743069978485771
momentum lr=0.1,91,0.7669649918874105,0.6741236094070464
momentum lr=0.1,92,0.7014509240786234,0.6784580424555328
momentum lr=0.1,93,0.6765670975049337,0.6835780201906824
momentum lr=0.1,94,0.6999891002972921,0.6762423556715204
momentum lr=0.1,95,0.6726589500904083,0.6751522179435854
momentum lr=0.1,96,0.7486384212970734,0.6738936044237558
momentum lr=0.1,97,0.6794675886631012,0.6899213687066186
momentum lr=0.1,98,0.6660035252571106,0.674448241073504
momentum lr=0.1,99,0.6729514598846436,0.6680205781393325
momentum lr=0.1,100,0.6823350489139557,0.6715128710896772
momentum lr=0.1,101,0.6813359260559082,0.6729504473344605
momentum lr=0.1,102,0.6724488437175751,0.6747252259806352
momentum lr=0.1,103,0.6623250544071198,0.6654106947060987
momentum lr=0.1,104,0.6786775887012482,0.6665420836244573
momentum lr=0.1,105,0.6620225310325623,0.6700851373833475
momentum lr=0.1,106,0.7070050239562988,0.668555360123159
momentum lr=0.1,107,0.6746618449687958,0.6738812471918101
momentum lr=0.1,108,0.6872160136699677,0.6684237203829727
momentum lr=0.1,109,0.7142755091190338,0.6641670202921174
momentum lr=0.1,110,0.6661648452281952,0.6752234433735829
momentum lr=0.1,111,0.6762419044971466,0.6621555440586863
momentum lr=0.1,112,0.6986216008663177,0.668044285795107
momentum lr=0.1,113,0.6864261031150818,0.6686487818113156
momentum lr=0.1,114,0.6597748100757599,0.6716721787304685
momentum lr=0.1,115,0.6585882008075714,0.667091905256711
momentum lr=0.1,116,0.6729718446731567,0.6628103070786824
momentum lr=0.1,117,0.6954637169837952,0.6643670163828275
momentum lr=0.1,118,0.7100660502910614,0.6672858169066227
momentum lr=0.1,119,0.6645867824554443,0.675859658311592
momentum lr=0.1,120,0.6614794433116913,0.6657781034527004
momentum lr=0.1,121,0.6622225940227509,0.6630300172634227
momentum lr=0.1,122,0.666417270898819,0.6602457164366313
momentum lr=0.1,123,0.6628914475440979,0.6609391894973471
momentum lr=0.1,124,0.7694595158100128,0.66375664776692
momentum lr=0.1,125,0.6554001271724701,0.6800162899500755
momentum lr=0.1,126,0.6663471460342407,0.6562013347987508
momentum lr=0.1,127,0.6683093011379242,0.6625868507793972
momentum lr=0.1,128,0.6729214191436768,0.6668863220821657
momentum lr=0.1,129,0.6617763042449951,0.6671035230028108
momentum lr=0.1,130,0.6533028781414032,0.6581898794604315
momentum lr=0.1,131,0.6587564647197723,0.6629719359693989
momentum lr=0.1,132,0.6539884805679321,0.6576791153214957
momentum lr=0.1,133,0.6730766594409943,0.6622008140496936
momentum lr=0.1,134,0.662925511598587,0.6625035430454649
momentum lr=0.1,135,0.6655937731266022,0.6666387698987855
momentum lr=0.1,136,0.6899518072605133,0.6625941989584432
momentum lr=0.1,137,0.6566201746463776,0.6631645298092544
momentum lr=0.1,138,0.6690208315849304,0.6588164609558267
momentum lr=0.1,139,0.6739690601825714,0.6595016690076145
momentum lr=0.1,140,0.6723279654979706,0.6714893386591926
momentum lr=0.1,141,0.6732846200466156,0.6624718448103832
momentum lr=0.1,142,0.6617141366004944,0.6605122004753692
momentum lr=0.1,143,0.6720786392688751,0.6614079774554487
momentum lr=0.1,144,0.6898069083690643,0.6662967996688693
momentum lr=0.1,145,0.660474568605423,0.6600987085836152
momentum lr=0.1,146,0.6753676533699036,0.6695419135431842
momentum lr=0.1,147,0.6837162971496582,0.6692671385051757
momentum lr=0.1,148,0.7066181898117065,0.6708099214287975
momentum lr=0.1,149,0.6858524680137634,0.6699525529257627
momentum lr=0.1,150,0.7550736665725708,0.662913826692647
momentum lr=0.1,151,0.7327273488044739,0.676763522631552
rmsprop lr=0.0001,1,0.8072739799817403,1.0796284610240072
rmsprop lr=0.0001,2,0.7399323940277099,0.7804664430092062
rmsprop lr=0.0001,3,0.7053679863611857,0.7316037535476213
rmsprop lr=0.0001,4,0.6819636662801106,0.70181649344377
rmsprop lr=0.0001,5,0.6686733722686767,0.6809850439053532
rmsprop lr=0.0001,6,0.656875216960907,0.6664825398909554
rmsprop lr=0.0001,7,0.6467378536860148,0.65544964516681
rmsprop lr=0.0001,8,0.6381976207097372,0.6465469003457174
rmsprop lr=0.0001,9,0.6346394578615825,0.6391223540937637
rmsprop lr=0.0001,10,0.6297219713528951,0.633170927294185
rmsprop lr=0.0001,11,0.6234033902486166,0.6278795228119556
rmsprop lr=0.0001,12,0.6222598274548848,0.6231328650749108
rmsprop lr=0.0001,13,0.6164572874704997,0.6191648150361129
rmsprop lr=0.0001,14,0.6127571860949198,0.6153509939148827
rmsprop lr=0.0001,15,0.6123130361239115,0.611906251369526
rmsprop lr=0.0001,16,0.6077851255734762,0.6087912070011755
rmsprop lr=0.0001,17,0.6053368965784709,0.6057465844801199
rmsprop lr=0.0001,18,0.6038860162099202,0.6029593144448381
rmsprop lr=0.0001,19,0.6008581598599751,0.6002839071569904
rmsprop lr=0.0001,20,0.5968567132949829,0.5977365281388102
rmsprop lr=0.0001,21,0.5948375900586446,0.595241874430154
rmsprop lr=0.0001,22,0.5951971689860026,0.5929177925087432
rmsprop lr=0.0001,23,0.5925268570582072,0.5905990648713503
rmsprop lr=0.0001,24,0.5895080844561259,0.5884478241158981
rmsprop lr=0.0001,25,0.5894360343615214,0.5864288918968442
rmsprop lr=0.0001,26,0.5870243072509765,0.5844188473324695
rmsprop lr=0.0001,27,0.5834420760472615,0.5824543736135896
rmsprop lr=0.0001,28,0.5840271830558776,0.5804337788736543
rmsprop lr=0.0001,29,0.5809939940770467,0.5787557612206834
rmsprop lr=0.0001,30,0.5795459469159444,0.5769097798627186
rmsprop lr=0.0001,31,0.5818923513094584,0.5750920211589263
rmsprop lr=0.0001,32,0.5782726248105367,0.5735149430409271
rmsprop lr=0.0001,33,0.5732607881228129,0.5717793362956918
rmsprop lr=0.0001,34,0.5760672489802042,0.5700841634035493
rmsprop lr=0.0001,35,0.5732776006062825,0.5686123006976186
rmsprop lr=0.0001,36,0.5719166795412699,0.5670511000079167
rmsprop lr=0.0001,37,0.5690668145815532,0.5655463706403724
rmsprop lr=0.0001,38,0.5681851069132487,0.5640201751882586
rmsprop lr=0.0001,39,0.5653558333714803,0.5625701498318889
rmsprop lr=0.0001,40,0.5668960412343343,0.5610251618196151
rmsprop lr=0.0001,41,0.5671762069066365,0.5598370458335856
rmsprop lr=0.0001,42,0.563433317343394,0.5585499062279643
rmsprop lr=0.0001,43,0.5640794237454733,0.5571504411530067
rmsprop lr=0.0001,44,0.5609381874402364,0.5559709397726389
rmsprop lr=0.0001,45,0.5595743338267009,0.5546790151154288
rmsprop lr=0.0001,46,0.5595893939336141,0.553399082947776
rmsprop lr=0.0001,47,0.5587767759958903,0.5522875605651749
rmsprop lr=0.0001,48,0.557690171400706,0.551082530012828
rmsprop lr=0.0001,49,0.554850681622823,0.5499504008533194
rmsprop lr=0.0001,50,0.5544243454933167,0.5486715248974156
rmsprop lr=0.0001,51,0.5551588733990988,0.5476811021801481
rmsprop lr=0.0001,52,0.5522176583607992,0.5466591591951752
rmsprop lr=0.0001,53,0.5510038336118063,0.5455004751163517
rmsprop lr=0.0001,54,0.5502995570500692,0.544399360864896
rmsprop lr=0.0001,55,0.5505651116371155,0.5433717640275937
rmsprop lr=0.0001,56,0.551313054561615,0.5422927894275948
rmsprop lr=0.0001,57,0.5467718164126079,0.5413175421932357
rmsprop lr=0.0001,58,0.5481445590655009,0.5402986488349871
rmsprop lr=0.0001,59,0.5465546290079752,0.5393672473518447
rmsprop lr=0.0001,60,0.5452727278073629,0.5383222603657799
rmsprop lr=0.0001,61,0.5425038814544678,0.5374102381729144
rmsprop lr=0.0001,62,0.5450405836105346,0.5364333302505118
rmsprop lr=0.0001,63,0.5433840155601501,0.5354669730898656
rmsprop lr=0.0001,64,0.5465313831965128,0.5346301379101548
rmsprop lr=0.0001,65,0.5414228598276775,0.5338826202991424
rmsprop lr=0.0001,66,0.5382714629173279,0.5328725936026888
rmsprop lr=0.0001,67,0.5386161088943482,0.5320922935134541
rmsprop lr=0.0001,68,0.5388498306274414,0.5312062760953482
rmsprop lr=0.0001,69,0.5376687407493591,0.530455966787461
rmsprop lr=0.0001,70,0.5360266248385112,0.5295853475186567
rmsprop lr=0.0001,71,0.5358520110448202,0.5288671017814494
rmsprop lr=0.0001,72,0.5363953431447347,0.5279785380247393
rmsprop lr=0.0001,73,0.5344274838765463,0.5272431618500112
rmsprop lr=0.0001,74,0.5363747715950012,0.5264972525327557
rmsprop lr=0.0001,75,0.5360490520795186,0.5257216495928734
rmsprop lr=0.0001,76,0.5328429460525512,0.5250003527636274
rmsprop lr=0.0001,77,0.5317115624745686,0.5241952931413749
rmsprop lr=0.0001,78,0.5332486271858216,0.5234743102336863
rmsprop lr=0.0001,79,0.5332626740137736,0.52283062129513
rmsprop lr=0.0001,80,0.5319200952847799,0.5221516696229941
rmsprop lr=0.0001,81,0.5308096408843994,0.5214920567840378
rmsprop lr=0.0001,82,0.5302913188934326,0.5207123457758561
rmsprop lr=0.0001,83,0.5324548721313477,0.5200837433523886
rmsprop lr=0.0001,84,0.5289151549339295,0.5194620154099618
rmsprop lr=0.0001,85,0.5296178936958313,0.5187498391022524
rmsprop lr=0.0001,86,0.5290363113085429,0.5182321586593465
rmsprop lr=0.0001,87,0.527307399113973,0.5175892540987007
rmsprop lr=0.0001,88,0.5283067544301351,0.5169263238953847
rmsprop lr=0.0001,89,0.5246804118156433,0.5162959334154822
rmsprop lr=0.0001,90,0.5264112710952759,0.5156259640779763
rmsprop lr=0.0001,91,0.5266046047210693,0.5150670456974372
rmsprop lr=0.0001,92,0.5255675474802654,0.5144664119412172
rmsprop lr=0.0001,93,0.5240681131680807,0.5139009448265203
rmsprop lr=0.0001,94,0.5239955902099609,0.5133236719541002
rmsprop lr=0.0001,95,0.5217990159988404,0.5127465475241791
rmsprop lr=0.0001,96,0.5268243312835693,0.5121449147353168
rmsprop lr=0.0001,97,0.5217296580473582,0.5116896229502322
rmsprop lr=0.0001,98,0.5221844017505646,0.5110148011953981
rmsprop lr=0.0001,99,0.5214918990929921,0.5104867328303634
rmsprop lr=0.0001,100,0.5223143955071767,0.509923022846442
rmsprop lr=0.0001,101,0.5207072158654531,0.5094558549830913
rmsprop lr=0.0001,102,0.5204056898752848,0.5089066986692108
rmsprop lr=0.0001,103,0.5180381457010905,0.5083458771273
rmsprop lr=0.0001,104,0.5198778490225474,0.507843398630489
rmsprop lr=0.0001,105,0.5182549238204956,0.5073177926093265
rmsprop lr=0.0001,106,0.5205075959364573,0.5068602308563159
rmsprop lr=0.0001,107,0.5175124982992808,0.5063317097248015
rmsprop lr=0.0001,108,0.517828627427419,0.5057822735870493
rmsprop lr=0.0001,109,0.5172874728838602,0.5053407897057383
rmsprop lr=0.0001,110,0.5181002636750539,0.5048518509620126
rmsprop lr=0.0001,111,0.518138172229131,0.5044100465557878
rmsprop lr=0.0001,112,0.5155369361241658,0.5040236074462252
rmsprop lr=0.0001,113,0.5171272257963816,0.5034032908494277
rmsprop lr=0.0001,114,0.5164621412754059,0.5029932098507502
rmsprop lr=0.0001,115,0.5155949393908182,0.5025291667134139
rmsprop lr=0.0001,116,0.5149165689945221,0.5020053450044909
rmsprop lr=0.0001,117,0.5152292788028717,0.5016847399833254
rmsprop lr=0.0001,118,0.5162906348705292,0.501146773267816
rmsprop lr=0.0001,119,0.5135542770226796,0.500818403986247
rmsprop lr=0.0001,120,0.5129631320635478,0.500268018535641
rmsprop lr=0.0001,121,0.5116118311882019,0.4998469316117133
rmsprop lr=0.0001,122,0.5138394554456075,0.4993779328757835
rmsprop lr=0.0001,123,0.5128779510656992,0.4989742759618807
rmsprop lr=0.0001,124,0.5138279676437378,0.49862436852448616
rmsprop lr=0.0001,125,0.511245201031367,0.49812855686510377
rmsprop lr=0.0001,126,0.5093067149321239,0.49771273632397617
rmsprop lr=0.0001,127,0.5106492757797241,0.4972745545691367
rmsprop lr=0.0001,128,0.5116587936878204,0.49695506919056764
rmsprop lr=0.0001,129,0.5090094387531281,0.49649973231782385
rmsprop lr=0.0001,130,0.511504473288854,0.49603653278008164
rmsprop lr=0.0001,131,0.5130626797676087,0.49567790186741206
rmsprop lr=0.0001,132,0.5102141559123993,0.4954235892574685
rmsprop lr=0.0001,133,0.510817168156306,0.49494269091623894
rmsprop lr=0.0001,134,0.5067933102448782,0.4945152279386757
rmsprop lr=0.0001,135,0.506594302256902,0.4940697407320313
rmsprop lr=0.0001,136,0.5073652068773905,0.4937208928874069
rmsprop lr=0.0001,137,0.510057677825292,0.4933838287833748
rmsprop lr=0.0001,138,0.5093643228212993,0.49300973143321103
rmsprop lr=0.0001,139,0.506736958026886,0.4926171117523561
rmsprop lr=0.0001,140,0.508300240834554,0.4921466386867376
rmsprop lr=0.0001,141,0.5059081554412842,0.4917555731179659
rmsprop lr=0.0001,142,0.5042323629061382,0.49138803454174024
rmsprop lr=0.0001,143,0.506969294945399,0.491006460751386
rmsprop lr=0.0001,144,0.5090629438559214,0.49064620550533716
rmsprop lr=0.0001,145,0.5034449895222982,0.49040485416613194
rmsprop lr=0.0001,146,0.5038432439168294,0.4897661160616842
rmsprop lr=0.0001,147,0.5058950066566468,0.48960517195782494
rmsprop lr=0.0001,148,0.5043941617012024,0.48926388688722644
rmsprop lr=0.0001,149,0.5052192231019338,0.48895483651811855
rmsprop lr=0.0001,150,0.508376560608546,0.48855893131972317
rmsprop lr=0.0001,151,0.503946993748347,0.4882786837245347
rmsprop lr=0.0001,152,0.5036205172538757,0.48781677448806116
rmsprop lr=0.0001,153,0.5078708291053772,0.4874850623844637
rmsprop lr=0.0001,154,0.5046922524770101,0.4873110762858591
rmsprop lr=0.0001,155,0.5039834181467692,0.48690048318029794
rmsprop lr=0.0001,156,0.5027860740820567,0.4865016224202912
rmsprop lr=0.0001,157,0.5038770238558451,0.4861673870139424
rmsprop lr=0.0001,158,0.5009849051634471,0.48587414943964397
rmsprop lr=0.0001,159,0.5058829466501872,0.48555817101333437
rmsprop lr=0.0001,160,0.5004578868548075,0.48526353251806786
rmsprop lr=0.0001,161,0.5023528695106506,0.48487987233714863
rmsprop lr=0.0001,162,0.5031767268975575,0.4846142678772703
rmsprop lr=0.0001,163,0.49968775709470115,0.48430401316576094
rmsprop lr=0.0001,164,0.50337788661321,0.4838045837379631
rmsprop lr=0.0001,165,0.4996153791745504,0.4836659896694568
rmsprop lr=0.0001,166,0.5003812313079834,0.48334225038355133
rmsprop lr=0.0001,167,0.5002866764863332,0.4829249619288033
rmsprop lr=0.0001,168,0.5017331043879191,0.4826318578867917
rmsprop lr=0.0001,169,0.5016237119833629,0.4823536359744433
rmsprop lr=0.0001,170,0.5001095612843831,0.4821144216854803
rmsprop lr=0.0001,171,0.5002993603547414,0.48177499946009233
rmsprop lr=0.0001,172,0.5008890767892201,0.48144879159839976
rmsprop lr=0.0001,173,0.5002391676108042,0.4811252697689076
rmsprop lr=0.0001,174,0.5024503310521443,0.4808393816184554
rmsprop lr=0.0001,175,0.4985888739426931,0.48060562041991234
rmsprop lr=0.0001,176,0.4986569325129191,0.480259441229422
rmsprop lr=0.0001,177,0.498252942164739,0.47990588282886676
rmsprop lr=0.0001,178,0.4966754913330078,0.4796632818273713
rmsprop lr=0.0001,179,0.5029117226600647,0.4793563803135745
rmsprop lr=0.0001,180,0.4992137591044108,0.47916230116659464
rmsprop lr=0.0001,181,0.49763758182525636,0.47881118446503884
rmsprop lr=0.0001,182,0.49838829040527344,0.47859530215398965
rmsprop lr=0.0001,183,0.4943899631500244,0.47830701344946863
rmsprop lr=0.0001,184,0.49567812085151675,0.4778675677960898
rmsprop lr=0.0001,185,0.4975208342075348,0.4777407790073692
rmsprop lr=0.0001,186,0.49551083842913307,0.4773721074097877
rmsprop lr=0.0001,187,0.49667783776919044,0.47699883854424296
rmsprop lr=0.0001,188,0.49539583722750347,0.47678906154314105
rmsprop lr=0.0001,189,0.4956340312957764,0.4764336130589804
rmsprop lr=0.0001,190,0.4953218301137288,0.4762736354498197
rmsprop lr=0.0001,191,0.4976597289244334,0.4760246759731298
rmsprop lr=0.0001,192,0.4966728985309601,0.475764383891549
rmsprop lr=0.0001,193,0.49573622743288676,0.4754387651147494
rmsprop lr=0.0001,194,0.4945078949133555,0.4751956549322968
rmsprop lr=0.0001,195,0.49789724946022035,0.47496286074502275
rmsprop lr=0.0001,196,0.49258219003677367,0.47483480460891836
rmsprop lr=0.0001,197,0.49785436193148297,0.474342949675152
rmsprop lr=0.0001,198,0.4953724483648936,0.47417982861308355
rmsprop lr=0.0001,199,0.4963344951470693,0.473965598076064
rmsprop lr=0.0001,200,0.49391062259674073,0.47362308308491186
rmsprop lr=0.0001,201,0.4945314665635427,0.4732762286196073
rmsprop lr=0.0001,202,0.4922163685162862,0.4730991469628429
rmsprop lr=0.0001,203,0.49818283716837564,0.47290999028052105
rmsprop lr=0.0001,204,0.4933134118715922,0.4727364932422506
rmsprop lr=0.0001,205,0.4930605411529541,0.4723525142172698
rmsprop lr=0.0001,206,0.49273505608240764,0.4721707522192052
rmsprop lr=0.0001,207,0.4926038205623627,0.4719055573545985
rmsprop lr=0.0001,208,0.49229198892911274,0.4717177161636428
rmsprop lr=0.0001,209,0.49078793128331505,0.4714074627109212
rmsprop lr=0.0001,210,0.49263280431429546,0.47116387650871727
rmsprop lr=0.0001,211,0.49357932011286415,0.4710165056784446
rmsprop lr=0.0001,212,0.4977301836013794,0.4706104987938246
rmsprop lr=0.0001,213,0.4947310507297516,0.47047247349289656
rmsprop lr=0.0001,214,0.49479254285494484,0.4702476189467104
rmsprop lr=0.0001,215,0.48948033253351847,0.47005016015697243
rmsprop lr=0.0001,216,0.4965642432371775,0.4695976964054036
rmsprop lr=0.0001,217,0.488090177377065,0.46958440774415255
rmsprop lr=0.0001,218,0.49083555340766905,0.46923684896790807
rmsprop lr=0.0001,219,0.49182865222295125,0.46903087102394525
rmsprop lr=0.0001,220,0.49431530237197874,0.4687384664629555
rmsprop lr=0.0001,221,0.48972100218137105,0.4685779952201431
rmsprop lr=0.0001,222,0.4931287248929342,0.46824254128647147
rmsprop lr=0.0001,223,0.4895830949147542,0.46821005912947494
rmsprop lr=0.0001,224,0.4930409908294678,0.46784820887521555
rmsprop lr=0.0001,225,0.488830296198527,0.467663851975948
rmsprop lr=0.0001,226,0.48950830499331155,0.4674003048446489
rmsprop lr=0.0001,227,0.49190081357955934,0.4670848845652698
rmsprop lr=0.0001,228,0.49089842041333515,0.4670121371050198
rmsprop lr=0.0001,229,0.4874216039975484,0.4667662248466384
rmsprop lr=0.0001,230,0.49024274945259094,0.46643722710582386
rmsprop lr=0.0001,231,0.49505314429601033,0.4662742599620422
rmsprop lr=0.0001,232,0.49321035742759706,0.4662062248162331
rmsprop lr=0.0001,233,0.48858683506647743,0.46582919174050497
rmsprop lr=0.0001,234,0.49047065774599713,0.46564024420127587
rmsprop lr=0.0001,235,0.4864704171816508,0.46540037502769116
rmsprop lr=0.0001,236,0.4909237265586853,0.4650780116203318
rmsprop lr=0.0001,237,0.49114511609077455,0.46501924854001825
rmsprop lr=0.0001,238,0.4900777829544885,0.4646420853109855
rmsprop lr=0.0001,239,0.4897709275994982,0.46450478425283354
rmsprop lr=0.0001,240,0.48557886268411365,0.4643333894118184
rmsprop lr=0.0001,241,0.49043196865490507,0.4640952205119671
rmsprop lr=0.0001,242,0.48618767729827334,0.4638824223347645
rmsprop lr=0.0001,243,0.4877421643052782,0.463541793381475
rmsprop lr=0.0001,244,0.4907950162887573,0.4634516774684664
rmsprop lr=0.0001,245,0.48723399000508444,0.4632318072717209
rmsprop lr=0.0001,246,0.48736411545957836,0.46294041004645947
rmsprop lr=0.0001,247,0.48542243029390064,0.46278625854563443
rmsprop lr=0.0001,248,0.4857471798147474,0.4625972607085759
rmsprop lr=0.0001,249,0.48960494143622263,0.4623547503895659
rmsprop lr=0.0001,250,0.48744258071695057,0.4621659691862467
rmsprop lr=0.0001,251,0.4876532916511808,0.4619951364521559
rmsprop lr=0.0001,252,0.48926875846726553,0.46179315200140303
rmsprop lr=0.0001,253,0.49093840377671377,0.4615771231915319
rmsprop lr=0.0001,254,0.48623872654778616,0.4615558753993606
rmsprop lr=0.0001,255,0.483986748116357,0.4610200175412512
rmsprop lr=0.0001,256,0.4881485934768404,0.4609889368043854
rmsprop lr=0.0001,257,0.48321222407477243,0.46088775849207064
rmsprop lr=0.0001,258,0.48404633147375925,0.46048333188139695
rmsprop lr=0.0001,259,0.4900644357715334,0.4603377338033479
rmsprop lr=0.0001,260,0.4845781113420214,0.4602711859641179
rmsprop lr=0.0001,261,0.4858760493142264,0.45995090308804276
rmsprop lr=0.0001,262,0.48515462449618746,0.45981118183098024
rmsprop lr=0.0001,263,0.48844499034540995,0.45953218913221444
rmsprop lr=0.0001,264,0.48421226016112734,0.4594210842388063
rmsprop lr=0.0001,265,0.48264466864722116,0.45921678456750764
rmsprop lr=0.0001,266,0.4862352524484907,0.4589861280768886
rmsprop lr=0.0001,267,0.4857296964951924,0.45877559957038333
rmsprop lr=0.0001,268,0.4846043884754181,0.4586425050071301
rmsprop lr=0.0001,269,0.4825648069381714,0.4585002282284199
rmsprop lr=0.0001,270,0.4861113152333668,0.4581117888507008
rmsprop lr=0.0001,271,0.48453962590013233,0.4580884317512126
rmsprop lr=0.0001,272,0.4854216916220529,0.45790840517782205
rmsprop lr=0.0001,273,0.48493438959121704,0.4576900258251764
rmsprop lr=0.0001,274,0.484628289937973,0.45741766512187076
rmsprop lr=0.0001,275,0.4838890816484179,0.4572798426323308
rmsprop lr=0.0001,276,0.4846385142632893,0.45712294938568626
rmsprop lr=0.0001,277,0.4827648928532234,0.4568387993260699
rmsprop lr=0.0001,278,0.4865127893594595,0.4564928669305497
rmsprop lr=0.0001,279,0.48760910676075864,0.4565392000160276
rmsprop lr=0.0001,280,0.48217372252390933,0.4562655127177575
rmsprop lr=0.0001,281,0.4847573454563434,0.4559398573580153
rmsprop lr=0.0001,282,0.48896406247065616,0.45581058313369954
rmsprop lr=0.0001,283,0.48663687247496384,0.45581114949401347
rmsprop lr=0.0001,284,0.4824391488845532,0.45552035952955694
rmsprop lr=0.0001,285,0.48301655512589675,0.45524795443913124
rmsprop lr=0.0001,286,0.4831092174236591,0.4551467699853498
rmsprop lr=0.0001,287,0.4800575077533722,0.455025023615347
rmsprop lr=0.0001,288,0.48307435787641084,0.45475413120024916
rmsprop lr=0.0001,289,0.4800477302991427,0.4545515462706065
rmsprop lr=0.0001,290,0.48490270513754624,0.4543860140255482
rmsprop lr=0.0001,291,0.48281421111180234,0.45427940615915
rmsprop lr=0.0001,292,0.48607883086571324,0.4540259521845296
rmsprop lr=0.0001,293,0.4844589393872481,0.4537673370850723
rmsprop lr=0.0001,294,0.48319615996800935,0.4536424954095829
rmsprop lr=0.0001,295,0.480746695628533,0.4534936107580225
rmsprop lr=0.0001,296,0.48029479613670933,0.45336939207279325
rmsprop lr=0.0001,297,0.4812847742667565,0.4531999287271111
rmsprop lr=0.0001,298,0.4802192930991833,0.4529584042407005
rmsprop lr=0.0001,299,0.48341557612785924,0.45281446880266685
rmsprop lr=0.0001,300,0.48725196719169617,0.4526699091675491
rmsprop lr=0.0001,301,0.48412134784918565,0.45254474455999616
rmsprop lr=0.0001,302,0.48090715591724104,0.4523829794887737
rmsprop lr=0.0001,303,0.481246659388909,0.45205181891175145
rmsprop lr=0.0001,304,0.47926319887240726,0.452280564669899
rmsprop lr=0.0001,305,0.4794730618596077,0.4520592650891859
rmsprop lr=0.0001,306,0.487338971007954,0.4516208717683249
rmsprop lr=0.0001,307,0.4798800051212311,0.4515761234987112
rmsprop lr=0.0001,308,0.4795488146218387,0.4512031671570406
rmsprop lr=0.0001,309,0.47889951684258203,0.4512456078303655
rmsprop lr=0.0001,310,0.4775620073080063,0.45063315381633845
rmsprop lr=0.0001,311,0.47774880826473237,0.4505444415195762
rmsprop lr=0.0001,312,0.482846866051356,0.4513051002267804
rmsprop lr=0.0001,313,0.47790880666838753,0.4511052376865503
rmsprop lr=0.0001,314,0.4787582457065582,0.45085078789026845
rmsprop lr=0.0001,315,0.4750661485724979,0.4508443764384441
rmsprop lr=0.0001,316,0.4746334453423818,0.4506161153977622
rmsprop lr=0.0001,317,0.4787407914797465,0.45041443599636494
rmsprop lr=0.0001,318,0.47503553496466744,0.4502524355883533
rmsprop lr=0.0001,319,0.47507188386387295,0.4500451064492319
rmsprop lr=0.0001,320,0.47866346107588875,0.44993767433780957
rmsprop lr=0.0001,321,0.4752945436371697,0.44965766487710723
rmsprop lr=0.0001,322,0.4767388900121053,0.449492889234234
rmsprop lr=0.0001,323,0.47399359941482544,0.4494381530374237
rmsprop lr=0.0001,324,0.4773836698797014,0.4492369576507999
rmsprop lr=0.0001,325,0.4734672937128279,0.44910387539833185
rmsprop lr=0.0001,326,0.47334783607059056,0.4489199430029677
rmsprop lr=0.0001,327,0.4843670494026608,0.4487244964910718
rmsprop lr=0.0001,328,0.476825926038954,0.44870245964071387
rmsprop lr=0.0001,329,0.478368557161755,0.44847505280345207
rmsprop lr=0.0001,330,0.47308774126900566,0.4482754765538368
rmsprop lr=0.0001,331,0.4775303469763862,0.4480827469046156
rmsprop lr=0.0001,332,0.4734704660044776,0.44792158350837075
rmsprop lr=0.0001,333,0.472684383392334,0.44787722007029845
rmsprop lr=0.0001,334,0.47637732823689777,0.44762281843253526
rmsprop lr=0.0001,335,0.47933729489644367,0.4475384632859222
rmsprop lr=0.0001,336,0.4747324784596761,0.44752693080039474
rmsprop lr=0.0001,337,0.4764796892801921,0.4471180585340011
rmsprop lr=0.0001,338,0.47573747237523395,0.4471139672612682
rmsprop lr=0.0001,339,0.4732200536462996,0.4468928858375685
rmsprop lr=0.0001,340,0.47166330367326736,0.44702767597732834
rmsprop lr=0.0001,341,0.476964496076107,0.44679893752407357
rmsprop lr=0.0001,342,0.46508699655532837,0.44648544053607864
rmsprop lr=0.0001,343,0.47122327770505634,0.44610846397148335
rmsprop lr=0.0001,344,0.47112105573926655,0.446149491585325
rmsprop lr=0.0001,345,0.47132088031087604,0.4460917127276627
rmsprop lr=0.0001,346,0.4740022122859955,0.44588694930788136
rmsprop lr=0.0001,347,0.46643786629041034,0.44579527301505717
rmsprop lr=0.0001,348,0.46984623074531556,0.44476165439326126
rmsprop lr=0.0001,349,0.47834763675928116,0.4443153610193382
rmsprop lr=0.0001,350,0.46908317506313324,0.444017333929411
rmsprop lr=0.0001,351,0.4751228019595146,0.4438865367971714
rmsprop lr=0.0001,352,0.4761793911457062,0.44386644677677123
rmsprop lr=0.0001,353,0.46468932926654816,0.44363226369875525
rmsprop lr=0.0001,354,0.46756159514188766,0.44346386703756685
rmsprop lr=0.0001,355,0.46906454116106033,0.4431910916758541
rmsprop lr=0.0001,356,0.46420083940029144,0.44320988946954204
rmsprop lr=0.0001,357,0.46654846519231796,0.4430560271734741
rmsprop lr=0.0001,358,0.46543390303850174,0.44287907613172905
rmsprop lr=0.0001,359,0.4712599441409111,0.44268680491135814
rmsprop lr=0.0001,360,0.4626838341355324,0.44275398344892314
rmsprop lr=0.0001,361,0.4687764197587967,0.44240985281687295
rmsprop lr=0.0001,362,0.47392717748880386,0.44226919302896545
rmsprop lr=0.0001,363,0.4626689553260803,0.4418112987604473
rmsprop lr=0.0001,364,0.46230130394299823,0.44172437207199367
rmsprop lr=0.0001,365,0.4671594053506851,0.44103134405921385
rmsprop lr=0.0001,366,0.46769921481609344,0.4410055280801409
rmsprop lr=0.0001,367,0.468582883477211,0.4408910013697092
rmsprop lr=0.0001,368,0.4598218947649002,0.4410481410049777
rmsprop lr=0.0001,369,0.45940519869327545,0.44051659591728143
rmsprop lr=0.0001,370,0.4749201387166977,0.4403974031592389
rmsprop lr=0.0001,371,0.4709395319223404,0.44029949016917846
rmsprop lr=0.0001,372,0.46937474608421326,0.440284795256888
rmsprop lr=0.0001,373,0.46451765298843384,0.4400645696826281
rmsprop lr=0.0001,374,0.4621533304452896,0.43992671783793996
rmsprop lr=0.0001,375,0.4598121643066406,0.4399924482834342
rmsprop lr=0.0001,376,0.4740604907274246,0.4396540697364577
rmsprop lr=0.0001,377,0.4665117412805557,0.4397641232492439
rmsprop lr=0.0001,378,0.4620654284954071,0.43953487692904636
rmsprop lr=0.0001,379,0.46112947165966034,0.4392412707760285
rmsprop lr=0.0001,380,0.4727037698030472,0.4391542923904663
rmsprop lr=0.0001,381,0.46905145049095154,0.4390945270665767
rmsprop lr=0.0001,382,0.4700334966182709,0.4390400009660434
rmsprop lr=0.0001,383,0.466826856136322,0.43893626305188926
rmsprop lr=0.0001,384,0.47899968922138214,0.43871921602743247
rmsprop lr=0.0001,385,0.46052974462509155,0.4387385593132895
rmsprop lr=0.0001,386,0.46452954411506653,0.43836627415375273
rmsprop lr=0.0001,387,0.46517182886600494,0.43828210263087886
rmsprop lr=0.0001,388,0.4650590121746063,0.43782761647981117
rmsprop lr=0.0001,389,0.48183444142341614,0.4351580050678634
rmsprop lr=0.0001,390,0.46836984157562256,0.4350290623214838
rmsprop lr=0.0001,391,0.471147745847702,0.434519915319988
rmsprop lr=0.0001,392,0.46676066517829895,0.43439383019010774
rmsprop lr=0.0001,393,0.46702757477760315,0.43399069347225117
rmsprop lr=0.0001,394,0.4785075783729553,0.43427117538817006
rmsprop lr=0.0001,395,0.4794401228427887,0.43439023469518845
rmsprop lr=0.0001,396,0.46656331419944763,0.43402340799309136
rmsprop lr=0.0001,397,0.47414639592170715,0.433589833725173
rmsprop lr=0.0001,398,0.46477556228637695,0.43406169001420625
rmsprop lr=0.0001,399,0.4740801453590393,0.4335722865564285
rmsprop lr=0.0001,400,0.47976306080818176,0.4338868808424735
rmsprop lr=0.0001,401,0.46458134055137634,0.43375066655041566
rmsprop lr=0.0001,402,0.4709762930870056,0.43272297482220845
rmsprop lr=0.0001,403,0.46954548358917236,0.43318311678852633
rmsprop lr=0.0001,404,0.4979327619075775,0.4331161937540973
rmsprop lr=0.0001,405,0.4759877622127533,0.4330943472577052
rmsprop lr=0.0001,406,0.46683448553085327,0.433069753267886
rmsprop lr=0.0001,407,0.476993203163147,0.4329018455871208
rmsprop lr=0.0001,408,0.466017484664917,0.43257413953107793
rmsprop lr=0.0001,409,0.46777182817459106,0.4323417414442602
rmsprop lr=0.0001,410,0.4811897277832031,0.432279672917107
rmsprop lr=0.0001,411,0.4655042588710785,0.43260670919904315
rmsprop lr=0.0001,412,0.471831738948822,0.4322481979525991
rmsprop lr=0.0001,413,0.46308597922325134,0.4319856775204748
rmsprop lr=0.0001,414,0.4635724127292633,0.43178218054199685
rmsprop lr=0.0001,415,0.4638481140136719,0.43157022020470187
rmsprop lr=0.0001,416,0.4713740050792694,0.43177666880500104
rmsprop lr=0.0001,417,0.47111421823501587,0.4317171602737145
rmsprop lr=0.0001,418,0.46493667364120483,0.431217922711914
rmsprop lr=0.0001,419,0.4774894714355469,0.4313054227618339
rmsprop lr=0.0001,420,0.47956743836402893,0.4317491511102636
rmsprop lr=0.0001,421,0.4645601809024811,0.43142692010899375
rmsprop lr=0.0001,422,0.4643058180809021,0.4311906517073871
rmsprop lr=0.0001,423,0.47495219111442566,0.4307219017245016
rmsprop lr=0.0001,424,0.4659267067909241,0.43080433333551055
rmsprop lr=0.0001,425,0.4695098102092743,0.4307432716846504
rmsprop lr=0.0001,426,0.4628385603427887,0.4306506253247044
rmsprop lr=0.0001,427,0.4655802845954895,0.4302971920935506
rmsprop lr=0.0001,428,0.4644356966018677,0.4303592931312596
rmsprop lr=0.0001,429,0.46267104148864746,0.4300209398499618
rmsprop lr=0.0001,430,0.4882475435733795,0.42983264517377884
rmsprop lr=0.0001,431,0.46924734115600586,0.43018004825163725
rmsprop lr=0.0001,432,0.4690553843975067,0.4298562376156133
rmsprop lr=0.0001,433,0.4648737609386444,0.42963165350636257
rmsprop lr=0.0001,434,0.49245673418045044,0.42946880823563277
rmsprop lr=0.0001,435,0.48200109601020813,0.4294812415661172
rmsprop lr=0.0001,436,0.4823894202709198,0.42938177920322534
rmsprop lr=0.0001,437,0.47974881529808044,0.42973829387743934
rmsprop lr=0.0001,438,0.4791046977043152,0.4293577257951389
rmsprop lr=0.0001,439,0.4663718342781067,0.4292603208456937
rmsprop lr=0.0001,440,0.4803416132926941,0.428853662413472
rmsprop lr=0.0001,441,0.4654639661312103,0.42882559389179226
rmsprop lr=0.0001,442,0.464254230260849,0.4289593122076131
rmsprop lr=0.0001,443,0.4717428386211395,0.4279808553529762
rmsprop lr=0.0001,444,0.46837425231933594,0.42882118551308135
rmsprop lr=0.0001,445,0.5073204040527344,0.42856085649318687
rmsprop lr=0.0001,446,0.4711652100086212,0.42950407553391
rmsprop lr=0.0001,447,0.4611683785915375,0.4281002605592376
rmsprop lr=0.0001,448,0.47696536779403687,0.4277939288606965
rmsprop lr=0.0001,449,0.4641767740249634,0.4283416324057883
rmsprop lr=0.0001,450,0.4754277467727661,0.42791904442654694
rmsprop lr=0.0001,451,0.47010672092437744,0.4281376836718732
rmsprop lr=0.0001,452,0.47114166617393494,0.4278595637492768
rmsprop lr=0.0001,453,0.4702944755554199,0.42780797217719196
rmsprop lr=0.0001,454,0.46536019444465637,0.4275684100958868
rmsprop lr=0.0001,455,0.46681463718414307,0.42734109646346635
rmsprop lr=0.0001,456,0.4651247560977936,0.42730911705991753
rmsprop lr=0.0001,457,0.4659273028373718,0.4273285918631858
rmsprop lr=0.0001,458,0.4959142804145813,0.42690950704502967
rmsprop lr=0.0001,459,0.46419909596443176,0.4275484814707428
rmsprop lr=0.0001,460,0.4672290086746216,0.42677187041321546
rmsprop lr=0.0001,461,0.46450501680374146,0.4267450242193187
rmsprop lr=0.0001,462,0.46525025367736816,0.42666386444128357
rmsprop lr=0.0001,463,0.46192601323127747,0.4266007459835082
rmsprop lr=0.0001,464,0.46479901671409607,0.42659902555705376
rmsprop lr=0.0001,465,0.46355512738227844,0.42674016299200346
rmsprop lr=0.0001,466,0.46257999539375305,0.42638001512976165
rmsprop lr=0.0001,467,0.46297207474708557,0.42634541537635307
rmsprop lr=0.0003,1,0.7043555776278178,0.806489725065709
rmsprop lr=0.0003,2,0.6711776733398438,0.6683840966582634
rmsprop lr=0.0003,3,0.6569330175717671,0.6426000499867335
rmsprop lr=0.0003,4,0.6346986810366313,0.627314528002044
rmsprop lr=0.0003,5,0.6425220568974813,0.6157840578285896
rmsprop lr=0.0003,6,0.6275292038917542,0.6072020353905386
rmsprop lr=0.0003,7,0.6190066576004029,0.5994435636238855
rmsprop lr=0.0003,8,0.6037415504455567,0.5925630602906572
rmsprop lr=0.0003,9,0.6171041846275329,0.5863245943389043
rmsprop lr=0.0003,10,0.6123894850413004,0.581220866624595
rmsprop lr=0.0003,11,0.5933398365974426,0.576214963871005
rmsprop lr=0.0003,12,0.6097330172856649,0.5713156544169495
rmsprop lr=0.0003,13,0.5909346302350362,0.5674291657756872
rmsprop lr=0.0003,14,0.5843998471895854,0.5633584128572509
rmsprop lr=0.0003,15,0.5984516859054565,0.5595409964376362
rmsprop lr=0.0003,16,0.5867302735646566,0.5561899938536606
rmsprop lr=0.0003,17,0.5800303101539612,0.5526874303755058
rmsprop lr=0.0003,18,0.5896024982134501,0.5496069200067559
rmsprop lr=0.0003,19,0.5842735211054484,0.546724930725809
rmsprop lr=0.0003,20,0.5674497842788696,0.5439066452456858
rmsprop lr=0.0003,21,0.5615718126296997,0.5409289971633048
rmsprop lr=0.0003,22,0.5794106920560201,0.5385387103877183
rmsprop lr=0.0003,23,0.570670751730601,0.5358656032303551
rmsprop lr=0.0003,24,0.5562135060628255,0.5335117805721458
rmsprop lr=0.0003,25,0.5818259398142497,0.5314379272131404
rmsprop lr=0.0003,26,0.5765284856160482,0.5293478282994897
rmsprop lr=0.0003,27,0.546617066860199,0.5273637203487087
rmsprop lr=0.0003,28,0.5684928337732951,0.524786959106633
rmsprop lr=0.0003,29,0.5544166525204977,0.5235170053390678
rmsprop lr=0.0003,30,0.5532760103543599,0.521476090760734
rmsprop lr=0.0003,31,0.5844735582669576,0.5195812438137165
rmsprop lr=0.0003,32,0.5669036746025086,0.5181877756279576
rmsprop lr=0.0003,33,0.5347511112689972,0.5162804346382249
rmsprop lr=0.0003,34,0.5760431249936422,0.5144710961710579
rmsprop lr=0.0003,35,0.5598636905352274,0.5133759024781895
rmsprop lr=0.0003,36,0.5567376613616943,0.5117733976202062
rmsprop lr=0.0003,37,0.5400436441103618,0.5102301867265836
rmsprop lr=0.0003,38,0.5394420901934306,0.5085926771874695
rmsprop lr=0.0003,39,0.5374829252560933,0.5071379839964937
rmsprop lr=0.0003,40,0.5646433750788371,0.505638028827073
rmsprop lr=0.0003,41,0.5753402392069499,0.5050531148147265
rmsprop lr=0.0003,42,0.5478950262069702,0.5037348254016402
rmsprop lr=0.0003,43,0.5547276695569356,0.5021557663682289
rmsprop lr=0.0003,44,0.5435689687728882,0.5012811851824008
rmsprop lr=0.0003,45,0.5417048176129658,0.49993023223527894
rmsprop lr=0.0003,46,0.5512698551019033,0.4986596989016031
rmsprop lr=0.0003,47,0.5548612276713053,0.4978765168406536
rmsprop lr=0.0003,48,0.5458436449368794,0.4966239051773898
rmsprop lr=0.0003,49,0.532449996471405,0.4955744401341794
rmsprop lr=0.0003,50,0.5407298266887665,0.49425272262697295
rmsprop lr=0.0003,51,0.5585240244865417,0.4935962582975473
rmsprop lr=0.0003,52,0.53723370830218,0.4927574158277492
rmsprop lr=0.0003,53,0.5373187363147736,0.49143842612371774
rmsprop lr=0.0003,54,0.5352872888247172,0.4903830645781406
rmsprop lr=0.0003,55,0.5476894617080689,0.48971509252651885
rmsprop lr=0.0003,56,0.5528408348560333,0.4886613044962324
rmsprop lr=0.0003,57,0.5225423912207285,0.48786390232109994
rmsprop lr=0.0003,58,0.5511232674121856,0.4865874866581851
rmsprop lr=0.0003,59,0.5384453038374583,0.48620567539921006
rmsprop lr=0.0003,60,0.5325297534465789,0.48497073990636785
rmsprop lr=0.0003,61,0.5168503681818645,0.48414426246816505
rmsprop lr=0.0003,62,0.5481744229793548,0.48327606351334645
rmsprop lr=0.0003,63,0.5357320527235667,0.482550106589784
rmsprop lr=0.0003,64,0.5584053476651509,0.48169808818472043
rmsprop lr=0.0003,65,0.5353024204572042,0.48129015374245093
rmsprop lr=0.0003,66,0.5210467835267385,0.4801150137776282
rmsprop lr=0.0003,67,0.5221517026424408,0.4793327963249391
rmsprop lr=0.0003,68,0.5333622713883718,0.47864914355950744
rmsprop lr=0.0003,69,0.5224956095218658,0.47793657787467236
rmsprop lr=0.0003,70,0.5253606955210368,0.47712962587328095
rmsprop lr=0.0003,71,0.5313271800676982,0.4766674168989568
rmsprop lr=0.0003,72,0.5357356985410054,0.4756375642165074
rmsprop lr=0.0003,73,0.528537529706955,0.4751213745414679
rmsprop lr=0.0003,74,0.5302360455195109,0.47450097351133963
rmsprop lr=0.0003,75,0.547634087006251,0.47358974647460145
rmsprop lr=0.0003,76,0.5261108676592509,0.47341802852779613
rmsprop lr=0.0003,77,0.528727118174235,0.4722853051976205
rmsprop lr=0.0003,78,0.5297260383764902,0.4716879402321907
rmsprop lr=0.0003,79,0.5466891090075175,0.47097106755786
rmsprop lr=0.0003,80,0.531537902355194,0.4707975405960392
rmsprop lr=0.0003,81,0.5249234120051066,0.4701324853644985
rmsprop lr=0.0003,82,0.534216753074101,0.4687578006963418
rmsprop lr=0.0003,83,0.5508731582335064,0.46834581984314566
rmsprop lr=0.0003,84,0.5459631021533694,0.46790234641529127
rmsprop lr=0.0003,85,0.5255520897252219,0.4673910703451735
rmsprop lr=0.0003,86,0.5390122277396066,0.46668887305616236
rmsprop lr=0.0003,87,0.5270222012813275,0.46598960177784743
rmsprop lr=0.0003,88,0.5366292343689845,0.4652771662836556
rmsprop lr=0.0003,89,0.5171454755159525,0.4646004756631262
rmsprop lr=0.0003,90,0.5223939625116495,0.4640456274077749
rmsprop lr=0.0003,91,0.5267963409423828,0.4634591702466166
rmsprop lr=0.0003,92,0.530364582935969,0.4633319040589517
rmsprop lr=0.0003,93,0.5201870501041412,0.46261236111591036
rmsprop lr=0.0003,94,0.5226553728183111,0.4617989727547114
rmsprop lr=0.0003,95,0.5199798146883646,0.4613341007724811
rmsprop lr=0.0003,96,0.5303702851136526,0.46089555626830453
rmsprop lr=0.0003,97,0.5234255765875181,0.460664852055636
rmsprop lr=0.0003,98,0.5354598487416903,0.4598727299116523
rmsprop lr=0.0003,99,0.5344917873541514,0.4595383333973268
rmsprop lr=0.0003,100,0.5352657934029897,0.45921403677200434
rmsprop lr=0.0003,101,0.5242161005735397,0.45848820200896934
rmsprop lr=0.0003,102,0.5289285729328791,0.457825271404747
rmsprop lr=0.0003,103,0.5218472108244896,0.4573846527203298
rmsprop lr=0.0003,104,0.5166225184996923,0.4568935725237977
rmsprop lr=0.0003,105,0.5226220861077309,0.45632536061381795
rmsprop lr=0.0003,106,0.5252223288019499,0.45610745037805445
rmsprop lr=0.0003,107,0.5235194737712542,0.4556116935525238
rmsprop lr=0.0003,108,0.5335110753774643,0.45436707228337536
rmsprop lr=0.0003,109,0.5196668893098831,0.4544536426718645
rmsprop lr=0.0003,110,0.548634284734726,0.45378475238507293
rmsprop lr=0.0003,111,0.5529426634311676,0.4535010534147128
rmsprop lr=0.0003,112,0.5216353535652161,0.45364364039317717
rmsprop lr=0.0003,113,0.535411611199379,0.4522172173534088
rmsprop lr=0.0003,114,0.5497011989355087,0.4520403345764844
rmsprop lr=0.0003,115,0.5231067150831222,0.4518801769561559
rmsprop lr=0.0003,116,0.5151325398021274,0.4502599873907426
rmsprop lr=0.0003,117,0.5109609895282321,0.45076744845906025
rmsprop lr=0.0003,118,0.546768585840861,0.4497600815713598
rmsprop lr=0.0003,119,0.5280813508563571,0.44982747627241015
rmsprop lr=0.0003,120,0.5135997732480367,0.4488941321440179
rmsprop lr=0.0003,121,0.5044304960303836,0.4488075512667794
rmsprop lr=0.0003,122,0.531672328710556,0.448345868137224
rmsprop lr=0.0003,123,0.5060714818537235,0.4470487860671825
rmsprop lr=0.0003,124,0.516301803290844,0.4470692532353172
rmsprop lr=0.0003,125,0.5138991214334965,0.4463039186146262
rmsprop lr=0.0003,126,0.5008124113082886,0.44600107221094026
rmsprop lr=0.0003,127,0.534467339515686,0.4455108559058098
rmsprop lr=0.0003,128,0.5533920414745808,0.44539130707413555
rmsprop lr=0.0003,129,0.506524782627821,0.44505714554181847
rmsprop lr=0.0003,130,0.5007942148617336,0.44381101726800537
rmsprop lr=0.0003,131,0.5822895850454058,0.4433479211059698
rmsprop lr=0.0003,132,0.562310109535853,0.444462718097725
rmsprop lr=0.0003,133,0.5173926055431366,0.44377903685799275
rmsprop lr=0.0003,134,0.5001516391833624,0.44314587723301857
rmsprop lr=0.0003,135,0.5001957466204962,0.44229976333712445
rmsprop lr=0.0003,136,0.501583868265152,0.4428407898630133
rmsprop lr=0.0003,137,0.5469518542289734,0.4419232861725062
rmsprop lr=0.0003,138,0.5128581702709198,0.4426641701852672
rmsprop lr=0.0003,139,0.5302520096302032,0.4415957673007667
rmsprop lr=0.0003,140,0.5227779507637024,0.4414302658202981
rmsprop lr=0.0003,141,0.5009864121675491,0.4409617572673734
rmsprop lr=0.0003,142,0.5109195187687874,0.4406710789546487
rmsprop lr=0.0003,143,0.5224628821015358,0.440209806064749
rmsprop lr=0.0003,144,0.5224697291851044,0.439531707908017
rmsprop lr=0.0003,145,0.4904025395711263,0.43978073760592457
rmsprop lr=0.0003,146,0.5200231870015463,0.4387694674631877
rmsprop lr=0.0003,147,0.48296331365903217,0.43945590236235815
rmsprop lr=0.0003,148,0.48307610551516217,0.43809194967770937
rmsprop lr=0.0003,149,0.5403727491696676,0.43817903270356195
rmsprop lr=0.0003,150,0.5734108289082845,0.43798253537697596
rmsprop lr=0.0003,151,0.4989933470884959,0.4379299634909925
rmsprop lr=0.0003,152,0.4876449505488078,0.4370018454202798
rmsprop lr=0.0003,153,0.5036193430423737,0.43649290400982804
rmsprop lr=0.0003,154,0.48348234097162884,0.43655635388767133
rmsprop lr=0.0003,155,0.5227995117505392,0.4362800906123021
rmsprop lr=0.0003,156,0.5021737118562063,0.43642222060070424
rmsprop lr=0.0003,157,0.5315861403942108,0.43544091374196875
rmsprop lr=0.0003,158,0.5137849549452463,0.4351961922475207
rmsprop lr=0.0003,159,0.504439651966095,0.43518144679329374
rmsprop lr=0.0003,160,0.5117195943991343,0.4344540690928122
rmsprop lr=0.0003,161,0.4936389625072479,0.4323077087307555
rmsprop lr=0.0003,162,0.5476658940315247,0.4320199079338455
rmsprop lr=0.0003,163,0.528645932674408,0.43248967868800114
rmsprop lr=0.0003,164,0.5063552558422089,0.431056729190882
rmsprop lr=0.0003,165,0.4988034516572952,0.43180472477406573
rmsprop lr=0.0003,166,0.5074654519557953,0.431243945324262
rmsprop lr=0.0003,167,0.5151962041854858,0.4302005399777572
rmsprop lr=0.0003,168,0.558758020401001,0.432692553494512
rmsprop lr=0.0003,169,0.5374454855918884,0.43207523162558487
rmsprop lr=0.0003,170,0.49254709482192993,0.4318012345605462
rmsprop lr=0.0003,171,0.5984167456626892,0.4310825303369698
rmsprop lr=0.0003,172,0.5037094950675964,0.4326400916579395
rmsprop lr=0.001,1,0.8394718249638875,0.7267339976114245
rmsprop lr=0.001,2,0.7923602342605591,0.6267834448624127
rmsprop lr=0.001,3,0.7422829151153565,0.6038993435835895
rmsprop lr=0.001,4,0.6986743609110514,0.5881578608857966
rmsprop lr=0.001,5,0.7596650123596191,0.575983656669631
rmsprop lr=0.001,6,0.6975233753522238,0.566792433482887
rmsprop lr=0.001,7,0.6711817105611165,0.5584442392375987
rmsprop lr=0.001,8,0.621349573135376,0.5502864441479576
rmsprop lr=0.001,9,0.7207632501920064,0.5441532517099502
rmsprop lr=0.001,10,0.7338968316713969,0.5392281974044669
rmsprop lr=0.001,11,0.6364004135131835,0.5340761231384333
rmsprop lr=0.001,12,0.7166260997454326,0.5281799476130901
rmsprop lr=0.001,13,0.6532269159952799,0.5247393564494308
rmsprop lr=0.001,14,0.6534763137499492,0.5210061917082504
rmsprop lr=0.001,15,0.6874861637751262,0.5162976806649672
rmsprop lr=0.001,16,0.6750308275222778,0.5137829698043318
rmsprop lr=0.001,17,0.6468541264533997,0.5099014164369039
rmsprop lr=0.001,18,0.6967492659886678,0.5068525258268428
rmsprop lr=0.001,19,0.6954588671525319,0.5043001573457885
rmsprop lr=0.001,20,0.6090895970662434,0.5016078061570515
rmsprop lr=0.001,21,0.610300079981486,0.4974731357946895
rmsprop lr=0.001,22,0.6302117149035136,0.49604933803063517
rmsprop lr=0.001,23,0.6098138451576233,0.49247282829293065
rmsprop lr=0.001,24,0.6030836959679922,0.491347921397323
rmsprop lr=0.001,25,0.7277899066607157,0.48896889963676876
rmsprop lr=0.001,26,0.6916338125864665,0.4867827048990447
rmsprop lr=0.001,27,0.572979458173116,0.4849946207793743
rmsprop lr=0.001,28,0.6808777709801992,0.48111831886937106
rmsprop lr=0.001,29,0.6190616389115652,0.4810537365710612
rmsprop lr=0.001,30,0.6053592423597972,0.47840657431534034
rmsprop lr=0.001,31,0.6840517010007586,0.47613242657803706
rmsprop lr=0.001,32,0.6361538235630307,0.47526191209928387
rmsprop lr=0.001,33,0.5650332740374974,0.4730219382073043
rmsprop lr=0.001,34,0.6926237046718597,0.47122680016188506
rmsprop lr=0.001,35,0.5831050170319421,0.4702989911859182
rmsprop lr=0.001,36,0.6173836205686841,0.4686433176780043
rmsprop lr=0.001,37,0.5810278100626809,0.4663532371435605
rmsprop lr=0.001,38,0.5518168040684291,0.4657785675632688
rmsprop lr=0.001,39,0.5863238104752132,0.4635975228219314
rmsprop lr=0.001,40,0.7088674434593746,0.4625925173939465
rmsprop lr=0.001,41,0.6834859784160342,0.46225529523032644
rmsprop lr=0.001,42,0.6193933274064746,0.460594221869227
rmsprop lr=0.001,43,0.606408451284681,0.45888154884039273
rmsprop lr=0.001,44,0.6117250208671277,0.45777389021375686
rmsprop lr=0.001,45,0.5948716081105746,0.4565411084229257
rmsprop lr=0.001,46,0.6336618478481586,0.4557634007980414
rmsprop lr=0.001,47,0.6747559458017349,0.4541159978094839
rmsprop lr=0.001,48,0.6116969262560209,0.453113414883862
rmsprop lr=0.001,49,0.5901566843191782,0.4521019072915074
rmsprop lr=0.001,50,0.6429591910405592,0.45023371775834603
rmsprop lr=0.001,51,0.6521696177395907,0.4503599564795995
rmsprop lr=0.001,52,0.6083683696660128,0.4497761346077978
rmsprop lr=0.001,53,0.5842500599947843,0.44752753656067806
rmsprop lr=0.001,54,0.6299267292022706,0.4467076739848925
rmsprop lr=0.001,55,0.635466519329283,0.44687294227808955
rmsprop lr=0.001,56,0.6464415424399905,0.4455807755295134
rmsprop lr=0.001,57,0.565085060066647,0.445020874842919
rmsprop lr=0.001,58,0.6842041909694672,0.4425287236401295
rmsprop lr=0.001,59,0.5884536579251289,0.4442568740449623
rmsprop lr=0.001,60,0.6673926200185504,0.44084422110565497
rmsprop lr=0.001,61,0.5287441398416247,0.44068248285490025
rmsprop lr=0.001,62,0.6421719704355512,0.4393439973907188
rmsprop lr=0.001,63,0.5221355905135473,0.43764537150198807
rmsprop lr=0.001,64,0.6606192688147227,0.43763636774921616
rmsprop lr=0.001,65,0.6017716427644094,0.4380252577869594
rmsprop lr=0.001,66,0.549653097987175,0.43581299330262513
rmsprop lr=0.001,67,0.6104370703299841,0.4346416660098094
rmsprop lr=0.001,68,0.7422600984573364,0.43449891894971143
rmsprop lr=0.001,69,0.532357374827067,0.43376861091243085
rmsprop lr=0.001,70,0.6020871579647065,0.43100187151911806
rmsprop lr=0.001,71,0.6402002334594726,0.4300309191891153
rmsprop lr=0.001,72,0.5903460800647735,0.4307060300069643
rmsprop lr=0.001,73,0.6004183351993561,0.42915217026867136
rmsprop lr=0.001,74,0.5883838653564453,0.4295695848677769
rmsprop lr=0.001,75,0.6157650470733642,0.4267421230337612
rmsprop lr=0.001,76,0.5740385890007019,0.42844986897039805
rmsprop lr=0.001,77,0.48648516088724136,0.42625650436854506
rmsprop lr=0.001,78,0.5649838149547577,0.4250668519998402
rmsprop lr=0.001,79,0.5390861481428146,0.4237121310732436
rmsprop lr=0.001,80,0.5523524954915047,0.42536024177658394
rmsprop lr=0.001,81,0.55026875436306,0.4246618909442616
rmsprop lr=0.001,82,0.5624158382415771,0.4230836943685867
rmsprop lr=0.001,83,0.7420560568571091,0.4226387408480825
rmsprop lr=0.001,84,0.7074561516443888,0.4227688230883862
rmsprop lr=0.001,85,0.6200070381164551,0.4211082564780151
rmsprop lr=0.001,86,0.625726044178009,0.4193447444551997
rmsprop lr=0.001,87,0.6019337972005209,0.41988938286422894
rmsprop lr=0.001,88,0.542518695195516,0.4210400220928158
rmsprop lr=0.001,89,0.5149248639742533,0.41762670234603094
rmsprop lr=0.001,90,0.5402010877927145,0.41614604059515986
rmsprop lr=0.001,91,0.5402296582857767,0.41599608071244193
rmsprop lr=0.001,92,0.5969922741254171,0.41874766652568435
rmsprop lr=0.001,93,0.5205957442522049,0.4143941582784373
rmsprop lr=0.001,94,0.6222389787435532,0.4127580736640868
rmsprop lr=0.001,95,0.5014635324478149,0.41333948639281365
rmsprop lr=0.001,96,0.6597274243831635,0.413412923642003
rmsprop lr=0.001,97,0.6031555533409119,0.41247638993960234
rmsprop lr=0.001,98,0.9961831569671631,0.41205461161872176
rmsprop lr=0.001,99,0.6459488868713379,0.41545164503067217
rmsprop lr=0.001,100,0.4881401062011719,0.4074222377688104
rmsprop lr=0.001,101,0.6269604563713074,0.40910661746681304
rmsprop lr=0.001,102,0.6480700373649597,0.40808713422021325
rmsprop lr=0.003,1,0.977442721525828,0.8759340741902621
rmsprop lr=0.003,2,0.910020911693573,0.6279443611810255
rmsprop lr=0.003,3,0.8021093606948853,0.6058751289257603
rmsprop lr=0.003,4,0.7307946721712748,0.5865877898684283
rmsprop lr=0.003,5,0.8277108112970988,0.5704296021029109
rmsprop lr=0.003,6,0.7873991926511129,0.5560717089729704
rmsprop lr=0.003,7,0.7802831371625264,0.54564579515158
rmsprop lr=0.003,8,0.6552356362342835,0.5328742787630225
rmsprop lr=0.003,9,0.8137443979581197,0.5233584179037492
rmsprop lr=0.003,10,0.8364644805590312,0.5171473993730127
rmsprop lr=0.003,11,0.6809593121210734,0.5095429552718557
rmsprop lr=0.003,12,0.7121710578600565,0.5002810843125315
rmsprop lr=0.003,13,0.688272750377655,0.4955728996156101
rmsprop lr=0.003,14,0.7278143843015035,0.4898654240897495
rmsprop lr=0.003,15,0.6951382160186768,0.4839191596844079
rmsprop lr=0.003,16,0.702902062733968,0.48018336821326807
rmsprop lr=0.003,17,0.7101994911829631,0.47486481327455876
rmsprop lr=0.003,18,0.6936982134977977,0.46990381795184694
rmsprop lr=0.003,19,0.7200478116671244,0.4662082960182397
rmsprop lr=0.003,20,0.6027148485183715,0.4627350219189831
rmsprop lr=0.003,21,0.6230676571528116,0.45721705487747655
rmsprop lr=0.003,22,0.6564259608586629,0.45464116789179004
rmsprop lr=0.003,23,0.6425694863001505,0.45053013965661054
rmsprop lr=0.003,24,0.624868373076121,0.44841090225909475
rmsprop lr=0.003,25,0.7259308576583863,0.4450448764484526
rmsprop lr=0.003,26,0.6771719694137573,0.44281467686948633
rmsprop lr=0.003,27,0.5773313800493877,0.43985008843747975
rmsprop lr=0.003,28,0.6558365662892659,0.4351016340055504
rmsprop lr=0.003,29,0.6517736554145813,0.43436451440209367
rmsprop lr=0.003,30,0.6345080554485321,0.43171583414500925
rmsprop lr=0.003,31,0.6423603276411692,0.42903575247609077
rmsprop lr=0.003,32,0.7289746914591108,0.4270295921600313
rmsprop lr=0.003,33,0.5756484355245318,0.42557539138603967
rmsprop lr=0.003,34,0.6473503432103566,0.4219469471966281
rmsprop lr=0.003,35,0.6496098999466214,0.42050719548692544
rmsprop lr=0.003,36,0.6683480995041984,0.4186997887217595
rmsprop lr=0.003,37,0.5774731146437782,0.41560571409007013
rmsprop lr=0.003,38,0.5707220499004636,0.41418899857113134
rmsprop lr=0.003,39,0.5976905226707458,0.4119585237421583
rmsprop lr=0.003,40,0.6694396734237671,0.41063499005381704
rmsprop lr=0.003,41,0.6800884625741414,0.41034811502284246
rmsprop lr=0.003,42,0.6031856941325324,0.4081073873034953
rmsprop lr=0.003,43,0.5821297509329659,0.4055436845467032
rmsprop lr=0.003,44,0.6739111627851214,0.40354693060222097
rmsprop lr=0.003,45,0.6192124613693782,0.4037072221821902
rmsprop lr=0.003,46,0.6261606514453888,0.4015855293224208
rmsprop lr=0.003,47,0.6571585627702566,0.3996819393956225
rmsprop lr=0.003,48,0.6130054501386789,0.3978667818342822
rmsprop lr=0.003,49,0.6058732668558756,0.39670062237660764
rmsprop lr=0.003,50,0.6351685946186384,0.39528004329619565
rmsprop lr=0.003,51,0.6746180305878321,0.3945431999423556
rmsprop lr=0.003,52,0.5800536299745241,0.39420915151821134
rmsprop lr=0.003,53,0.6112602576613426,0.39076196192052964
rmsprop lr=0.003,54,0.62338358660539,0.3899788924279282
rmsprop lr=0.003,55,0.620599240064621,0.38904399277037455
rmsprop lr=0.003,56,0.5889883372518752,0.38793242142770334
rmsprop lr=0.003,57,0.5589128600226508,0.38707062661769
rmsprop lr=0.003,58,0.7710202402538724,0.3839463061030392
rmsprop lr=0.003,59,0.5651249123944176,0.3865614175556456
rmsprop lr=0.003,60,0.568631187081337,0.3821269607209178
rmsprop lr=0.003,61,0.6026952341198921,0.38161581204265976
rmsprop lr=0.003,62,0.6859531030058861,0.3808214388690184
rmsprop lr=0.003,63,0.6204327642917633,0.38111143716400114
rmsprop lr=0.003,64,0.7573633790016174,0.3789797297438372
rmsprop lr=0.003,65,0.6241042358534676,0.3791116058467431
rmsprop lr=0.003,66,0.5782849575792041,0.3766727626559126
rmsprop lr=0.003,67,0.610783155475344,0.37424636647065085
rmsprop lr=0.003,68,0.6267938826765332,0.3742574896837184
rmsprop lr=0.003,69,0.5393052867480687,0.3741027332883407
rmsprop lr=0.003,70,0.6078141927719116,0.37151907027392284
rmsprop lr=0.003,71,0.5904624859491984,0.37370263763358436
rmsprop lr=0.003,72,0.538129448890686,0.3707443721042316
rmsprop lr=0.003,73,0.5665497183799744,0.36848661926635273
rmsprop lr=0.003,74,0.5141150156656901,0.3687206069437779
rmsprop lr=0.003,75,0.5949491411447525,0.3677819699752502
rmsprop lr=0.003,76,0.5734046200911204,0.3685547162248671
rmsprop lr=0.003,77,0.5893730769554774,0.3659621510598952
rmsprop lr=0.003,78,0.5572145481904348,0.365399476904877
rmsprop lr=0.003,79,0.5710851848125458,0.36442878501042747
rmsprop lr=0.003,80,0.5903219183286031,0.3655477146069795
rmsprop lr=0.003,81,0.5202518552541733,0.36487566665434407
rmsprop lr=0.003,82,0.5383199354012808,0.3613545958301014
rmsprop lr=0.003,83,0.5755518774191538,0.3611405843698461
rmsprop lr=0.003,84,0.662128080924352,0.3626103958154702
rmsprop lr=0.003,85,0.6012003719806671,0.36151334642423594
rmsprop lr=0.003,86,0.598732304573059,0.3618603083473223
rmsprop lr=0.003,87,0.5836322903633118,0.360291083366645
rmsprop lr=0.003,88,0.6315585672855377,0.3612120080275839
rmsprop lr=0.003,89,0.6107292026281357,0.36074608985304957
rmsprop lr=0.003,90,0.6538742780685425,0.3599141180377762
rmsprop lr=0.003,91,0.5785929188132286,0.3616678233862974
rmsprop lr=0.003,92,0.644879162311554,0.3598849116448791
rmsprop lr=0.003,93,0.5264332890510559,0.35913051400941054
rmsprop lr=0.003,94,0.5505067184567451,0.35633903575598735
rmsprop lr=0.003,95,0.6244826465845108,0.35682952049918343
rmsprop lr=0.003,96,0.5289348562558492,0.35743755647242464
rmsprop lr=0.003,97,0.5620015064875284,0.35530775006985776
rmsprop lr=0.003,98,0.6221087773640951,0.35495239767132786
rmsprop lr=0.003,99,0.5315814018249512,0.3538573281364658
rmsprop lr=0.003,100,0.5037748515605927,0.3557050444240784
rmsprop lr=0.003,101,0.5997029344240824,0.3518286212839545
rmsprop lr=0.003,102,0.6233057975769043,0.353885476336023
rmsprop lr=0.003,103,0.620262622833252,0.35179791753907264
rmsprop lr=0.003,104,0.5831229984760284,0.3527366753370499
rmsprop lr=0.003,105,0.5420345067977905,0.3556508392258953
rmsprop lr=0.003,106,0.5201093256473541,0.35008744734069136
rmsprop lr=0.003,107,0.6098980605602264,0.34981461028820654
rmsprop lr=0.003,108,0.46393437683582306,0.3494998125847668
rmsprop lr=0.003,109,0.5085957199335098,0.34855777007708594
rmsprop lr=0.003,110,0.5432159900665283,0.3492101869088407
rmsprop lr=0.003,111,0.4758525490760803,0.34603467218973405
rmsprop lr=0.003,112,0.48623622953891754,0.3496666079904413
rmsprop lr=0.003,113,0.6253439486026764,0.34606480313153654
rmsprop lr=0.003,114,0.4928208291530609,0.3489916354571785
rmsprop lr=0.003,115,0.5224593728780746,0.34651196192853917
rmsprop lr=0.003,116,0.5550180971622467,0.34565133808893744
rmsprop lr=0.003,117,0.5123477578163147,0.3475456625855551
rmsprop lr=0.003,118,0.6254106760025024,0.34369892913722094
rmsprop lr=0.003,119,0.6529113352298737,0.34600950645057615
rmsprop lr=0.003,120,0.525428295135498,0.34402992313354086
rmsprop lr=0.003,121,0.5926985293626785,0.3449783539062298
rmsprop lr=0.003,122,0.5235315263271332,0.3446137918344646
rmsprop lr=0.003,123,0.6814974248409271,0.3420185096502548
rmsprop lr=0.003,124,0.45169641077518463,0.3471557166037419
rmsprop lr=0.003,125,0.5991550385951996,0.33841593681454163
rmsprop lr=0.003,126,0.5208529978990555,0.34170867734252725
rmsprop lr=0.003,127,0.5659282505512238,0.34287131834389367
rmsprop lr=0.003,128,0.6210243105888367,0.3391806450920394
rmsprop lr=0.003,129,0.6151063442230225,0.33888349883270685
rmsprop lr=0.003,130,0.5815879106521606,0.33879326332007575
rmsprop lr=0.003,131,0.5363624691963196,0.3363125429257963
rmsprop lr=0.003,132,0.5481196045875549,0.33466652878157166
rmsprop lr=0.003,133,0.5319868326187134,0.3366826617518857
rmsprop lr=0.003,134,0.6496814489364624,0.3342400290823664
rmsprop lr=0.003,135,0.47160086035728455,0.33794038085293543
rmsprop lr=0.003,136,0.4950041174888611,0.33317029220153077
rmsprop lr=0.003,137,0.5603231191635132,0.33211431425622256
rmsprop lr=0.003,138,0.5229096412658691,0.3365707834751305
rmsprop lr=0.003,139,0.5072053670883179,0.3325090306202226
rmsprop lr=0.003,140,0.5165504217147827,0.3321033961071223
rmsprop lr=0.003,141,0.6237249374389648,0.3320606167387716
rmsprop lr=0.003,142,0.45192885398864746,0.33386468020788435
rmsprop lr=0.003,143,0.508765697479248,0.33030779341083977
rmsprop lr=0.003,144,0.5371837019920349,0.3313348042487233
rmsprop lr=0.01,1,0.867526110013326,4.080745985777472
rmsprop lr=0.01,2,0.949522852897644,0.6493615120079637
rmsprop lr=0.01,3,0.8346875866254171,0.6267449146824033
rmsprop lr=0.01,4,0.8221813003222148,0.6128984951989574
rmsprop lr=0.01,5,0.9202994902928671,0.6062134070613772
rmsprop lr=0.01,6,0.9097970843315124,0.5951153313285161
rmsprop lr=0.01,7,0.8683455427487691,0.5860948496325205
rmsprop lr=0.01,8,0.7788151184717814,0.5698464763871043
rmsprop lr=0.01,9,1.0357080976168314,0.5578197162563402
rmsprop lr=0.01,10,0.988138214747111,0.5525670672148847
rmsprop lr=0.01,11,0.932094673315684,0.5389756781824012
rmsprop lr=0.01,12,0.759201459089915,0.528029355701642
rmsprop lr=0.01,13,1.0453281998634338,0.517618423101089
rmsprop lr=0.01,14,0.9115540305773417,0.5139761882393025
rmsprop lr=0.01,15,0.8532413681348164,0.501194971308513
rmsprop lr=0.01,16,1.0678609251976012,0.4958762471708033
rmsprop lr=0.01,17,0.7873134255409241,0.4940110063465717
rmsprop lr=0.01,18,0.8575457135836283,0.47993127289203535
rmsprop lr=0.01,19,0.7952621579170227,0.4782054568435845
rmsprop lr=0.01,20,0.6533865849177043,0.471086207068094
rmsprop lr=0.01,21,0.6870727856953939,0.46272259526610426
rmsprop lr=0.01,22,0.7998290101687113,0.4604914681622026
rmsprop lr=0.01,23,0.7495025197664896,0.45724809081587137
rmsprop lr=0.01,24,0.7395045638084412,0.4531979739670687
rmsprop lr=0.01,25,0.7961504022280376,0.44897674918112057
rmsprop lr=0.01,26,0.8651959419250488,0.4455697307355561
rmsprop lr=0.01,27,0.6354629874229432,0.44527206206567155
rmsprop lr=0.01,28,0.7785026669502259,0.4364743442419235
rmsprop lr=0.01,29,0.819313112894694,0.43749116528752335
rmsprop lr=0.01,30,0.8367481589317322,0.43285419476089937
rmsprop lr=0.01,31,0.6541533044406346,0.4331577600127844
rmsprop lr=0.01,32,0.7231653247560773,0.4241477913437422
rmsprop lr=0.01,33,0.6394402108022145,0.4229861563332201
rmsprop lr=0.01,34,0.717058498944555,0.42014445357019553
rmsprop lr=0.01,35,0.6862412733691079,0.42060157604005327
rmsprop lr=0.01,36,1.0716421122734363,0.4155234047355784
rmsprop lr=0.01,37,0.733344894189101,0.41822766266326167
rmsprop lr=0.01,38,0.631488887163309,0.41115069994274295
rmsprop lr=0.01,39,0.6467697368218348,0.40663620599655437
rmsprop lr=0.01,40,0.7206969650892111,0.4058359569223399
rmsprop lr=0.01,41,0.8309927605665647,0.40932897856479333
rmsprop lr=0.01,42,0.7478130964132456,0.405623787102121
rmsprop lr=0.01,43,0.6899625475590045,0.4045655360311978
rmsprop lr=0.01,44,0.7141249065215771,0.40073489654233513
rmsprop lr=0.01,45,0.9428066198642437,0.39989794126661565
rmsprop lr=0.01,46,0.7500437864890466,0.4002695665093119
rmsprop lr=0.01,47,0.6985017011562983,0.39706856168463517
rmsprop lr=0.01,48,0.7117441134019331,0.3918935793267172
rmsprop lr=0.01,49,0.748985534364527,0.3935059558252121
rmsprop lr=0.01,50,0.821236791935834,0.3917215357398469
rmsprop lr=0.01,51,0.7470247582955793,0.3913011527743778
rmsprop lr=0.01,52,0.7207163897427645,0.3881489088832172
rmsprop lr=0.01,53,0.7978294464674863,0.38823038515194824
rmsprop lr=0.01,54,0.6517373591661453,0.3890904135451366
rmsprop lr=0.01,55,0.5681289546191692,0.383221820553225
rmsprop lr=0.01,56,1.023510206490755,0.3826665661900964
rmsprop lr=0.01,57,0.594158798456192,0.3898455305840974
rmsprop lr=0.01,58,0.6151088987077985,0.37854428321442507
rmsprop lr=0.01,59,0.5683003306388855,0.3817954276536103
rmsprop lr=0.01,60,0.5792369246482849,0.3761930211980025
rmsprop lr=0.01,61,0.6084957838058471,0.37728681719490265
rmsprop lr=0.01,62,0.6251526415348053,0.3759764669212227
rmsprop lr=0.01,63,0.5796236097812653,0.37318271574626505
rmsprop lr=0.01,64,0.8918600877126058,0.37445913961698446
rmsprop lr=0.01,65,0.7512446244557699,0.3793474245885135
rmsprop lr=0.01,66,0.5609965225060781,0.3758795113573341
rmsprop lr=0.01,67,0.616240402062734,0.36840833868066475
rmsprop lr=0.01,68,0.5945525765419006,0.3731603812224445
rmsprop lr=0.01,69,0.5522525509198507,0.36862167770782617
rmsprop lr=0.01,70,0.6001724004745483,0.3659055640341647
rmsprop lr=0.01,71,0.6851155161857605,0.36823047762546407
rmsprop lr=0.01,72,0.6143900950749716,0.3676528617685215
rmsprop lr=0.01,73,0.5889866352081299,0.36721451107719855
rmsprop lr=0.01,74,0.5804473559061686,0.36680140282559776
rmsprop lr=0.01,75,1.2501732210318248,0.36377763293897264
rmsprop lr=0.01,76,0.558383971452713,0.3655150376417203
rmsprop lr=0.01,77,0.510049358010292,0.3680985714689836
rmsprop lr=0.01,78,0.7215597331523895,0.3645930827243467
rmsprop lr=0.01,79,0.6176292598247528,0.36725362088953534
rmsprop lr=0.01,80,0.9667000770568848,0.3658613658841405
rmsprop lr=0.01,81,0.4795183688402176,0.36942226462180194
rmsprop lr=0.01,82,0.8065600097179413,0.35934544660940315
rmsprop lr=0.01,83,1.3238858878612518,0.3674362016498097
rmsprop lr=0.01,84,0.735611766576767,0.37449021423331774
rmsprop lr=0.01,85,0.6244097501039505,0.35852321422782063
rmsprop lr=0.01,86,0.5609260201454163,0.35630754340453846
rmsprop lr=0.01,87,0.5675739645957947,0.35873124829750663
rmsprop lr=0.01,88,0.5208593606948853,0.3606248586109838
rmsprop lr=0.01,89,0.6246576309204102,0.356467743994799
rmsprop lr=0.01,90,0.6105215549468994,0.3605453932643586
rmsprop lr=0.01,91,0.8156394958496094,0.35509375033717505
rmsprop lr=0.01,92,0.49779537320137024,0.3666554929663154
rmsprop lr=0.01,93,0.5423693060874939,0.35268982874159466
rmsprop lr=0.01,94,0.6623387932777405,0.3569114507420108
rmsprop lr=0.01,95,0.6526456475257874,0.35456456068027203
rmsprop lr=0.01,96,0.9221256971359253,0.3549395843833706
rmsprop lr=0.01,97,0.6114370226860046,0.3632724346977835
rmsprop lr=0.01,98,0.6186307072639465,0.35579835178771774
rmsprop lr=0.01,99,0.5893287658691406,0.3542205857122848
rmsprop lr=0.01,100,0.6692779064178467,0.35515815882856955
rmsprop lr=0.01,101,0.5510374307632446,0.35937903410178906
rmsprop lr=0.03,1,1.5451858083407084,215.7646505342855
rmsprop lr=0.03,2,0.744578555226326,0.7866519429386156
rmsprop lr=0.03,3,1.117287591099739,0.7862648927712653
rmsprop lr=0.03,4,1.2331738620996475,0.7670345712361148
rmsprop lr=0.03,5,1.2156134992837906,0.717199186091615
rmsprop lr=0.03,6,0.8398939967155457,0.6982276508647945
rmsprop lr=0.03,7,1.048779621720314,0.6692567451882669
rmsprop lr=0.03,8,0.8740932196378708,0.648444124262604
rmsprop lr=0.03,9,1.617236241698265,0.6338301029133009
rmsprop lr=0.03,10,2.3596431612968445,0.6470124318066142
rmsprop lr=0.03,11,0.9180020391941071,0.7548738269810797
rmsprop lr=0.03,12,1.0585543811321259,0.6238881496324227
rmsprop lr=0.03,13,1.30535326898098,0.6315218531658495
rmsprop lr=0.03,14,0.7390247881412506,0.6466828697126182
rmsprop lr=0.03,15,1.0080771893262863,0.6035357227909967
rmsprop lr=0.03,16,1.6138067841529846,0.6322373928609609
rmsprop lr=0.03,17,0.82158263027668,0.6696139529034163
rmsprop lr=0.03,18,1.0350054502487183,0.6085552864597735
rmsprop lr=0.03,19,0.815872997045517,0.596889150015016
rmsprop lr=0.03,20,1.587026983499527,0.5854175308941291
rmsprop lr=0.03,21,0.9350898563861847,0.6183539943608979
rmsprop lr=0.03,22,1.1018905192613602,0.5775255627904892
rmsprop lr=0.03,23,1.0013416558504105,0.5747842516744514
rmsprop lr=0.03,24,1.081797977288564,0.6244763509020911
rmsprop lr=0.03,25,0.7402936816215515,0.5774694966072821
rmsprop lr=0.03,26,3.807152430216471,0.5444424667095349
rmsprop lr=0.03,27,0.6589436928431193,0.6450311845771232
rmsprop lr=0.03,28,1.0080569783846538,0.548855378449203
rmsprop lr=0.03,29,0.8150200843811035,0.5437927913654488
rmsprop lr=0.03,30,1.355039119720459,0.552822081314104
rmsprop lr=0.03,31,0.7637129127979279,0.5690997193217833
rmsprop lr=0.03,32,0.7926245927810669,0.5310472950269965
rmsprop lr=0.03,33,0.8200767636299133,0.5283228989358184
rmsprop lr=0.03,34,0.9693937301635742,0.5319763113668667
rmsprop lr=0.03,35,0.5968456864356995,0.5322911689933508
rmsprop lr=0.03,36,0.6700948476791382,0.5297651264704561
rmsprop lr=0.03,37,0.7090340256690979,0.5331504967222644
rmsprop lr=0.03,38,0.5284680128097534,0.5232538673513938
rmsprop lr=0.03,39,0.8849599361419678,0.5230540529668092
rmsprop lr=0.03,40,4.82167387008667,0.536408020098371
rmsprop lr=0.03,41,1.6368470191955566,0.6377881524163559
rmsprop lr=0.03,42,0.9871581196784973,0.5583043976932931
rmsprop lr=0.03,43,0.9443732500076294,0.534872063093779
rmsprop lr=0.03,44,0.6630348563194275,0.5332447517822808
rmsprop lr=0.03,45,1.0597050189971924,0.5330269563703063
rmsprop lr=0.03,46,0.7242490649223328,0.525822890129734
rmsprop lr=0.03,47,0.6434146165847778,0.5109156080649987
rmsprop lr=0.03,48,0.9314635396003723,0.5177987176832965
rmsprop lr=0.03,49,0.6361368894577026,0.5286645141273791
rmsprop lr=0.03,50,1.2835601568222046,0.516699297548309
rmsprop lr=0.03,51,0.9027857780456543,0.5280607561471006
rmsprop lr=0.03,52,0.9557145833969116,0.5166167979399526
rmsprop lr=0.03,53,0.802427351474762,0.5198484326543008
rmsprop lr=0.03,54,0.5433045029640198,0.5166312019792727
rmsprop lr=0.03,55,1.0677781105041504,0.5139570776865368
rmsprop lr=0.03,56,0.849849283695221,0.5159619508542275
rmsprop lr=0.03,57,1.44617760181427,0.5145224784275725
rmsprop lr=0.03,58,1.0421984195709229,0.5240033832156452
rmsprop lr=0.1,1,100.27553898493449,163767.06467778294
sgd lr=0.0001,1,1.4292580842971803,1.8568554685517722
sgd lr=0.0001,2,1.186182681719462,1.2928968063634192
sgd lr=0.0001,3,1.095398473739624,1.1444279159950026
sgd lr=0.0001,4,1.0412803014119467,1.0761775771262772
sgd lr=0.0001,5,1.0021926442782083,1.0307923654707385
sgd lr=0.0001,6,0.9710735321044922,0.9964591997690561
sgd lr=0.0001,7,0.9454679091771444,0.9686368193609728
sgd lr=0.0001,8,0.9238666852315267,0.945513843871922
sgd lr=0.0001,9,0.9055473804473877,0.925943955477769
sgd lr=0.0001,10,0.8899739702542623,0.9092914142354996
sgd lr=0.0001,11,0.8765853404998779,0.8950536182396844
sgd lr=0.0001,12,0.8649384657541911,0.8828680642422687
sgd lr=0.0001,13,0.8547724922498067,0.8722066282892186
sgd lr=0.0001,14,0.8458811640739441,0.8628767697245532
sgd lr=0.0001,15,0.8379707177480061,0.8546539448485918
sgd lr=0.0001,16,0.83098197778066,0.8473659159448771
sgd lr=0.0001,17,0.8246550639470418,0.8408561604767932
sgd lr=0.0001,18,0.819005032380422,0.8350123605959854
sgd lr=0.0001,19,0.8138168136278788,0.8297385620521066
sgd lr=0.0001,20,0.8091217358907064,0.8249231783814956
sgd lr=0.0001,21,0.8048014958699544,0.8205150481741232
sgd lr=0.0001,22,0.800846787293752,0.8164661498024124
sgd lr=0.0001,23,0.7971379677454631,0.812699984091888
sgd lr=0.0001,24,0.7936659932136536,0.8091939348025821
sgd lr=0.0001,25,0.7904550234476725,0.8058846837985726
sgd lr=0.0001,26,0.7874414722124735,0.8028112475093925
sgd lr=0.0001,27,0.784597373008728,0.7998962024132994
sgd lr=0.0001,28,0.7819050629933675,0.7971649223700996
sgd lr=0.0001,29,0.7793240348498026,0.7945707135457093
sgd lr=0.0001,30,0.7768878062566121,0.7921038268479531
sgd lr=0.0001,31,0.7745850205421447,0.7897365746534531
sgd lr=0.0001,32,0.7724030454953511,0.787516259272561
sgd lr=0.0001,33,0.7702811002731323,0.7853564132490535
sgd lr=0.0001,34,0.7683301448822022,0.7832956864721866
sgd lr=0.0001,35,0.7663835366566976,0.7813385060540301
sgd lr=0.0001,36,0.7645077546437581,0.7794432683843119
sgd lr=0.0001,37,0.7627312143643697,0.7776063120602427
sgd lr=0.0001,38,0.760983141263326,0.7758420727001948
sgd lr=0.0001,39,0.7593606392542521,0.7741238205802954
sgd lr=0.0001,40,0.7577166159947714,0.7724758602142183
sgd lr=0.0001,41,0.7561796069145202,0.7708799346444145
sgd lr=0.0001,42,0.7546137730280559,0.7693161668523192
sgd lr=0.0001,43,0.7531651536623637,0.7678012107569985
sgd lr=0.0001,44,0.7517512241999308,0.7663320163495503
sgd lr=0.0001,45,0.7503890673319499,0.7648916361413814
sgd lr=0.0001,46,0.7490785439809163,0.7634945558381367
sgd lr=0.0001,47,0.7477353096008301,0.7621278183244455
sgd lr=0.0001,48,0.74641908009847,0.7607950840476925
sgd lr=0.0001,49,0.7451691508293152,0.759494060425105
sgd lr=0.0001,50,0.7439692338307698,0.7582250281716624
sgd lr=0.0001,51,0.7427329262097676,0.7569862272844982
sgd lr=0.0001,52,0.7415480057398478,0.7557769339838354
sgd lr=0.0001,53,0.7403821388880412,0.7545873220699554
sgd lr=0.0001,54,0.7392556468645731,0.7534213231223384
sgd lr=0.0001,55,0.7382068554560344,0.75228285064285
sgd lr=0.0001,56,0.737128472328186,0.7511767376775053
sgd lr=0.0001,57,0.7360866864522299,0.7500957158859954
sgd lr=0.0001,58,0.7350874225298564,0.7490303762834049
sgd lr=0.0001,59,0.7341000278790791,0.7479876234379863
sgd lr=0.0001,60,0.7331401268641154,0.7469634685857457
sgd lr=0.0001,61,0.7321925123532613,0.7459663071952358
sgd lr=0.0001,62,0.731250282128652,0.7449776873973232
sgd lr=0.0001,63,0.7303149382273356,0.7440090777116628
sgd lr=0.0001,64,0.7294906099637349,0.7430670818608358
sgd lr=0.0001,65,0.7285660386085511,0.7421377763328049
sgd lr=0.0001,66,0.7276601632436116,0.7412136532600777
sgd lr=0.0001,67,0.7268019477526347,0.7403142437081406
sgd lr=0.0001,68,0.7259788314501444,0.7394318368883709
sgd lr=0.0001,69,0.725148073832194,0.7385644994916493
sgd lr=0.0001,70,0.7243234038352966,0.737710353952388
sgd lr=0.0001,71,0.7235166867574055,0.7368751692830213
sgd lr=0.0001,72,0.722733982404073,0.7360439957799351
sgd lr=0.0001,73,0.7219558755556742,0.735234704941479
sgd lr=0.0001,74,0.7212206244468689,0.7344349400936541
sgd lr=0.0001,75,0.7204529960950216,0.7336440948563306
sgd lr=0.0001,76,0.719720200697581,0.732865195148533
sgd lr=0.0001,77,0.7189983606338501,0.732099126193899
sgd lr=0.0001,78,0.7182914177576701,0.7313467055147752
sgd lr=0.0001,79,0.7175996939341227,0.730602414402502
sgd lr=0.0001,80,0.7168865442276001,0.7298702166943161
sgd lr=0.0001,81,0.7162149588267008,0.7291510315293853
sgd lr=0.0001,82,0.7155386765797933,0.728436683648353
sgd lr=0.0001,83,0.7148883938789368,0.727735452755135
sgd lr=0.0001,84,0.7142271240552266,0.7270429596694751
sgd lr=0.0001,85,0.7135600646336874,0.7263614927823399
sgd lr=0.0001,86,0.7129468480745952,0.7256919053231464
sgd lr=0.0001,87,0.7123207966486613,0.7250229114563779
sgd lr=0.0001,88,0.7117036183675131,0.7243623573750407
sgd lr=0.0001,89,0.7111139496167501,0.7237118448025266
sgd lr=0.0001,90,0.7105435649553935,0.7230702304861403
sgd lr=0.0001,91,0.7099795341491699,0.7224430789623023
sgd lr=0.0001,92,0.7093602935473124,0.7218185143059075
sgd lr=0.0001,93,0.7087406516075134,0.7212055534868042
sgd lr=0.0001,94,0.7081727186838785,0.7205982894168496
sgd lr=0.0001,95,0.7076110164324443,0.720001396825909
sgd lr=0.0001,96,0.7070655663808186,0.7194029204453173
sgd lr=0.0001,97,0.7065190553665162,0.7188218164549289
sgd lr=0.0001,98,0.7059814055760701,0.7182491284422807
sgd lr=0.0001,99,0.7054242531458537,0.7176762541793403
sgd lr=0.0001,100,0.7049111207326253,0.7171147852503671
sgd lr=0.0001,101,0.7043865442276,0.7165624176124353
sgd lr=0.0001,102,0.7038846532503764,0.7160102102886019
sgd lr=0.0001,103,0.7033703207969666,0.7154614486374864
sgd lr=0.0001,104,0.7028971870740255,0.7149276009361316
sgd lr=0.0001,105,0.7024198969205221,0.7143966899357675
sgd lr=0.0001,106,0.7018898049990336,0.7138758900303102
sgd lr=0.0001,107,0.7014123956362407,0.7133630644052337
sgd lr=0.0001,108,0.7009018540382386,0.7128489775663421
sgd lr=0.0001,109,0.7004599889119466,0.7123471735553842
sgd lr=0.0001,110,0.6999968806902568,0.7118457092918419
sgd lr=0.0001,111,0.6995501359303792,0.7113515121061763
sgd lr=0.0001,112,0.699086046218872,0.7108649207071767
sgd lr=0.0001,113,0.6986567536989848,0.7103821150483461
sgd lr=0.0001,114,0.6982007304827372,0.7099071456100171
sgd lr=0.0001,115,0.6977809468905131,0.7094331075332483
sgd lr=0.0001,116,0.6973221937815348,0.708967330018137
sgd lr=0.0001,117,0.6969110171000162,0.7085098009104669
sgd lr=0.0001,118,0.6965010205904643,0.7080561626340215
sgd lr=0.0001,119,0.6960577527681987,0.7076081248719688
sgd lr=0.0001,120,0.6956619699796041,0.707157126589009
sgd lr=0.0001,121,0.695200252532959,0.7067184468422288
sgd lr=0.0001,122,0.694805626074473,0.7062777243112427
sgd lr=0.0001,123,0.6944161454836527,0.705848002687517
sgd lr=0.0001,124,0.6940185785293579,0.7054189485280633
sgd lr=0.0001,125,0.6936204632123312,0.7049958466707725
sgd lr=0.0001,126,0.6932405392328899,0.7045755685588826
sgd lr=0.0001,127,0.6928478082021078,0.7041588054808136
sgd lr=0.0001,128,0.6924902439117432,0.7037547247326473
sgd lr=0.0001,129,0.6921134074529012,0.7033469802150436
sgd lr=0.0001,130,0.6917892853418987,0.7029440060107847
sgd lr=0.0001,131,0.6914162437121073,0.7025512839456971
sgd lr=0.0001,132,0.6910122950871785,0.7021609306116032
sgd lr=0.0001,133,0.6906611204147339,0.7017656326789201
sgd lr=0.0001,134,0.6902743657430013,0.70137815942258
sgd lr=0.0001,135,0.6899397730827331,0.7009984795725169
sgd lr=0.0001,136,0.6895747025807698,0.7006176380606673
sgd lr=0.0001,137,0.6892448425292969,0.7002451198801329
sgd lr=0.0001,138,0.688906216621399,0.6998774316570046
sgd lr=0.0001,139,0.6885693073272705,0.6995071694339116
sgd lr=0.0001,140,0.6882054567337036,0.6991391622878491
sgd lr=0.0001,141,0.6878633817036947,0.6987755232367789
sgd lr=0.0001,142,0.6875452121098836,0.6984165912951068
sgd lr=0.0001,143,0.687216321627299,0.6980575206900016
sgd lr=0.0001,144,0.6868900100390116,0.6977076542717255
sgd lr=0.0001,145,0.6865745623906453,0.6973598848425246
sgd lr=0.0001,146,0.6862376213073731,0.6970084907089782
sgd lr=0.0001,147,0.6859788060188293,0.696665270142456
sgd lr=0.0001,148,0.6856430689493815,0.6963276061653818
sgd lr=0.0001,149,0.6852954943974813,0.6959861411478733
sgd lr=0.0001,150,0.6850161830584208,0.6956529997916674
sgd lr=0.0001,151,0.6847169995307922,0.6953265458283506
sgd lr=0.0001,152,0.6844291925430298,0.6949986420319278
sgd lr=0.0001,153,0.6841533939043681,0.6946691396098125
sgd lr=0.0001,154,0.6838091850280762,0.6943491409218366
sgd lr=0.0001,155,0.683527930577596,0.6940215545389153
sgd lr=0.0001,156,0.683259924252828,0.6936990434733946
sgd lr=0.0001,157,0.6829426209131877,0.6933928177542347
sgd lr=0.0001,158,0.682633658250173,0.6930779705332129
sgd lr=0.0001,159,0.6823362549146016,0.6927643764339048
sgd lr=0.0001,160,0.6820643782615662,0.6924579494629083
sgd lr=0.0001,161,0.6817743341128032,0.6921499108660716
sgd lr=0.0001,162,0.6815032402674357,0.6918476337371701
sgd lr=0.0001,163,0.681227159500122,0.6915472984271649
sgd lr=0.0001,164,0.6809757153193156,0.6912412956888697
sgd lr=0.0001,165,0.6806949734687805,0.690948619017145
sgd lr=0.0001,166,0.6804426391919454,0.6906533355440938
sgd lr=0.0001,167,0.680167802174886,0.6903609704234385
sgd lr=0.0001,168,0.6799052516619365,0.690071129052401
sgd lr=0.0001,169,0.6796217362085978,0.6897857115291338
sgd lr=0.0001,170,0.6793950120608012,0.6894983036519162
sgd lr=0.0001,171,0.6791129231452941,0.6892200254750777
sgd lr=0.0001,172,0.6788220326105754,0.6889325511445819
sgd lr=0.0001,173,0.6785959641138712,0.6886517885585076
sgd lr=0.0001,174,0.6783775369326274,0.6883734122882939
sgd lr=0.0001,175,0.6781490047772726,0.6881013088978167
sgd lr=0.0001,176,0.6778320948282878,0.6878249506272411
sgd lr=0.0001,177,0.6775828798611959,0.6875548947896079
sgd lr=0.0001,178,0.6773465236028036,0.6872838969383429
sgd lr=0.0001,179,0.6771166443824768,0.6870156158374319
sgd lr=0.0001,180,0.6768568714459737,0.6867531302330643
sgd lr=0.0001,181,0.6766160488128662,0.6864847858876929
sgd lr=0.0001,182,0.6763853828112284,0.6862189879729242
sgd lr=0.0001,183,0.6761369466781616,0.6859583683106824
sgd lr=0.0001,184,0.6758739511171977,0.6856932766289863
sgd lr=0.0001,185,0.6756361444791158,0.6854438395214753
sgd lr=0.0001,186,0.6754161477088928,0.6851861030928315
sgd lr=0.0001,187,0.6751961231231689,0.6849312698159962
sgd lr=0.0001,188,0.674961511294047,0.6846749500047117
sgd lr=0.0001,189,0.6747121175130208,0.6844242625193756
sgd lr=0.0001,190,0.6745085120201111,0.6841757330027209
sgd lr=0.0001,191,0.6742682178815206,0.6839262018815031
sgd lr=0.0001,192,0.6740472674369812,0.6836827280300033
sgd lr=0.0001,193,0.6738064010938009,0.6834338071684436
sgd lr=0.0001,194,0.6736056963602702,0.6831913288032186
sgd lr=0.0001,195,0.6733821153640747,0.6829477255793444
sgd lr=0.0001,196,0.673138431708018,0.6827126253131112
sgd lr=0.0001,197,0.6729102492332458,0.6824752656304047
sgd lr=0.0001,198,0.6727478384971619,0.6822349496753326
sgd lr=0.0001,199,0.6725257118542989,0.6820055833801583
sgd lr=0.0001,200,0.6723017891248068,0.6817690964387665
sgd lr=0.0001,201,0.6720550815264384,0.6815336572986326
sgd lr=0.0001,202,0.6718556602795919,0.6813076368774605
sgd lr=0.0001,203,0.6716530005137126,0.6810766432294149
sgd lr=0.0001,204,0.6714213291803995,0.6808476536940232
sgd lr=0.0001,205,0.6712204297383626,0.6806194746843166
sgd lr=0.0001,206,0.6710054039955139,0.6803930212127767
sgd lr=0.0001,207,0.6707886894543965,0.680167603045126
sgd lr=0.0001,208,0.6705780386924743,0.6799472909861424
sgd lr=0.0001,209,0.6703891356786092,0.6797236694890837
sgd lr=0.0001,210,0.6702204386393229,0.6795012930282984
sgd lr=0.0001,211,0.6700286587079366,0.6792829885834734
sgd lr=0.0001,212,0.669828208287557,0.6790639805571524
sgd lr=0.0001,213,0.6696426471074423,0.6788493373858173
sgd lr=0.0001,214,0.6694373885790507,0.6786373359471617
sgd lr=0.0001,215,0.6692190647125245,0.6784285274646457
sgd lr=0.0001,216,0.6690385500590007,0.6782055468783196
sgd lr=0.0001,217,0.6688117822011311,0.6780053393328795
sgd lr=0.0001,218,0.6686318039894104,0.677784735990694
sgd lr=0.0001,219,0.6684359391530355,0.6775772471079325
sgd lr=0.0001,220,0.6682332873344421,0.6773633232226345
sgd lr=0.0001,221,0.6680654327074687,0.6771598660352839
sgd lr=0.0001,222,0.6678673267364502,0.676953147705591
sgd lr=0.0001,223,0.6676855047543844,0.6767495788683389
sgd lr=0.0001,224,0.6675127585728963,0.676545785186274
sgd lr=0.0001,225,0.6673510511716206,0.6763472560127956
sgd lr=0.0001,226,0.6671329339345297,0.6761491193092047
sgd lr=0.0001,227,0.6669455369313558,0.6759412330909825
sgd lr=0.0001,228,0.6667988618214925,0.6757460528985303
sgd lr=0.0001,229,0.6666058421134948,0.6755529480132995
sgd lr=0.0001,230,0.6664061029752095,0.6753514458612754
sgd lr=0.0001,231,0.6662065664927165,0.6751580752406683
sgd lr=0.0001,232,0.6660811384518941,0.674975498659662
sgd lr=0.0001,233,0.6658702691396078,0.6747745855575024
sgd lr=0.0001,234,0.6656891107559204,0.6745760991691756
sgd lr=0.0001,235,0.665502683321635,0.67438107986303
sgd lr=0.0001,236,0.6653679331143697,0.6741889373366429
sgd lr=0.0001,237,0.6652148524920146,0.6739998034048142
sgd lr=0.0001,238,0.665028695265452,0.6738142457080236
sgd lr=0.0001,239,0.6648419936498006,0.6736295601326944
sgd lr=0.0001,240,0.6646737019220988,0.6734410349421578
sgd lr=0.0001,241,0.6645286043485006,0.6732529343780976
sgd lr=0.0001,242,0.664285949865977,0.6730735388904475
sgd lr=0.0001,243,0.6641464312871297,0.6728904871324082
sgd lr=0.0001,244,0.6640440980593364,0.6727078841767659
sgd lr=0.0001,245,0.6638558189074198,0.6725237940606303
sgd lr=0.0001,246,0.6636803030967713,0.6723394561926975
sgd lr=0.0001,247,0.6635256131490072,0.6721617263047419
sgd lr=0.0001,248,0.6633681972821553,0.671986487897207
sgd lr=0.0001,249,0.66319713195165,0.6718080505537124
sgd lr=0.0001,250,0.6630513946215312,0.6716295942295447
sgd lr=0.0001,251,0.6628609259923299,0.6714592668958662
sgd lr=0.0001,252,0.6627633492151896,0.6712809606629991
sgd lr=0.0001,253,0.6625732342402141,0.6711068518414542
sgd lr=0.0001,254,0.6624037186304729,0.6709436489669917
sgd lr=0.0001,255,0.6622430324554444,0.6707662907716168
sgd lr=0.0001,256,0.6620998740196228,0.6705953383393393
sgd lr=0.0001,257,0.6619197567303975,0.6704286505176801
sgd lr=0.0001,258,0.6617557406425476,0.6702504496568007
sgd lr=0.0001,259,0.6616118590037028,0.6700851288557034
sgd lr=0.0001,260,0.661472483476003,0.6699152822199046
sgd lr=0.0001,261,0.6613414406776428,0.6697500962097643
sgd lr=0.0001,262,0.6611713449160258,0.6695822225631715
sgd lr=0.0001,263,0.6610756119092306,0.6694218527437407
sgd lr=0.0001,264,0.6609029928843181,0.6692525639744105
sgd lr=0.0001,265,0.6607426365216573,0.669090497557845
sgd lr=0.0001,266,0.6606123685836792,0.6689220773766561
sgd lr=0.0001,267,0.6604836185773214,0.6687609354897874
sgd lr=0.0001,268,0.6603163719177246,0.6686046996855072
sgd lr=0.0001,269,0.6601762692133586,0.6684412671666402
sgd lr=0.0001,270,0.66004851659139,0.6682773540034156
sgd lr=0.0001,271,0.6598995844523112,0.6681202088103914
sgd lr=0.0001,272,0.6597705403963725,0.6679611877265584
sgd lr=0.0001,273,0.6596321105957031,0.6678036464246146
sgd lr=0.0001,274,0.6594670693079631,0.667647452098779
sgd lr=0.0001,275,0.659325635433197,0.667491575549188
sgd lr=0.0001,276,0.6591629346211751,0.667336059275046
sgd lr=0.0001,277,0.6590401252110799,0.6671804570364339
sgd lr=0.0001,278,0.6589177529017131,0.6670215352814509
sgd lr=0.0001,279,0.6588133533795675,0.6668771489600123
sgd lr=0.0001,280,0.6586397091547648,0.6667272111001065
sgd lr=0.0001,281,0.6584869782129924,0.6665684241460326
sgd lr=0.0001,282,0.6583768884340923,0.6664143521298442
sgd lr=0.0001,283,0.6582609812418619,0.6662659398900892
sgd lr=0.0001,284,0.6580894907315572,0.6661159508740359
sgd lr=0.0001,285,0.6580244501431783,0.6659653398287931
sgd lr=0.0001,286,0.6579086701075236,0.6658162718625603
sgd lr=0.0001,287,0.6577335715293884,0.6656730985430526
sgd lr=0.0001,288,0.6576000690460205,0.6655192242424813
sgd lr=0.0001,289,0.6574455261230469,0.6653767157546326
sgd lr=0.0001,290,0.657308304309845,0.6652225613735109
sgd lr=0.0001,291,0.6571873346964519,0.6650790845821835
sgd lr=0.0001,292,0.6570511102676392,0.6649306356471191
sgd lr=0.0001,293,0.6569529016812642,0.6647861807614535
sgd lr=0.0001,294,0.6567944765090943,0.6646461906228984
sgd lr=0.0001,295,0.6566671093304952,0.6645003351650595
sgd lr=0.0001,296,0.6565028468767802,0.6643568125902465
sgd lr=0.0001,297,0.6563930829366048,0.6642166893303415
sgd lr=0.0001,298,0.6562600175539652,0.6640720454616227
sgd lr=0.0001,299,0.656134021282196,0.6639312776760106
sgd lr=0.0001,300,0.6560230612754822,0.6637913846123438
sgd lr=0.0001,301,0.6559072931607565,0.663653319752949
sgd lr=0.0001,302,0.6557621558507284,0.6635123005317621
sgd lr=0.0001,303,0.6556585590044658,0.663372305183776
sgd lr=0.0001,304,0.6555349906285604,0.6632356811917142
sgd lr=0.0001,305,0.6554156899452209,0.663097789853287
sgd lr=0.0001,306,0.655317199230194,0.6629614876051573
sgd lr=0.0001,307,0.6551920215288798,0.6628249074410265
sgd lr=0.0001,308,0.6550475160280863,0.6626887750824341
sgd lr=0.0001,309,0.6549377997716268,0.6625520597060653
sgd lr=0.0001,310,0.6548153837521871,0.6624155699387076
sgd lr=0.0001,311,0.6546792308489482,0.6622781979197949
sgd lr=0.0001,312,0.6545889616012573,0.6621439736242728
sgd lr=0.0001,313,0.6544202446937561,0.6620151939532768
sgd lr=0.0001,314,0.6542978843053182,0.6618760147265809
sgd lr=0.0001,315,0.6541623075803121,0.6617449638575911
sgd lr=0.0001,316,0.654046642780304,0.6616130090630286
sgd lr=0.0001,317,0.653934379418691,0.661479731719511
sgd lr=0.0001,318,0.6538294076919555,0.6613487517502077
sgd lr=0.0001,319,0.653735073407491,0.6612180326197539
sgd lr=0.0001,320,0.6536007881164551,0.6610887164192664
sgd lr=0.0001,321,0.6534814437230428,0.6609536788862994
sgd lr=0.0001,322,0.6533623258272807,0.6608230371113307
sgd lr=0.0001,323,0.6532224496205647,0.6606922767205956
sgd lr=0.0001,324,0.6531561454137166,0.6605654485122676
sgd lr=0.0001,325,0.6530270735422771,0.6604327300612284
sgd lr=0.0001,326,0.6529005289077758,0.660308592126903
sgd lr=0.0001,327,0.6528164068857829,0.660175069440239
sgd lr=0.0001,328,0.6526701728502909,0.6600512536432291
sgd lr=0.0001,329,0.6525878190994263,0.6599249327409396
sgd lr=0.0001,330,0.6524769941965739,0.6597963881357516
sgd lr=0.0001,331,0.652360721429189,0.659670585822866
sgd lr=0.0001,332,0.652242922782898,0.659543060221387
sgd lr=0.0001,333,0.6521053830782573,0.6594191140646262
sgd lr=0.0001,334,0.6519929846127828,0.6592899108354011
sgd lr=0.0001,335,0.6518990914026896,0.6591675204888549
sgd lr=0.0001,336,0.6518126130104065,0.659047468542968
sgd lr=0.0001,337,0.6516550223032633,0.6589191049201819
sgd lr=0.0001,338,0.6515547037124634,0.6587935603598096
sgd lr=0.0001,339,0.6514463067054749,0.6586690087291902
sgd lr=0.0001,340,0.6513480504353841,0.6585472522975769
sgd lr=0.0001,341,0.6512299259503682,0.6584218809209756
sgd lr=0.0001,342,0.6511153141657512,0.6583031928287574
sgd lr=0.0001,343,0.6510308941205343,0.6581757697611847
sgd lr=0.0001,344,0.6509099086125691,0.6580554085349601
sgd lr=0.0001,345,0.650822639465332,0.6579356797339052
sgd lr=0.0001,346,0.6507209022839864,0.6578140912914423
sgd lr=0.0001,347,0.6505910476048787,0.6576936433420346
sgd lr=0.0001,348,0.650452482700348,0.6575715247783123
sgd lr=0.0001,349,0.6503756046295166,0.6574521038869439
sgd lr=0.0001,350,0.6502756357192994,0.6573294859747347
sgd lr=0.0001,351,0.6501792271931967,0.6572117343200554
sgd lr=0.0001,352,0.6500534613927206,0.6570965711580726
sgd lr=0.0001,353,0.6499451438585917,0.6569709340494646
sgd lr=0.0001,354,0.6498376448949178,0.656852232921522
sgd lr=0.0001,355,0.6497442285219829,0.6567383296626506
sgd lr=0.0001,356,0.649654503663381,0.656621115793312
sgd lr=0.0001,357,0.6495744705200195,0.656503719685879
sgd lr=0.0001,358,0.6494299689928691,0.6563845580718941
sgd lr=0.0001,359,0.6493222037951152,0.6562679035554962
sgd lr=0.0001,360,0.6492213884989421,0.6561487474709781
sgd lr=0.0001,361,0.6491451780001323,0.6560360580641222
sgd lr=0.0001,362,0.6490480025609334,0.6559216015166061
sgd lr=0.0001,363,0.6489411115646362,0.6558079909480269
sgd lr=0.0001,364,0.64881858030955,0.6556889437725779
sgd lr=0.0001,365,0.6487606724103292,0.655572282363193
sgd lr=0.0001,366,0.6486625432968139,0.655463689885694
sgd lr=0.0001,367,0.6485112150510152,0.6553479378783748
sgd lr=0.0001,368,0.6484044392903646,0.6552331072815035
sgd lr=0.0001,369,0.6483284791310628,0.6551175483253081
sgd lr=0.0001,370,0.6482070008913676,0.6550045084905193
sgd lr=0.0001,371,0.6481216788291931,0.6548925661350486
sgd lr=0.0001,372,0.6480035543441772,0.6547774475351039
sgd lr=0.0001,373,0.6479020595550538,0.6546662711580911
sgd lr=0.0001,374,0.6478105028470357,0.6545528407392261
sgd lr=0.0001,375,0.6477070013682048,0.6544435522356228
sgd lr=0.0001,376,0.6476197163263957,0.6543332038991836
sgd lr=0.0001,377,0.6474829514821371,0.6542246314325209
sgd lr=0.0001,378,0.6474036137262981,0.6541130945415213
sgd lr=0.0001,379,0.6473234494527181,0.6540022442670822
sgd lr=0.0001,380,0.6472228328386943,0.6538943154991592
sgd lr=0.0001,381,0.6471185286839803,0.6537826421153884
sgd lr=0.0001,382,0.6470281521479289,0.6536726235327796
sgd lr=0.0001,383,0.6469500621159872,0.6535639841084927
sgd lr=0.0001,384,0.6468884269396464,0.6534554837429032
sgd lr=0.0001,385,0.6467124581336975,0.6533503348721541
sgd lr=0.0001,386,0.646611233552297,0.6532349129248304
sgd lr=0.0001,387,0.6465350111325582,0.6531332678981021
sgd lr=0.0001,388,0.6464245080947876,0.6530238202619614
sgd lr=0.0001,389,0.6463458975156148,0.6529145770122651
sgd lr=0.0001,390,0.6462549050649007,0.652805104462179
sgd lr=0.0001,391,0.6461777925491333,0.6527007090526928
sgd lr=0.0001,392,0.6461154381434123,0.6525916645569264
sgd lr=0.0001,393,0.6459915479024251,0.6524889379547771
sgd lr=0.0001,394,0.6459048549334209,0.6523816610295718
sgd lr=0.0001,395,0.6458245913187662,0.6522750284619844
sgd lr=0.0001,396,0.6457100788752238,0.6521716460726257
sgd lr=0.0001,397,0.645611850420634,0.6520677603670927
sgd lr=0.0001,398,0.6455103874206543,0.6519631783944885
sgd lr=0.0001,399,0.6454320947329203,0.6518539181206925
sgd lr=0.0001,400,0.6453279733657837,0.6517548736916651
sgd lr=0.0001,401,0.6452424009641011,0.6516463006418228
sgd lr=0.0001,402,0.6451343019803365,0.6515439077652663
sgd lr=0.0001,403,0.6450155178705851,0.6514419398226052
sgd lr=0.0001,404,0.6449343681335449,0.6513351199779324
sgd lr=0.0001,405,0.6448567748069763,0.6512334816963197
sgd lr=0.0001,406,0.6447694102923075,0.6511301250977907
sgd lr=0.0001,407,0.644653069972992,0.6510280421098273
sgd lr=0.0001,408,0.6445792078971863,0.6509258916109957
sgd lr=0.0001,409,0.6444623549779256,0.6508233481930983
sgd lr=0.0001,410,0.6443814476331075,0.6507224753211046
sgd lr=0.0001,411,0.6442824284235636,0.650626438080799
sgd lr=0.0001,412,0.6442189415295919,0.6505207099814496
sgd lr=0.0001,413,0.6441071073214213,0.6504193436630531
sgd lr=0.0001,414,0.6440205176671346,0.6503186525531753
sgd lr=0.0001,415,0.6439431309700012,0.6502181806578686
sgd lr=0.0001,416,0.6438712676366171,0.6501203128752457
sgd lr=0.0001,417,0.6438050349553426,0.6500212485476768
sgd lr=0.0001,418,0.6437134067217509,0.6499220503572849
sgd lr=0.0001,419,0.6435931086540222,0.6498203163824846
sgd lr=0.0001,420,0.6434930046399434,0.6497222174621676
sgd lr=0.0001,421,0.6434353470802308,0.6496259403939985
sgd lr=0.0001,422,0.6433249036471049,0.6495253835252031
sgd lr=0.0001,423,0.6432405471801758,0.6494255454471889
sgd lr=0.0001,424,0.6431649645169576,0.6493272330192603
sgd lr=0.0001,425,0.6430492083231608,0.6492267513567599
sgd lr=0.0001,426,0.6429873029390971,0.6491343211865639
sgd lr=0.0001,427,0.642903725306193,0.6490329375315551
sgd lr=0.0001,428,0.6427991390228271,0.6489385761948476
sgd lr=0.0001,429,0.6427258412043254,0.6488442571966997
sgd lr=0.0001,430,0.6426708300908407,0.6487461672843934
sgd lr=0.0001,431,0.6425790389378866,0.6486478204877599
sgd lr=0.0001,432,0.6424936413764953,0.6485513534980595
sgd lr=0.0001,433,0.6423811912536621,0.6484558779712304
sgd lr=0.0001,434,0.642328409353892,0.6483553605710193
sgd lr=0.0001,435,0.6422425945599873,0.648260006172282
sgd lr=0.0001,436,0.6421180168787638,0.6481597396467998
sgd lr=0.0001,437,0.6420217156410217,0.6480693473406173
sgd lr=0.0001,438,0.6419371008872986,0.6479787294774568
sgd lr=0.0001,439,0.6418389876683553,0.6478806724607833
sgd lr=0.0001,440,0.6417715469996135,0.6477847729673745
sgd lr=0.0001,441,0.6417104323705037,0.6476869707169483
sgd lr=0.0001,442,0.6416031360626221,0.647593245160454
sgd lr=0.0001,443,0.6415244897206624,0.6475003447888203
sgd lr=0.0001,444,0.6414170145988465,0.6474079597847646
sgd lr=0.0001,445,0.6413593769073487,0.6473111516593656
sgd lr=0.0001,446,0.641294006506602,0.6472209720422122
sgd lr=0.0001,447,0.6412076989809672,0.6471252567185514
sgd lr=0.0001,448,0.6411434769630432,0.6470335693214999
sgd lr=0.0001,449,0.6410350561141968,0.6469377402807154
sgd lr=0.0001,450,0.6409326235453288,0.6468445302040151
sgd lr=0.0001,451,0.6408277789751688,0.6467536045925965
sgd lr=0.0001,452,0.6407486001650492,0.6466594793868885
sgd lr=0.0001,453,0.6406638503074646,0.6465630345590164
sgd lr=0.0001,454,0.6406185150146484,0.6464770821730609
sgd lr=0.0001,455,0.6404839952786764,0.6463831738609616
sgd lr=0.0001,456,0.6404257694880168,0.6462896840126188
sgd lr=0.0001,457,0.6403462966283162,0.6461997930101641
sgd lr=0.0001,458,0.6402881264686584,0.6461035521172075
sgd lr=0.0001,459,0.6401898701985677,0.6460172476344955
sgd lr=0.0001,460,0.6401099999745686,0.6459236372879448
sgd lr=0.0001,461,0.6400321165720622,0.6458276668054369
sgd lr=0.0001,462,0.6399642785390218,0.6457433996135112
sgd lr=0.0001,463,0.6399191697438558,0.6456525956880522
sgd lr=0.0001,464,0.639824386437734,0.6455655142481148
sgd lr=0.0001,465,0.639769728978475,0.6454711001509292
sgd lr=0.0001,466,0.6396565477053324,0.6453876566666388
sgd lr=0.0001,467,0.6395696640014649,0.6452919900467481
sgd lr=0.0001,468,0.6394822279612223,0.645204632507191
sgd lr=0.0001,469,0.6394143462181091,0.6451154608819095
sgd lr=0.0001,470,0.639350442091624,0.6450236373629799
sgd lr=0.0001,471,0.6392844915390015,0.6449338530201774
sgd lr=0.0001,472,0.6391610463460287,0.6448429703030704
sgd lr=0.0001,473,0.6391088724136352,0.6447542017158993
sgd lr=0.0001,474,0.6390079379081726,0.6446684643746501
sgd lr=0.0001,475,0.6389384349187215,0.6445751859305713
sgd lr=0.0001,476,0.6388844927151998,0.6444889865106256
sgd lr=0.0001,477,0.6387789289156596,0.6443959392785292
sgd lr=0.0001,478,0.6386805971463522,0.6443135903984882
sgd lr=0.0001,479,0.6386150201161702,0.6442256758543798
sgd lr=0.0001,480,0.6385748346646627,0.6441372086776052
sgd lr=0.0001,481,0.6384923179944356,0.6440516566064807
sgd lr=0.0001,482,0.6384098172187805,0.6439653724111486
sgd lr=0.0001,483,0.6383297959963481,0.6438739613517058
sgd lr=0.0001,484,0.6382456223169962,0.6437904913601105
sgd lr=0.0001,485,0.6381649573644003,0.6437031169135283
sgd lr=0.0001,486,0.638115135828654,0.6436169183201581
sgd lr=0.0001,487,0.6380439917246501,0.6435353715896343
sgd lr=0.0001,488,0.6379414081573487,0.6434517823626543
sgd lr=0.0001,489,0.6378801385561625,0.6433627127315916
sgd lr=0.0001,490,0.6377883156140646,0.6432773800312944
sgd lr=0.0001,491,0.6376809120178223,0.6431916758369105
sgd lr=0.0001,492,0.6376024524370829,0.6431066611493584
sgd lr=0.0001,493,0.6375548998514812,0.6430204521604781
sgd lr=0.0001,494,0.6374510447184245,0.6429314933332292
sgd lr=0.0001,495,0.6373863498369853,0.6428553411412121
sgd lr=0.0001,496,0.6373454610506694,0.6427677397746805
sgd lr=0.0001,497,0.6372513612111409,0.6426792801707722
sgd lr=0.0001,498,0.637191899617513,0.6425971394498952
sgd lr=0.0001,499,0.6371222257614135,0.6425145895225458
sgd lr=0.0001,500,0.6370206634203593,0.6424371225900783
sgd lr=0.0003,1,1.0950085441271464,1.4366470816381092
sgd lr=0.0003,2,0.9715211470921834,1.0354139325630092
sgd lr=0.0003,3,0.9055016994476318,0.9473626600127496
sgd lr=0.0003,4,0.8645492990811666,0.896091708747717
sgd lr=0.0003,5,0.8378070672353108,0.863128603641624
sgd lr=0.0003,6,0.8189548929532369,0.8411242667432117
sgd lr=0.0003,7,0.8050378600756327,0.8252067531248506
sgd lr=0.0003,8,0.7937364975611368,0.8129756974685277
sgd lr=0.0003,9,0.784639036655426,0.8030185275172984
sgd lr=0.0003,10,0.7770907560984294,0.7947277382698333
sgd lr=0.0003,11,0.7703399499257405,0.7876217789866685
sgd lr=0.0003,12,0.7646672487258911,0.7814978086728351
sgd lr=0.0003,13,0.75945565700531,0.7760241576973356
sgd lr=0.0003,14,0.7548713485399882,0.7710458601898086
sgd lr=0.0003,15,0.7505916476249694,0.7664864955345319
sgd lr=0.0003,16,0.7466633836428325,0.762295232235481
sgd lr=0.0003,17,0.7428512652715047,0.7583669947333787
sgd lr=0.0003,18,0.7395090023676555,0.7547365565099503
sgd lr=0.0003,19,0.7361437400182088,0.7513446248982564
sgd lr=0.0003,20,0.7330928921699524,0.7481230847000533
sgd lr=0.0003,21,0.7302842934926351,0.7450811071845178
sgd lr=0.0003,22,0.7277023037274678,0.7422613415411113
sgd lr=0.0003,23,0.7251412789026896,0.7395449717532375
sgd lr=0.0003,24,0.7227203687032063,0.7370007751402924
sgd lr=0.0003,25,0.7205487012863159,0.734521606038156
sgd lr=0.0003,26,0.7184383670488993,0.7322067537707643
sgd lr=0.0003,27,0.7163077513376872,0.7299678638102971
sgd lr=0.0003,28,0.7143650809923808,0.7278181401029982
sgd lr=0.0003,29,0.7123907486597697,0.7257986290537428
sgd lr=0.0003,30,0.7105849782625834,0.7238192809342441
sgd lr=0.0003,31,0.7088756004969279,0.7218915591440602
sgd lr=0.0003,32,0.7071335911750793,0.7201124108060856
sgd lr=0.0003,33,0.7054278731346131,0.7183256736682436
sgd lr=0.0003,34,0.7041162212689718,0.7166292729626565
sgd lr=0.0003,35,0.7024706125259399,0.7150259878276284
sgd lr=0.0003,36,0.7009887774785359,0.7134426824152759
sgd lr=0.0003,37,0.6996141910552979,0.7119105292913155
sgd lr=0.0003,38,0.6981854915618897,0.7104563027428326
sgd lr=0.0003,39,0.6970190366109212,0.7090250787464225
sgd lr=0.0003,40,0.6956783533096313,0.7076752100916534
sgd lr=0.0003,41,0.694591740767161,0.7063711894387271
sgd lr=0.0003,42,0.6932193398475647,0.7050930106531877
sgd lr=0.0003,43,0.6921412547429403,0.703838588605844
sgd lr=0.0003,44,0.6910340348879497,0.7026418454381068
sgd lr=0.0003,45,0.6900323510169983,0.7014536480091657
sgd lr=0.0003,46,0.689084529876709,0.7003068489891527
sgd lr=0.0003,47,0.6880728602409363,0.6992111682811916
sgd lr=0.0003,48,0.686931828657786,0.6981357483625794
sgd lr=0.0003,49,0.6860023260116577,0.6970652794572144
sgd lr=0.0003,50,0.6851299643516541,0.6960347882251166
sgd lr=0.0003,51,0.6841479579607646,0.6950576389184779
sgd lr=0.0003,52,0.6831667343775432,0.6940812080229508
sgd lr=0.0003,53,0.6823033690452576,0.6931370181072984
sgd lr=0.0003,54,0.6814544479052226,0.6921938830582902
sgd lr=0.0003,55,0.6807799180348714,0.6912821785327447
sgd lr=0.0003,56,0.6799263874689738,0.690409204384746
sgd lr=0.0003,57,0.6791128794352214,0.6895537115932248
sgd lr=0.0003,58,0.6784226934115092,0.688705755485787
sgd lr=0.0003,59,0.6776500304539999,0.687893458842739
sgd lr=0.0003,60,0.6769410928090414,0.6870714188278754
sgd lr=0.0003,61,0.676244835058848,0.6862878872507493
sgd lr=0.0003,62,0.6755506833394368,0.6855086757722302
sgd lr=0.0003,63,0.6748205264409383,0.6847381432150588
sgd lr=0.0003,64,0.6743655284245809,0.6840168772504274
sgd lr=0.0003,65,0.6735161741574606,0.6832902519833967
sgd lr=0.0003,66,0.6727095206578573,0.6825506127586541
sgd lr=0.0003,67,0.6721274415651958,0.6818451779664999
sgd lr=0.0003,68,0.6715444246927897,0.681146447145291
sgd lr=0.0003,69,0.6708470145861308,0.6804738005566554
sgd lr=0.0003,70,0.6702161471048991,0.6797915923587906
sgd lr=0.0003,71,0.669607134660085,0.6791528689422777
sgd lr=0.0003,72,0.6689952770868938,0.6784864103998469
sgd lr=0.0003,73,0.6684093475341797,0.6778564952707871
sgd lr=0.0003,74,0.6679095427195231,0.6772366183426813
sgd lr=0.0003,75,0.667314596970876,0.676619116635338
sgd lr=0.0003,76,0.666754400730133,0.6760125779307226
sgd lr=0.0003,77,0.6662325104077657,0.6754159307243828
sgd lr=0.0003,78,0.6657177885373433,0.6748354702062647
sgd lr=0.0003,79,0.6652380625406901,0.674264830959288
sgd lr=0.0003,80,0.6646631757418314,0.6737023259294717
sgd lr=0.0003,81,0.6642003377278646,0.6731615908198847
sgd lr=0.0003,82,0.6637002984682719,0.6726019269706625
sgd lr=0.0003,83,0.663323986530304,0.6720557804372503
sgd lr=0.0003,84,0.6627041498819987,0.6715418998131741
sgd lr=0.0003,85,0.662211827437083,0.6710120016566986
sgd lr=0.0003,86,0.6618938763936361,0.6705130377993063
sgd lr=0.0003,87,0.6613915602366129,0.6700015126409734
sgd lr=0.0003,88,0.6609660744667053,0.6695040306754788
sgd lr=0.0003,89,0.660526712735494,0.6690129969182153
sgd lr=0.0003,90,0.6602158705393474,0.6685174560287337
sgd lr=0.0003,91,0.6597928404808044,0.6680522827103952
sgd lr=0.0003,92,0.6592828035354614,0.6675745716804878
sgd lr=0.0003,93,0.6587525169054668,0.6671135560178427
sgd lr=0.0003,94,0.6584186673164367,0.6666599536179675
sgd lr=0.0003,95,0.6580190539360047,0.6662219938719753
sgd lr=0.0003,96,0.6576906601587932,0.6657487699029535
sgd lr=0.0003,97,0.6572467645009359,0.6653182404358379
sgd lr=0.0003,98,0.6569230914115906,0.664891243637641
sgd lr=0.0003,99,0.6564050038655599,0.6644516853010629
sgd lr=0.0003,100,0.6561632474263509,0.6640198828248979
sgd lr=0.0003,101,0.6557268142700196,0.6636179629180525
sgd lr=0.0003,102,0.655340866247813,0.6632088387510245
sgd lr=0.0003,103,0.6549489378929139,0.6627627765909646
sgd lr=0.0003,104,0.6546856760978699,0.6623710280532844
sgd lr=0.0003,105,0.6543291290601094,0.6619760980054339
sgd lr=0.0003,106,0.6539236426353454,0.661569945658508
sgd lr=0.0003,107,0.6535762111345927,0.6611861276518759
sgd lr=0.0003,108,0.6531385660171509,0.6607798559765483
sgd lr=0.0003,109,0.6528706987698872,0.6603976429522779
sgd lr=0.0003,110,0.6525644779205322,0.6600164808250835
sgd lr=0.0003,111,0.6522133866945903,0.6596362100748432
sgd lr=0.0003,112,0.6519190828005473,0.6592693902461423
sgd lr=0.0003,113,0.6516270558039348,0.6588922406293928
sgd lr=0.0003,114,0.6511980573336283,0.6585267914076256
sgd lr=0.0003,115,0.6509745160738627,0.6581540591588299
sgd lr=0.0003,116,0.6505666931470235,0.6577895578849463
sgd lr=0.0003,117,0.6503250002861023,0.6574385605494457
sgd lr=0.0003,118,0.6500641862551372,0.6570726646266701
sgd lr=0.0003,119,0.6496012210845947,0.6567304421976079
sgd lr=0.0003,120,0.6493739406267802,0.6563650945184522
sgd lr=0.0003,121,0.6488950570424398,0.6560269277978039
sgd lr=0.0003,122,0.6486824512481689,0.6556779898008996
sgd lr=0.0003,123,0.6484202822049459,0.655335104913879
sgd lr=0.0003,124,0.6481212576230367,0.654999390071066
sgd lr=0.0003,125,0.6477804183959961,0.654644667418937
sgd lr=0.0003,126,0.6474886775016785,0.6543182224738182
sgd lr=0.0003,127,0.6471320231755574,0.6539789826760068
sgd lr=0.0003,128,0.6469425559043884,0.6536657500813534
sgd lr=0.0003,129,0.6466321905454,0.6533291747573109
sgd lr=0.0003,130,0.646493379275004,0.6529985291321043
sgd lr=0.0003,131,0.64613250096639,0.6526872738333437
sgd lr=0.0003,132,0.645701801776886,0.6523698067374216
sgd lr=0.0003,133,0.6455009341239929,0.6520472311610906
sgd lr=0.0003,134,0.645107611020406,0.6517296128183238
sgd lr=0.0003,135,0.6449441035588582,0.6514213439310563
sgd lr=0.0003,136,0.6445900718371074,0.6510986401686137
sgd lr=0.0003,137,0.6444314320882162,0.6507986681142897
sgd lr=0.0003,138,0.6441412369410197,0.6505109894073802
sgd lr=0.0003,139,0.6438085873921712,0.6502093360291513
sgd lr=0.0003,140,0.643490978082021,0.6498899121704637
sgd lr=0.0003,141,0.6432811776796977,0.6495902801031901
sgd lr=0.0003,142,0.6429720958073933,0.649292486854567
sgd lr=0.0003,143,0.6427639603614808,0.6489931188212471
sgd lr=0.0003,144,0.6425055305163065,0.6487141337970465
sgd lr=0.0003,145,0.6422489960988362,0.6484253427373982
sgd lr=0.0003,146,0.6419284621874491,0.6481104067798066
sgd lr=0.0003,147,0.641831656297048,0.6478394633603507
sgd lr=0.0003,148,0.641435706615448,0.647561832675973
sgd lr=0.0003,149,0.641185442606608,0.6472681955636583
sgd lr=0.0003,150,0.6410841067632039,0.647000750772288
sgd lr=0.0003,151,0.6407353997230529,0.6467351410125082
sgd lr=0.0003,152,0.6405311187108358,0.6464458287853053
sgd lr=0.0003,153,0.6403690298398336,0.6461656147091293
sgd lr=0.0003,154,0.6399884064992268,0.6459172530560868
sgd lr=0.0003,155,0.6398087024688721,0.6456166865533766
sgd lr=0.0003,156,0.6395979801813761,0.6453454349192446
sgd lr=0.0003,157,0.6392884095509846,0.6450996334440674
sgd lr=0.0003,158,0.6389545361200969,0.6448273317540887
sgd lr=0.0003,159,0.6387548446655273,0.6445501918440842
sgd lr=0.0003,160,0.6385279377301534,0.6442876286756287
sgd lr=0.0003,161,0.6383458018302918,0.644028636595549
sgd lr=0.0003,162,0.6381015419960022,0.6437719209792376
sgd lr=0.0003,163,0.6378266374270122,0.643510650209247
sgd lr=0.0003,164,0.6376954833666484,0.6432343246083045
sgd lr=0.0003,165,0.6374110698699951,0.6429973492019041
sgd lr=0.0003,166,0.6372636318206787,0.6427438660551404
sgd lr=0.0003,167,0.636984916528066,0.6424866608946019
sgd lr=0.0003,168,0.636798361937205,0.6422366017434045
sgd lr=0.0003,169,0.6365739425023397,0.6419877862712292
sgd lr=0.0003,170,0.6365349451700847,0.6417469107863504
sgd lr=0.0003,171,0.6361233790715536,0.641524312499696
sgd lr=0.0003,172,0.635851279894511,0.6412670522189272
sgd lr=0.0003,173,0.6357554078102112,0.6410099049815936
sgd lr=0.0003,174,0.6355823834737142,0.6407791369369952
sgd lr=0.0003,175,0.6353622118631999,0.6405488306172832
sgd lr=0.0003,176,0.6349833369255066,0.6402888699475422
sgd lr=0.0003,177,0.6348332683245341,0.6400713157270298
sgd lr=0.0003,178,0.6346567869186401,0.6398287197908555
sgd lr=0.0003,179,0.6345428705215455,0.639604873000668
sgd lr=0.0003,180,0.6342220107714335,0.6393864526522282
sgd lr=0.0003,181,0.6340527733167013,0.6391454637494165
sgd lr=0.0003,182,0.6338668743769328,0.6389097726750828
sgd lr=0.0003,183,0.6335996707280477,0.638687848938696
sgd lr=0.0003,184,0.6333750526110331,0.6384440008756292
sgd lr=0.0003,185,0.633217473824819,0.6382445563751192
sgd lr=0.0003,186,0.6330336252848308,0.6380070808383237
sgd lr=0.0003,187,0.6328724145889282,0.6377922812658803
sgd lr=0.0003,188,0.6326544721921284,0.6375559272579232
sgd lr=0.0003,189,0.6323631207148234,0.637344629847669
sgd lr=0.0003,190,0.6322810729344686,0.6371234589653868
sgd lr=0.0003,191,0.6320744752883911,0.6368968221508311
sgd lr=0.0003,192,0.631881324450175,0.636706150817174
sgd lr=0.0003,193,0.631667693456014,0.6364777424232292
sgd lr=0.0003,194,0.6315344214439392,0.636270752271844
sgd lr=0.0003,195,0.6313203851381938,0.6360562728627462
sgd lr=0.0003,196,0.6310841361681621,0.6358584783452349
sgd lr=0.0003,197,0.6308597723642985,0.6356433204516433
sgd lr=0.0003,198,0.6308695753415425,0.6354264120647989
sgd lr=0.0003,199,0.6306545933087667,0.6352476597235062
sgd lr=0.0003,200,0.6304112315177918,0.635020842509336
sgd lr=0.0003,201,0.6301394859949748,0.6348050964326556
sgd lr=0.0003,202,0.6299629648526509,0.6346223791966928
sgd lr=0.0003,203,0.6298628449440002,0.6344142613337664
sgd lr=0.0003,204,0.6295566240946452,0.6342161960380478
sgd lr=0.0003,205,0.6294148882230123,0.6340130139472674
sgd lr=0.0003,206,0.6292012294133504,0.6338110555682431
sgd lr=0.0003,207,0.629017957051595,0.6336113897751259
sgd lr=0.0003,208,0.6288033167521159,0.6334185208754524
sgd lr=0.0003,209,0.6286960244178772,0.6332212921249127
sgd lr=0.0003,210,0.628617771466573,0.6330205350684058
sgd lr=0.0003,211,0.6284528295199077,0.6328266852147629
sgd lr=0.0003,212,0.6283469835917155,0.6326349711334147
sgd lr=0.0003,213,0.6281298836072285,0.6324485949453944
sgd lr=0.0003,214,0.6279433568318685,0.6322633929521065
sgd lr=0.0003,215,0.62764497200648,0.6320849024289689
sgd lr=0.0003,216,0.6276241819063823,0.6318574806085778
sgd lr=0.0003,217,0.6272504011789958,0.6317090204407705
sgd lr=0.0003,218,0.6271685282389323,0.6314761663529521
sgd lr=0.0003,219,0.6269965132077535,0.6312990356998877
sgd lr=0.0003,220,0.6268218715985616,0.631104013076783
sgd lr=0.0003,221,0.626693069934845,0.630920758383273
sgd lr=0.0003,222,0.6265222628911337,0.6307315927080646
sgd lr=0.0003,223,0.6263614098230997,0.6305610511488887
sgd lr=0.0003,224,0.6262710571289063,0.6303593871161286
sgd lr=0.0003,225,0.6260466655095418,0.630211599619752
sgd lr=0.0003,226,0.6258010903994242,0.6300200486820416
sgd lr=0.0003,227,0.6256375670433044,0.629817211876215
sgd lr=0.0003,228,0.625622562567393,0.6296463259748736
sgd lr=0.0003,229,0.6253397464752197,0.6294785216826443
sgd lr=0.0003,230,0.6251618067423502,0.629287422171559
sgd lr=0.0003,231,0.6250752528508504,0.6291205204955309
sgd lr=0.0003,232,0.6250457843144734,0.6289812069263507
sgd lr=0.0003,233,0.6247116367022196,0.6287680343242095
sgd lr=0.0003,234,0.6245490908622742,0.6285892727769604
sgd lr=0.0003,235,0.6243144631385803,0.6284040520960782
sgd lr=0.0003,236,0.6242964824040731,0.6282150799426433
sgd lr=0.0003,237,0.624206546942393,0.6280517238254241
sgd lr=0.0003,238,0.6239652315775553,0.6278876278565203
sgd lr=0.0003,239,0.6237529277801513,0.6277275904102112
sgd lr=0.0003,240,0.6235780199368794,0.627549905539584
sgd lr=0.0003,241,0.6235438545544942,0.6273624773817733
sgd lr=0.0003,242,0.623115619023641,0.6272162679824291
sgd lr=0.0003,243,0.6231431921323141,0.6270375662235868
sgd lr=0.0003,244,0.6231083949406941,0.6268740007225431
sgd lr=0.0003,245,0.6228100220362346,0.6266943508903182
sgd lr=0.0003,246,0.622636874516805,0.6265150499921879
sgd lr=0.0003,247,0.6225716988245646,0.6263616196538299
sgd lr=0.0003,248,0.6223835786183675,0.6262089134450621
sgd lr=0.0003,249,0.6221819519996643,0.6260342843764957
sgd lr=0.0003,250,0.6221062103907268,0.6258657164208936
sgd lr=0.0003,251,0.6218724211057027,0.6257192252771907
sgd lr=0.0003,252,0.6219483494758606,0.6255450965312443
sgd lr=0.0003,253,0.6217560648918152,0.6253807623204707
sgd lr=0.0003,254,0.6214818239212037,0.625263112798321
sgd lr=0.0003,255,0.6213230570157369,0.6250580001661327
sgd lr=0.0003,256,0.6212629397710164,0.6249129860216404
sgd lr=0.0003,257,0.6209731340408325,0.6247609324244119
sgd lr=0.0003,258,0.6207982858022054,0.6245673015602808
sgd lr=0.0003,259,0.6207273324330648,0.6244216040295959
sgd lr=0.0003,260,0.6205480655034383,0.6242602140583563
sgd lr=0.0003,261,0.6204449097315471,0.6241140475788699
sgd lr=0.0003,262,0.6203007698059082,0.6239478026188908
sgd lr=0.0003,263,0.6203237136205038,0.6238067816299078
sgd lr=0.0003,264,0.6201127409934998,0.6236379831071744
sgd lr=0.0003,265,0.6198768456776936,0.6234984491056587
sgd lr=0.0003,266,0.6197965820630391,0.6233187118492133
sgd lr=0.0003,267,0.619769012928009,0.62317231200589
sgd lr=0.0003,268,0.6195162614186605,0.6230249618443912
sgd lr=0.0003,269,0.6193882266680399,0.6228780386621466
sgd lr=0.0003,270,0.6193430105845134,0.6227043901598867
sgd lr=0.0003,271,0.619100558757782,0.6225632420131527
sgd lr=0.0003,272,0.6189836780230205,0.6224080032851373
sgd lr=0.0003,273,0.6188791553179424,0.622252881164909
sgd lr=0.0003,274,0.6186387141545614,0.6221176238379531
sgd lr=0.0003,275,0.6185521761576335,0.6219643469679593
sgd lr=0.0003,276,0.6183154463768006,0.6218095128435167
sgd lr=0.0003,277,0.6181976795196533,0.6216712510236913
sgd lr=0.0003,278,0.6181914647420247,0.6214982515280266
sgd lr=0.0003,279,0.6181909600893657,0.6213794362170123
sgd lr=0.0003,280,0.6178154786427815,0.621235324755095
sgd lr=0.0003,281,0.6176972389221191,0.6210720763676567
sgd lr=0.0003,282,0.6177077094713846,0.6209138056473097
sgd lr=0.0003,283,0.6175997893015543,0.620790329239282
sgd lr=0.0003,284,0.6172738114992777,0.620648151249166
sgd lr=0.0003,285,0.6174121340115865,0.6204904602053433
sgd lr=0.0003,286,0.6172497510910034,0.620356773087455
sgd lr=0.0003,287,0.6169615586598715,0.6202141802371942
sgd lr=0.0003,288,0.6168468276659648,0.6200550467745247
sgd lr=0.0003,289,0.6166435917218526,0.619928696696897
sgd lr=0.0003,290,0.6165368755658468,0.6197645224720362
sgd lr=0.0003,291,0.616448966662089,0.6196306734575825
sgd lr=0.0003,292,0.6163095156351726,0.6194800255148534
sgd lr=0.0003,293,0.616328752040863,0.619336319058904
sgd lr=0.0003,294,0.6160811424255371,0.6192121450670675
sgd lr=0.0003,295,0.6159182667732239,0.6190654838372924
sgd lr=0.0003,296,0.6156636953353882,0.6189270397273394
sgd lr=0.0003,297,0.6156533718109131,0.6187901012056216
sgd lr=0.0003,298,0.6155185659726461,0.6186498840631116
sgd lr=0.0003,299,0.6153598546981811,0.618508650921104
sgd lr=0.0003,300,0.6153424382209778,0.6183788044798532
sgd lr=0.0003,301,0.6152044296264648,0.6182476986714954
sgd lr=0.0003,302,0.614978043238322,0.6181018212401348
sgd lr=0.0003,303,0.6149788975715638,0.6179620814899865
sgd lr=0.0003,304,0.6148323655128479,0.6178384909394795
sgd lr=0.0003,305,0.6147218624750773,0.6176970724809562
sgd lr=0.0003,306,0.6147327184677124,0.6175644171805765
sgd lr=0.0003,307,0.6145231644312541,0.6174385390847209
sgd lr=0.0003,308,0.6143086592356364,0.6173045560674875
sgd lr=0.0003,309,0.6141844073931376,0.617163186858691
sgd lr=0.0003,310,0.6141194303830465,0.6170248060969512
sgd lr=0.0003,311,0.6139317711194356,0.616890341166816
sgd lr=0.0003,312,0.6140019694964091,0.6167655601047836
sgd lr=0.0003,313,0.6136873404184977,0.6166410548440419
sgd lr=0.0003,314,0.6135414918263753,0.6164974462112712
sgd lr=0.0003,315,0.613372286160787,0.6163724031748276
sgd lr=0.0003,316,0.6133004943529765,0.6162464924938144
sgd lr=0.0003,317,0.6132585962613424,0.6161126630005831
sgd lr=0.0003,318,0.613184642791748,0.6159900502891068
sgd lr=0.0003,319,0.6130982319513957,0.6158565249125464
sgd lr=0.0003,320,0.6128890196482341,0.6157342290756677
sgd lr=0.0003,321,0.6127809643745422,0.6155912739585913
sgd lr=0.0003,322,0.6126385768254597,0.6154700254107884
sgd lr=0.0003,323,0.6124826033910116,0.615334659650742
sgd lr=0.0003,324,0.6125396649042766,0.6152161990163586
sgd lr=0.0003,325,0.6123411456743876,0.6150809900463372
sgd lr=0.0003,326,0.612178385257721,0.6149744616315622
sgd lr=0.0003,327,0.6121779163678487,0.6148263930942154
sgd lr=0.0003,328,0.6119240442911784,0.6147103158327611
sgd lr=0.0003,329,0.6119884490966797,0.6145903348226864
sgd lr=0.0003,330,0.6118375420570373,0.614465271463521
sgd lr=0.0003,331,0.611672826608022,0.6143413555396101
sgd lr=0.0003,332,0.611530868212382,0.6142153267823613
sgd lr=0.0003,333,0.6113520940144856,0.614096312434134
sgd lr=0.0003,334,0.6112911303838094,0.6139585855654076
sgd lr=0.0003,335,0.6112709005673727,0.6138465436838467
sgd lr=0.0003,336,0.6111544013023377,0.6137336027004408
sgd lr=0.0003,337,0.6109327077865601,0.6136019736336407
sgd lr=0.0003,338,0.6109110792477925,0.6134737235783828
sgd lr=0.0003,339,0.6107780973116557,0.6133482855560433
sgd lr=0.0003,340,0.6106942296028137,0.6132379629926457
sgd lr=0.0003,341,0.6105362017949422,0.6131022035729227
sgd lr=0.0003,342,0.6104114492734273,0.6130009089981847
sgd lr=0.0003,343,0.6104175726572673,0.6128611872539491
sgd lr=0.0003,344,0.6102306048075358,0.6127512662664821
sgd lr=0.0003,345,0.610163938999176,0.6126324527097856
sgd lr=0.0003,346,0.6100962360699972,0.612510080101463
sgd lr=0.0003,347,0.6098909020423889,0.6123956616137167
sgd lr=0.0003,348,0.6097475131352742,0.6122749871904031
sgd lr=0.0003,349,0.6097799420356751,0.6121607357973693
sgd lr=0.0003,350,0.6096048951148987,0.6120338087479242
sgd lr=0.0003,351,0.6096739252408345,0.6119139209307797
sgd lr=0.0003,352,0.609355358282725,0.611824550366396
sgd lr=0.0003,353,0.6092524409294129,0.6116756671482318
sgd lr=0.0003,354,0.6091615478197734,0.6115601095772242
sgd lr=0.0003,355,0.6091209769248962,0.6114590230743927
sgd lr=0.0003,356,0.6091077287991842,0.6113322284953342
sgd lr=0.0003,357,0.60896422068278,0.6112321864376593
sgd lr=0.0003,358,0.6086424032847086,0.6111001834432808
sgd lr=0.0003,359,0.608621335029602,0.6109862584746586
sgd lr=0.0003,360,0.6085202018419902,0.6108611177626725
sgd lr=0.0003,361,0.6085190296173095,0.6107605894044599
sgd lr=0.0003,362,0.6084202289581299,0.6106498258829035
sgd lr=0.0003,363,0.6082318902015686,0.6105350819885275
sgd lr=0.0003,364,0.608062994480133,0.6104113536832091
sgd lr=0.0003,365,0.6081881284713745,0.6102872981837952
sgd lr=0.0003,366,0.6079954981803894,0.6102006714668323
sgd lr=0.0003,367,0.607706614335378,0.6100750564790688
sgd lr=0.0003,368,0.6076634804407756,0.6099543945013259
sgd lr=0.0003,369,0.6076816519101461,0.6098407787508211
sgd lr=0.0003,370,0.6074670354525248,0.6097325419130372
sgd lr=0.0003,371,0.6074504256248474,0.6096181339296477
sgd lr=0.0003,372,0.607274838288625,0.6094985648534779
sgd lr=0.0003,373,0.6071463386217754,0.6093963236560961
sgd lr=0.0003,374,0.6070711374282837,0.6092717286213338
sgd lr=0.0003,375,0.6069412191708883,0.6091720859328026
sgd lr=0.0003,376,0.6069383303324382,0.6090576758809371
sgd lr=0.0003,377,0.6067000349362691,0.6089619687913717
sgd lr=0.0003,378,0.6066394130388896,0.608845490797332
sgd lr=0.0003,379,0.6066403110822042,0.6087254568535572
sgd lr=0.0003,380,0.6064929803212483,0.6086303755311466
sgd lr=0.0003,381,0.6063572525978088,0.6085057538408946
sgd lr=0.0003,382,0.6062886039415996,0.6083966648621587
sgd lr=0.0003,383,0.6062685410181682,0.6082889013341686
sgd lr=0.0003,384,0.6062639117240906,0.6081833551239622
sgd lr=0.0003,385,0.60592014392217,0.6080841559400026
sgd lr=0.0003,386,0.6059442122777303,0.607965059041513
sgd lr=0.0003,387,0.6058560689290364,0.6078798361099296
sgd lr=0.0003,388,0.6056914091110229,0.6077600275036764
sgd lr=0.0003,389,0.6056025822957357,0.6076401987931782
sgd lr=0.0003,390,0.6055059989293416,0.607526326057963
sgd lr=0.0003,391,0.6054388999938964,0.6074290318021529
sgd lr=0.0003,392,0.6054472724596659,0.6073157637445472
sgd lr=0.0003,393,0.6051672657330831,0.6072264711133424
sgd lr=0.0003,394,0.6051665981610616,0.6071129310292814
sgd lr=0.0003,395,0.6051038146018982,0.6070086263561163
sgd lr=0.0003,396,0.60501070022583,0.6069090395917436
sgd lr=0.0003,397,0.6048841079076132,0.6068080266069104
sgd lr=0.0003,398,0.6046984712282817,0.6067131591128129
sgd lr=0.0003,399,0.6047291994094849,0.6065833776962785
sgd lr=0.0003,400,0.6045610070228576,0.6064975788404374
sgd lr=0.0003,401,0.6045131842295329,0.606376654850042
sgd lr=0.0003,402,0.6043457428614298,0.6062783400869675
sgd lr=0.0003,403,0.6041722377141316,0.6061734280144023
sgd lr=0.0003,404,0.6041419784228007,0.6060588236118372
sgd lr=0.0003,405,0.6041045188903809,0.6059602204831023
sgd lr=0.0003,406,0.603995966911316,0.6058643926861773
sgd lr=0.0003,407,0.6038096189498902,0.6057562857351049
sgd lr=0.0003,408,0.6038046081860861,0.6056516448904345
sgd lr=0.0003,409,0.603726613521576,0.6055481741046026
sgd lr=0.0003,410,0.6037066102027893,0.6054599406162453
sgd lr=0.0003,411,0.6034847180048625,0.605357879453697
sgd lr=0.0003,412,0.6034610589345296,0.605244695446618
sgd lr=0.0003,413,0.6032487273216247,0.605144076219807
sgd lr=0.0003,414,0.6031835754712422,0.6050364369161186
sgd lr=0.0003,415,0.6031241536140441,0.6049330350053805
sgd lr=0.0003,416,0.6030896464983623,0.6048406945805243
sgd lr=0.0003,417,0.6030890862147014,0.6047441001463025
sgd lr=0.0003,418,0.6029261310895284,0.6046390256212242
sgd lr=0.0003,419,0.6027809699376424,0.6045271428511209
sgd lr=0.0003,420,0.6026638627052308,0.6044419874608892
sgd lr=0.0003,421,0.6026726722717285,0.604349820617654
sgd lr=0.0003,422,0.6024310072263082,0.6042478069987081
sgd lr=0.0003,423,0.6024192770322164,0.6041375465379399
sgd lr=0.0003,424,0.6023528178532919,0.6040419793545703
sgd lr=0.0003,425,0.6022612293561299,0.6039299178603371
sgd lr=0.0003,426,0.602194341023763,0.6038548361772065
sgd lr=0.0003,427,0.6021683732668559,0.6037336808946632
sgd lr=0.0003,428,0.6019644618034363,0.603652129148422
sgd lr=0.0003,429,0.6020222584406535,0.6035509284667898
sgd lr=0.0003,430,0.6019231796264648,0.6034599925096217
sgd lr=0.0003,431,0.6017778873443603,0.6033557321401308
sgd lr=0.0003,432,0.6016910513242085,0.6032560625473062
sgd lr=0.0003,433,0.6015204230944315,0.6031646364360098
sgd lr=0.0003,434,0.6015660285949707,0.6030512147805055
sgd lr=0.0003,435,0.6014266014099121,0.6029605217023519
sgd lr=0.0003,436,0.6012200554211934,0.6028359465474807
sgd lr=0.0003,437,0.601205054918925,0.6027682397537404
sgd lr=0.0003,438,0.6010207414627076,0.602688117747723
sgd lr=0.0003,439,0.6009237209955851,0.6025715558364525
sgd lr=0.0003,440,0.6009446899096171,0.6024816925451972
sgd lr=0.0003,441,0.6009236335754394,0.6023657870806413
sgd lr=0.0003,442,0.6007227460543315,0.6022827831321383
sgd lr=0.0003,443,0.6006248752276103,0.6021854162624458
sgd lr=0.0003,444,0.6004970709482829,0.6020973906119633
sgd lr=0.0003,445,0.6005299329757691,0.6019893937659789
sgd lr=0.0003,446,0.6004836082458496,0.6019121386277893
sgd lr=0.0003,447,0.6004283547401428,0.6018038983464112
sgd lr=0.0003,448,0.6003654321034749,0.601711643530883
sgd lr=0.0003,449,0.6001860857009887,0.6016061394794706
sgd lr=0.0003,450,0.6000741799672444,0.6015169381990331
sgd lr=0.0003,451,0.5999280254046122,0.6014300376876618
sgd lr=0.0003,452,0.5998288830121358,0.6013343530038696
sgd lr=0.0003,453,0.5997931400934855,0.6012209359688184
sgd lr=0.0003,454,0.5997913082440695,0.6011506826154898
sgd lr=0.0003,455,0.599477215607961,0.6010484823140002
sgd lr=0.0003,456,0.5995298743247985,0.6009511068766199
sgd lr=0.0003,457,0.5994469086329143,0.6008656199042651
sgd lr=0.0003,458,0.5994669874509175,0.600756702631918
sgd lr=0.0003,459,0.5992150584856669,0.60067158064621
sgd lr=0.0003,460,0.599174424012502,0.6005674171960563
sgd lr=0.0003,461,0.5990929722785949,0.6004672487126997
sgd lr=0.0003,462,0.5990957379341125,0.6003895275811783
sgd lr=0.0003,463,0.5991371989250183,0.6002950318006628
sgd lr=0.0003,464,0.5989661892255147,0.6002040483130572
sgd lr=0.0003,465,0.5989783724149068,0.6001056844880142
sgd lr=0.0003,466,0.5987071832021077,0.6000350806053505
sgd lr=0.0003,467,0.5986264745394388,0.5999192776021366
sgd lr=0.0003,468,0.5985927065213521,0.5998447936977516
sgd lr=0.0003,469,0.5984785159428915,0.5997556605049357
sgd lr=0.0003,470,0.5984720547993978,0.5996490934670374
sgd lr=0.0003,471,0.5983154058456421,0.5995546280721803
sgd lr=0.0003,472,0.5981489380200704,0.5994538315945466
sgd lr=0.0003,473,0.5982602755228679,0.5993710517731275
sgd lr=0.0003,474,0.5980321566263834,0.5992966540595257
sgd lr=0.0003,475,0.5979935208956401,0.5991794290358856
sgd lr=0.0003,476,0.5979759216308593,0.5990990135615858
sgd lr=0.0003,477,0.5978002905845642,0.5989848479933788
sgd lr=0.0003,478,0.5976367076237996,0.5989240781565531
sgd lr=0.0003,479,0.5976438562075297,0.5988229744659604
sgd lr=0.0003,480,0.597662893931071,0.5987344833894958
sgd lr=0.0003,481,0.5975386699040731,0.5986430252469914
sgd lr=0.0003,482,0.5974471688270568,0.5985543324559554
sgd lr=0.0003,483,0.5973609685897827,0.5984544042545773
sgd lr=0.0003,484,0.5972110033035278,0.598373898431149
sgd lr=0.0003,485,0.5971437096595764,0.5982755809161926
sgd lr=0.0003,486,0.5972331563631693,0.5981786999627444
sgd lr=0.0003,487,0.5971477309862773,0.5981090463869722
sgd lr=0.0003,488,0.5968969424565633,0.5980240700609669
sgd lr=0.0003,489,0.5969573616981506,0.597920869096527
sgd lr=0.0003,490,0.5967543482780456,0.5978377711270296
sgd lr=0.0003,491,0.5965871810913086,0.5977436919728096
sgd lr=0.0003,492,0.5964753866195679,0.5976474531502881
sgd lr=0.0003,493,0.5965104937553406,0.597562812581991
sgd lr=0.0003,494,0.5962871313095093,0.5974423457118584
sgd lr=0.0003,495,0.5962939659754435,0.5974034346699862
sgd lr=0.0003,496,0.5963067849477132,0.5973101995775468
sgd lr=0.0003,497,0.5961973031361898,0.5971919652287234
sgd lr=0.0003,498,0.5961454312006632,0.5971122565291035
sgd lr=0.0003,499,0.5961267590522766,0.5970281134590588
sgd lr=0.0003,500,0.5959401607513428,0.5969694551970574
sgd lr=0.001,1,0.8907343586285908,1.1219724778162843
sgd lr=0.001,2,0.810693351427714,0.8554946545895562
sgd lr=0.001,3,0.7775478641192118,0.8057536362289884
sgd lr=0.001,4,0.7583471695582072,0.7812093051097203
sgd lr=0.001,5,0.7451069196065266,0.7646806873089038
sgd lr=0.001,6,0.7343587795893352,0.7523018972427519
sgd lr=0.001,7,0.7254459698994954,0.7422763473730988
sgd lr=0.001,8,0.7173427859942119,0.733800297226466
sgd lr=0.001,9,0.7114522735277812,0.7264081256888509
sgd lr=0.001,10,0.7064153591791789,0.7201566153869888
sgd lr=0.001,11,0.7004975398381551,0.7145581928024923
sgd lr=0.001,12,0.6968005220095317,0.7095926216413414
sgd lr=0.001,13,0.69240669409434,0.7052408654086517
sgd lr=0.001,14,0.6889798680941264,0.7012259855738309
sgd lr=0.001,15,0.6864785989125569,0.6975747399423736
sgd lr=0.001,16,0.6829884211222331,0.6943205016943423
sgd lr=0.001,17,0.6801449100176493,0.6911640907743835
sgd lr=0.001,18,0.6784343957901001,0.68834760225558
sgd lr=0.001,19,0.6753018299738566,0.6857365638162627
sgd lr=0.001,20,0.6724366307258606,0.6832024769615042
sgd lr=0.001,21,0.670494552453359,0.6808021370476769
sgd lr=0.001,22,0.6688323020935059,0.6786410251286212
sgd lr=0.001,23,0.6670258998870849,0.6765428550383302
sgd lr=0.001,24,0.665098508199056,0.6746158003959876
sgd lr=0.001,25,0.6641811013221741,0.6727380783585915
sgd lr=0.001,26,0.6624853610992432,0.6710288767572525
sgd lr=0.001,27,0.6605984727541606,0.6693391976606077
sgd lr=0.001,28,0.6597496628761291,0.6676873973012989
sgd lr=0.001,29,0.6578628063201905,0.6662725659240941
sgd lr=0.001,30,0.6567335526148478,0.6647709884338189
sgd lr=0.001,31,0.6565008878707885,0.6633242730595218
sgd lr=0.001,32,0.6542249838511149,0.6620703167744951
sgd lr=0.001,33,0.6527975161870321,0.6606637731329672
sgd lr=0.001,34,0.6535638292630513,0.659383604873575
sgd lr=0.001,35,0.6513997077941894,0.6582411143059816
sgd lr=0.001,36,0.6502671639124552,0.6569967578756752
sgd lr=0.001,37,0.6489378492037455,0.6558113471821191
sgd lr=0.001,38,0.647880510489146,0.6546828197839242
sgd lr=0.001,39,0.6470783233642579,0.6535495208965444
sgd lr=0.001,40,0.6463153918584188,0.6524805262556698
sgd lr=0.001,41,0.6463651180267334,0.6514984013922619
sgd lr=0.001,42,0.6443078358968098,0.6505347427204755
sgd lr=0.001,43,0.6435522437095642,0.6494800400279127
sgd lr=0.001,44,0.6423473874727885,0.6485307550548469
sgd lr=0.001,45,0.641826872030894,0.6475322677378481
sgd lr=0.001,46,0.6412518660227458,0.6465818875498482
sgd lr=0.001,47,0.6409029364585876,0.645734819754265
sgd lr=0.001,48,0.639322570959727,0.6448538100113548
sgd lr=0.001,49,0.638425616423289,0.6439379635808131
sgd lr=0.001,50,0.6379371881484985,0.6430221535394941
sgd lr=0.001,51,0.6374720772107442,0.6422694938162957
sgd lr=0.001,52,0.6360320965449016,0.6414724042478247
sgd lr=0.001,53,0.6352257331212362,0.6406562834959296
sgd lr=0.001,54,0.6346344431241353,0.6398383738185515
sgd lr=0.001,55,0.6346092621485392,0.6390529317021548
sgd lr=0.001,56,0.6338546911875407,0.638330517932708
sgd lr=0.001,57,0.6325842062632243,0.6376072354063254
sgd lr=0.001,58,0.6324749191602071,0.6368700287912306
sgd lr=0.001,59,0.6316881815592448,0.6362074980774239
sgd lr=0.001,60,0.6311744848887125,0.6354620715245651
sgd lr=0.001,61,0.6303370157877605,0.6348040890254516
sgd lr=0.001,62,0.630194115638733,0.6341015454107335
sgd lr=0.001,63,0.6295077959696452,0.6334193800067184
sgd lr=0.001,64,0.6297145366668702,0.632834772307329
sgd lr=0.001,65,0.6283819278081259,0.6322289850847171
sgd lr=0.001,66,0.6271253824234009,0.6315365959199929
sgd lr=0.001,67,0.6268987973531087,0.6309484174624502
sgd lr=0.001,68,0.6265468796094259,0.6303102963402076
sgd lr=0.001,69,0.6257449189821879,0.6297613453872574
sgd lr=0.001,70,0.6249584913253784,0.6291400586619015
sgd lr=0.001,71,0.6244412978490194,0.6286065718320263
sgd lr=0.001,72,0.6239551266034444,0.6279587326417705
sgd lr=0.001,73,0.6234154343605042,0.6274182812821708
sgd lr=0.001,74,0.6233243187268575,0.6268821233901376
sgd lr=0.001,75,0.6227033893267314,0.6263064926004484
sgd lr=0.001,76,0.6220229387283325,0.6257573275213654
sgd lr=0.001,77,0.6215204993883768,0.6252143444867254
sgd lr=0.001,78,0.6212434768676758,0.6246841721767029
sgd lr=0.001,79,0.6210914174715678,0.6241652928909274
sgd lr=0.001,80,0.6203032692273458,0.62367201109757
sgd lr=0.001,81,0.6199953953425089,0.6232044445721081
sgd lr=0.001,82,0.6195337533950805,0.6226562754246385
sgd lr=0.001,83,0.619963276386261,0.6221429977733016
sgd lr=0.001,84,0.6182352821032207,0.6216920874192216
sgd lr=0.001,85,0.6180552283922831,0.6211632495176463
sgd lr=0.001,86,0.6182099024454752,0.6207382159227326
sgd lr=0.001,87,0.6175437688827514,0.6202683281617645
sgd lr=0.001,88,0.6171412905057271,0.6198064184007668
sgd lr=0.001,89,0.6162297368049622,0.619306422822801
sgd lr=0.001,90,0.6165064414342244,0.6188139178043178
sgd lr=0.001,91,0.6159172217051189,0.6183876855905751
sgd lr=0.001,92,0.6152972539265951,0.6179251065892025
sgd lr=0.001,93,0.6145297765731812,0.6174871343411397
sgd lr=0.001,94,0.6146348237991333,0.6170507973878271
sgd lr=0.001,95,0.6139125943183898,0.6166462838613703
sgd lr=0.001,96,0.6142770449320475,0.6161675469156462
sgd lr=0.001,97,0.6129752159118652,0.6157831540394473
sgd lr=0.001,98,0.6132630308469137,0.6153396716403038
sgd lr=0.001,99,0.612157146135966,0.614918851592878
sgd lr=0.001,100,0.6126816670099894,0.6144582766988307
sgd lr=0.001,101,0.6118507703145345,0.6141032994668413
sgd lr=0.001,102,0.6112829009691875,0.6137373659210532
sgd lr=0.001,103,0.610707954565684,0.6132437861963136
sgd lr=0.001,104,0.6109777569770813,0.6128688902392389
sgd lr=0.001,105,0.6102542837460836,0.612511666313322
sgd lr=0.001,106,0.6107121745745341,0.6120937552435411
sgd lr=0.001,107,0.6095857659975688,0.6117246852681895
sgd lr=0.001,108,0.6089238007863362,0.6112917899290846
sgd lr=0.001,109,0.6088541865348815,0.6109168670426404
sgd lr=0.001,110,0.6087427496910095,0.6105499597293793
sgd lr=0.001,111,0.6083629329999288,0.6101742184135339
sgd lr=0.001,112,0.608003048102061,0.6098473397542323
sgd lr=0.001,113,0.6081151843070984,0.6094442899555453
sgd lr=0.001,114,0.6074006994565327,0.6091024205298238
sgd lr=0.001,115,0.607369597752889,0.608726048544968
sgd lr=0.001,116,0.6067089557647705,0.6083476603247441
sgd lr=0.001,117,0.6066191474596659,0.6080304556115057
sgd lr=0.001,118,0.6067712744077046,0.6076272648542047
sgd lr=0.001,119,0.6056550701459249,0.6073056015427052
sgd lr=0.001,120,0.60561470190684,0.6069282869200154
sgd lr=0.001,121,0.6047688444455465,0.6065911005405362
sgd lr=0.001,122,0.6049192587534586,0.6062321066586815
sgd lr=0.001,123,0.6048257072766622,0.6058891735014746
sgd lr=0.001,124,0.6047145605087281,0.6055805839262196
sgd lr=0.001,125,0.6038092692693074,0.6052008783128322
sgd lr=0.001,126,0.6032191514968872,0.6048702822566042
sgd lr=0.001,127,0.6029379566510519,0.6045192303262988
sgd lr=0.001,128,0.6028562943140666,0.6042414914149258
sgd lr=0.001,129,0.6024281263351441,0.6038685160067708
sgd lr=0.001,130,0.6028282006581624,0.6035311236953677
sgd lr=0.001,131,0.6022752245267232,0.6032244344830547
sgd lr=0.001,132,0.601352592309316,0.6029300331353157
sgd lr=0.001,133,0.6014712492624918,0.602595695440651
sgd lr=0.001,134,0.6004594961802164,0.6022953116559314
sgd lr=0.001,135,0.6007197380065918,0.6019423976641263
sgd lr=0.001,136,0.6002002398173014,0.6016176540583715
sgd lr=0.001,137,0.600974973042806,0.6013230467526135
sgd lr=0.001,138,0.6004166563351949,0.6010517966076182
sgd lr=0.001,139,0.5993324955304463,0.6007521573543574
sgd lr=0.001,140,0.5991911093393961,0.6003819850427341
sgd lr=0.001,141,0.5992366075515747,0.6000621234353325
sgd lr=0.001,142,0.5984488447507222,0.5997438340992052
sgd lr=0.001,143,0.5988460342089336,0.5994329602150815
sgd lr=0.001,144,0.5987637678782145,0.599153404189245
sgd lr=0.001,145,0.597733449935913,0.5988873719882258
sgd lr=0.001,146,0.5974693298339844,0.5984722258779402
sgd lr=0.001,147,0.5979332208633423,0.5982256357752144
sgd lr=0.001,148,0.5968838453292846,0.5979614578399634
sgd lr=0.001,149,0.596913464864095,0.5976598259906233
sgd lr=0.001,150,0.5980096141497294,0.5973895213906205
sgd lr=0.001,151,0.5963911215464274,0.5971524383179134
sgd lr=0.001,152,0.596335212389628,0.5967920628172879
sgd lr=0.001,153,0.5972658713658651,0.596469115249734
sgd lr=0.001,154,0.5960060238838196,0.5962973386691849
sgd lr=0.001,155,0.5956834475199382,0.5959262676112504
sgd lr=0.001,156,0.5957085688908895,0.5956274132957272
sgd lr=0.001,157,0.5951360702514649,0.5953733786854767
sgd lr=0.001,158,0.5941423773765564,0.5950740056606538
sgd lr=0.001,159,0.5949225664138794,0.5947514020318515
sgd lr=0.001,160,0.5941381176312764,0.5944819588822747
sgd lr=0.001,161,0.5944798350334167,0.5941972679744364
sgd lr=0.001,162,0.593623948097229,0.5939539998723526
sgd lr=0.001,163,0.5930149555206299,0.5936139356595994
sgd lr=0.001,164,0.5936745723088582,0.59327967827777
sgd lr=0.001,165,0.5924083590507507,0.5930514138582481
sgd lr=0.001,166,0.592722459634145,0.5927671985035864
sgd lr=0.001,167,0.5923490524291992,0.5924400848193823
sgd lr=0.001,168,0.5924281597137451,0.5921871840077725
sgd lr=0.001,169,0.5921098828315735,0.5919051788926566
sgd lr=0.001,170,0.5925670782725017,0.5916413571046011
sgd lr=0.001,171,0.5917184670766195,0.5914128443036334
sgd lr=0.001,172,0.5913951396942139,0.5911157946581781
sgd lr=0.001,173,0.5912941376368205,0.5907831153622534
sgd lr=0.001,174,0.5910602609316508,0.5905423148337692
sgd lr=0.001,175,0.5906219085057577,0.5902895499531449
sgd lr=0.001,176,0.5898131489753723,0.5899676985153376
sgd lr=0.001,177,0.5900662144025167,0.5896960578345377
sgd lr=0.001,178,0.5896689653396606,0.5894038052253094
sgd lr=0.001,179,0.5905478874842326,0.5891589521894711
sgd lr=0.001,180,0.5894966801007588,0.588926211883191
sgd lr=0.001,181,0.5890027642250061,0.5886440178719268
sgd lr=0.001,182,0.588999887307485,0.5883719365399954
sgd lr=0.001,183,0.5882493098576863,0.5881043835753869
sgd lr=0.001,184,0.5879315773646037,0.5877924153216334
sgd lr=0.001,185,0.588133696715037,0.5875762637970164
sgd lr=0.001,186,0.5877387603123982,0.587256048211749
sgd lr=0.001,187,0.5877820253372192,0.5870042806841685
sgd lr=0.001,188,0.5874087293942769,0.5867545737229797
sgd lr=0.001,189,0.5870023330052694,0.5864618206665337
sgd lr=0.001,190,0.5869268218676249,0.5862251772482563
sgd lr=0.001,191,0.5870961467425029,0.5859388597946878
sgd lr=0.001,192,0.5866800864537557,0.5857336652381242
sgd lr=0.001,193,0.5863842765490214,0.5854450611493178
sgd lr=0.001,194,0.5858923196792603,0.585212744737445
sgd lr=0.001,195,0.5865354537963867,0.5849582068147036
sgd lr=0.001,196,0.5852382977803549,0.5847692209115767
sgd lr=0.001,197,0.5853004177411397,0.5844105386728681
sgd lr=0.001,198,0.5860776742299397,0.5841624725645771
sgd lr=0.001,199,0.5856701771418253,0.5840007724250659
sgd lr=0.001,200,0.585002581278483,0.5836901341693199
sgd lr=0.001,201,0.5845860679944356,0.5833816440760367
sgd lr=0.001,202,0.5838630000750223,0.5831943868579874
sgd lr=0.001,203,0.5853903770446778,0.5829493814208568
sgd lr=0.001,204,0.5833608428637187,0.5827535060377308
sgd lr=0.001,205,0.5833690285682678,0.5824361652736111
sgd lr=0.001,206,0.583054800828298,0.5822276295121621
sgd lr=0.001,207,0.5830579042434693,0.5819554910951991
sgd lr=0.001,208,0.58245370388031,0.581737421898886
sgd lr=0.001,209,0.5824221054712931,0.5814876498007254
sgd lr=0.001,210,0.5827186107635498,0.5812305664177531
sgd lr=0.001,211,0.5824827631314595,0.5810096050085514
sgd lr=0.001,212,0.5834732532501221,0.5807379867933942
sgd lr=0.001,213,0.5825551271438598,0.5805360916731708
sgd lr=0.001,214,0.582652751604716,0.5803092219289104
sgd lr=0.001,215,0.5809194405873617,0.5800860150070677
sgd lr=0.001,216,0.5834149479866028,0.5797376897075451
sgd lr=0.001,217,0.5804041266441345,0.5796537171457152
sgd lr=0.001,218,0.580615222454071,0.57928753667208
sgd lr=0.001,219,0.5804441809654236,0.5790680652732856
sgd lr=0.001,220,0.5806828459103902,0.5788196645340715
sgd lr=0.001,221,0.5797956387201945,0.5785937856909749
sgd lr=0.001,222,0.5808513045310975,0.5783039893020021
sgd lr=0.001,223,0.5797659118970235,0.578184689015494
sgd lr=0.001,224,0.5804272651672363,0.5778625617471664
sgd lr=0.001,225,0.5792643984158834,0.5776978162744919
sgd lr=0.001,226,0.5789541403452555,0.5774476176986799
sgd lr=0.001,227,0.5786966800689697,0.5771746234142013
sgd lr=0.001,228,0.5790660301844279,0.5769628129734744
sgd lr=0.001,229,0.5781883716583252,0.5767439323339602
sgd lr=0.001,230,0.578415064016978,0.5765069448525685
sgd lr=0.001,231,0.5804164449373881,0.5763120782953343
sgd lr=0.001,232,0.5800934274991353,0.5762049042110624
sgd lr=0.001,233,0.5776820421218872,0.5758885273710921
sgd lr=0.001,234,0.5775361061096191,0.5756251119925684
sgd lr=0.001,235,0.5767268856366475,0.5753753090651743
sgd lr=0.001,236,0.5775104522705078,0.575095640411228
sgd lr=0.001,237,0.577617084980011,0.574925670483415
sgd lr=0.001,238,0.5771008809407552,0.574710762197262
sgd lr=0.001,239,0.5771566987037658,0.5745198036485522
sgd lr=0.001,240,0.5761182030042012,0.5743038563007972
sgd lr=0.001,241,0.5771554231643676,0.5740456545429105
sgd lr=0.001,242,0.5753503839174906,0.573874055261456
sgd lr=0.001,243,0.5760664900143941,0.5735999676003664
sgd lr=0.001,244,0.576657243569692,0.5734036767612214
sgd lr=0.001,245,0.5750896016756694,0.5731724281938458
sgd lr=0.001,246,0.5747543772061666,0.572904506080915
sgd lr=0.001,247,0.5749173959096273,0.5727277071598041
sgd lr=0.001,248,0.5746508558591207,0.5725420105736593
sgd lr=0.001,249,0.57476247549057,0.5723030837627362
sgd lr=0.001,250,0.5744590838750203,0.5720882056009785
sgd lr=0.001,251,0.5743996858596802,0.5718932768965259
sgd lr=0.001,252,0.5750677903493245,0.5716735707388723
sgd lr=0.001,253,0.5760783394177754,0.5714559127141856
sgd lr=0.001,254,0.5739569465319315,0.5713939558906129
sgd lr=0.001,255,0.5733655134836833,0.5709938228224376
sgd lr=0.001,256,0.5743374188741048,0.5708430324849315
sgd lr=0.001,257,0.5727741718292236,0.5706617697029197
sgd lr=0.001,258,0.5725484212239583,0.5703493620382113
sgd lr=0.001,259,0.5738829334576925,0.5701726697873318
sgd lr=0.001,260,0.5724608023961385,0.5700122944308332
sgd lr=0.001,261,0.5719915270805359,0.5697821630758534
sgd lr=0.001,262,0.5727255423863729,0.5695430072961738
sgd lr=0.001,263,0.5733713666598003,0.5693675190499502
sgd lr=0.001,264,0.5727099259694417,0.5691597189101384
sgd lr=0.001,265,0.571557895342509,0.568979689641713
sgd lr=0.001,266,0.5714409033457438,0.568699129194782
sgd lr=0.001,267,0.572365923722585,0.5684864336170088
sgd lr=0.001,268,0.5713110168774923,0.5683374818977
sgd lr=0.001,269,0.5708681384722392,0.568132313037852
sgd lr=0.001,270,0.5716387589772542,0.5678338193629505
sgd lr=0.001,271,0.5707680583000183,0.5677177026633168
sgd lr=0.001,272,0.5705603877703349,0.5674876994822241
sgd lr=0.001,273,0.5705309589703877,0.5672892411053063
sgd lr=0.001,274,0.570230499903361,0.5670976099772425
sgd lr=0.001,275,0.5704063614209492,0.5668892937477354
sgd lr=0.001,276,0.5700631221135457,0.5667098883705666
sgd lr=0.001,277,0.569148854414622,0.5665275398638788
sgd lr=0.001,278,0.5700165629386902,0.5662345657047781
sgd lr=0.001,279,0.5704543232917786,0.5661460688469089
sgd lr=0.001,280,0.568467648824056,0.5659518909361564
sgd lr=0.001,281,0.5692307353019714,0.5656793411024859
sgd lr=0.001,282,0.5696571826934814,0.5654803813787405
sgd lr=0.001,283,0.569930899143219,0.5653517090723524
sgd lr=0.001,284,0.5678902228673299,0.5651430521337563
sgd lr=0.001,285,0.5691783666610718,0.5648917119429234
sgd lr=0.001,286,0.5691328207651775,0.5647470048354647
sgd lr=0.001,287,0.5673205176989238,0.5645548504975438
sgd lr=0.001,288,0.5675338625907898,0.5643108826662224
sgd lr=0.001,289,0.5667158404986063,0.5641220382543054
sgd lr=0.001,290,0.5669562300046285,0.56390256244801
sgd lr=0.001,291,0.5668846607208252,0.5637352734624701
sgd lr=0.001,292,0.5670665343602498,0.5634913124912233
sgd lr=0.001,293,0.5689257502555847,0.5632892984737528
sgd lr=0.001,294,0.5669820149739583,0.563184441238409
sgd lr=0.001,295,0.5660180966059367,0.5629539628708404
sgd lr=0.001,296,0.5655924479166666,0.5627396634386659
sgd lr=0.001,297,0.5657477935155233,0.5625647621456201
sgd lr=0.001,298,0.5659633080164591,0.5623552411780557
sgd lr=0.001,299,0.565584413210551,0.5621881320974232
sgd lr=0.001,300,0.5664700309435526,0.5619927044685074
sgd lr=0.001,301,0.5657659689585368,0.5618527950124271
sgd lr=0.001,302,0.5647921522458395,0.561631213783174
sgd lr=0.001,303,0.5654090046882629,0.5614056540452059
sgd lr=0.001,304,0.564779806137085,0.5612502298977056
sgd lr=0.001,305,0.5647190491358439,0.5610456367775698
sgd lr=0.001,306,0.5657195687294007,0.5608731553431411
sgd lr=0.001,307,0.5653948783874512,0.5607142073276189
sgd lr=0.001,308,0.5640970865885416,0.5605131350868096
sgd lr=0.001,309,0.564317258199056,0.5603279383350035
sgd lr=0.001,310,0.5640257159868877,0.560125572599036
sgd lr=0.001,311,0.563867739836375,0.5598710240787637
sgd lr=0.001,312,0.5661749283472697,0.5597549002747191
sgd lr=0.001,313,0.5632451375325521,0.5596272283517597
sgd lr=0.001,314,0.5630131045977275,0.5593562285726807
sgd lr=0.001,315,0.5627959410349528,0.5591851346004909
sgd lr=0.001,316,0.5626344760258992,0.5590054814305407
sgd lr=0.001,317,0.5638675729433695,0.5588228933023982
sgd lr=0.001,318,0.5626420418421427,0.55867256008586
sgd lr=0.001,319,0.5626294334729512,0.5584578613662747
sgd lr=0.001,320,0.5630184014638265,0.5582715639695108
sgd lr=0.001,321,0.5620419104894002,0.5580664795068684
sgd lr=0.001,322,0.5619202891985575,0.5579055353553642
sgd lr=0.001,323,0.5613766789436341,0.557718451159971
sgd lr=0.001,324,0.5626254479090372,0.5575303581247372
sgd lr=0.001,325,0.5615931669871013,0.5573521905357126
sgd lr=0.001,326,0.5609387516975403,0.5572084703299146
sgd lr=0.001,327,0.5623100956281026,0.5569715127053863
sgd lr=0.001,328,0.5604815721511841,0.5568388570944531
sgd lr=0.001,329,0.561922013759613,0.5566313765514207
sgd lr=0.001,330,0.560728148619334,0.5564841409670038
sgd lr=0.001,331,0.5606475035349529,0.5562821118194728
sgd lr=0.001,332,0.5604405721028646,0.5561113809623807
sgd lr=0.001,333,0.5599815527598063,0.555953510044565
sgd lr=0.001,334,0.5601585666338603,0.5557459500618598
sgd lr=0.001,335,0.5606884121894836,0.5556031189898682
sgd lr=0.001,336,0.5604040463765462,0.5554402741097009
sgd lr=0.001,337,0.5597435275713603,0.5552594962250547
sgd lr=0.001,338,0.5600312550862631,0.5550573789680169
sgd lr=0.001,339,0.5595545530319214,0.5548737916710758
sgd lr=0.001,340,0.5589227795600891,0.5547237598209329
sgd lr=0.001,341,0.5593770305315654,0.5545006483682767
sgd lr=0.001,342,0.5582753181457519,0.5544010812317005
sgd lr=0.001,343,0.5590575337409973,0.5541542657269206
sgd lr=0.001,344,0.5587085922559102,0.5540209757496037
sgd lr=0.001,345,0.558675483862559,0.5538614999739848
sgd lr=0.001,346,0.5586100578308105,0.5536461091456732
sgd lr=0.001,347,0.5580951611200968,0.553492801383403
sgd lr=0.001,348,0.5588491598765055,0.5533068939478842
sgd lr=0.001,349,0.5594592809677124,0.5532037069831933
sgd lr=0.001,350,0.5580621759096781,0.5530202753063143
sgd lr=0.001,351,0.5601761658986409,0.5528079821691315
sgd lr=0.001,352,0.5583195209503173,0.5527551894454394
sgd lr=0.001,353,0.5568380316098531,0.5524964948568891
sgd lr=0.001,354,0.5571056326230367,0.5523027841950826
sgd lr=0.001,355,0.5580351273218791,0.5521608869769158
sgd lr=0.001,356,0.5583678841590881,0.5519848766509506
sgd lr=0.001,357,0.5572266896565755,0.5518654781414938
sgd lr=0.001,358,0.555863090356191,0.5516539104851969
sgd lr=0.001,359,0.5559521396954854,0.551477890389021
sgd lr=0.001,360,0.5558939099311828,0.55128631651541
sgd lr=0.001,361,0.5573203444480896,0.5511465617051016
sgd lr=0.001,362,0.556688133875529,0.5509935204694021
sgd lr=0.001,363,0.5556665380795797,0.5508492221344793
sgd lr=0.001,364,0.5558452685674031,0.5506415909639851
sgd lr=0.001,365,0.5576479276021321,0.5504535848776989
sgd lr=0.001,366,0.5564485907554626,0.5503831495755929
sgd lr=0.001,367,0.5544655084609985,0.550162282440734
sgd lr=0.001,368,0.5550859133402507,0.5499616695348891
sgd lr=0.001,369,0.5557974735895793,0.5497876286323283
sgd lr=0.001,370,0.5543745835622151,0.5496764244263361
sgd lr=0.001,371,0.5549314379692077,0.5494673652443113
sgd lr=0.001,372,0.5554083784421285,0.5492973151436983
sgd lr=0.001,373,0.553896947701772,0.5491920941632558
sgd lr=0.001,374,0.5538552006085714,0.548945434556414
sgd lr=0.001,375,0.5541443188985189,0.5488279443171808
sgd lr=0.001,376,0.5557442148526509,0.5486490976797603
sgd lr=0.001,377,0.5539952516555786,0.5485623869231635
sgd lr=0.001,378,0.5531942447026571,0.5483767807016628
sgd lr=0.001,379,0.5545263528823853,0.5481673644684836
sgd lr=0.001,380,0.5541477680206299,0.5480550041123439
sgd lr=0.001,381,0.5529112537701925,0.5478540533462269
sgd lr=0.001,382,0.5533496379852295,0.5476410810167736
sgd lr=0.001,383,0.5532266775767009,0.5475076836952231
sgd lr=0.001,384,0.5536484162012736,0.5473604649496158
sgd lr=0.001,385,0.5530742247899373,0.5472408820935452
sgd lr=0.001,386,0.5529558022816976,0.5470560224840473
sgd lr=0.001,387,0.5531940976778666,0.5469268987294059
sgd lr=0.001,388,0.5522555390993754,0.5467134742179058
sgd lr=0.001,389,0.552014414469401,0.5465584143920618
sgd lr=0.001,390,0.5523045937220256,0.5463864898318662
sgd lr=0.001,391,0.5515478253364563,0.5463088597969016
sgd lr=0.001,392,0.5520533680915832,0.5460746143415339
sgd lr=0.001,393,0.5506611903508504,0.5459625593529384
sgd lr=0.001,394,0.5518158276875814,0.5457738824179502
sgd lr=0.001,395,0.5521596272786459,0.5456373356295837
sgd lr=0.001,396,0.5516200423240661,0.5455050386128163
sgd lr=0.001,397,0.5524828314781189,0.5453595932877031
sgd lr=0.001,398,0.550469982624054,0.5452611905808596
sgd lr=0.001,399,0.552596910794576,0.5449928491882151
sgd lr=0.001,400,0.5512828588485718,0.544929432680729
sgd lr=0.001,401,0.5514115850130717,0.5447248166830734
sgd lr=0.001,402,0.5503932436307272,0.544524550092698
sgd lr=0.001,403,0.5496251463890076,0.5443684346687282
sgd lr=0.001,404,0.5501905123392741,0.544191121955454
sgd lr=0.001,405,0.5500234723091125,0.544100669590355
sgd lr=0.001,406,0.5500909090042114,0.543938570034839
sgd lr=0.001,407,0.5500054597854614,0.5437906755257444
sgd lr=0.001,408,0.5500489155451457,0.5436183372055847
sgd lr=0.001,409,0.5506377855936686,0.5434560407506831
sgd lr=0.001,410,0.5511000037193299,0.5433227408833773
sgd lr=0.001,411,0.5489075541496277,0.543173204250764
sgd lr=0.001,412,0.5493961135546367,0.5429914309444925
sgd lr=0.001,413,0.5490799228350322,0.5428507056216457
sgd lr=0.001,414,0.5478270053863525,0.5426971677184615
sgd lr=0.001,415,0.548598066965739,0.5425364640995416
sgd lr=0.001,416,0.5492521444956462,0.5424226101954822
sgd lr=0.001,417,0.5489437063535054,0.5422882085306128
sgd lr=0.001,418,0.5480889161427815,0.5420933317694273
sgd lr=0.001,419,0.5481697956720988,0.5419182190483344
sgd lr=0.001,420,0.5480902353922527,0.5418253008406405
sgd lr=0.001,421,0.5481752157211304,0.5416889566143438
sgd lr=0.001,422,0.5468811869621277,0.541550513824733
sgd lr=0.001,423,0.5477182706197102,0.5413533013194407
sgd lr=0.001,424,0.5473352750142415,0.5412365455458302
sgd lr=0.001,425,0.5499372005462646,0.5410333476813923
sgd lr=0.001,426,0.5470921158790588,0.5410309241039698
sgd lr=0.001,427,0.5481746633847554,0.5407450586567575
sgd lr=0.001,428,0.5470209081967672,0.5406554646274594
sgd lr=0.001,429,0.5492300589879354,0.5404780320145939
sgd lr=0.001,430,0.5475684722264608,0.5403939433443076
sgd lr=0.001,431,0.546524437268575,0.5402258842783277
sgd lr=0.001,432,0.5464452942212422,0.5400546612648286
sgd lr=0.001,433,0.5464529792467753,0.5399246853651606
sgd lr=0.001,434,0.5470838069915771,0.5397391188410648
sgd lr=0.001,435,0.5463927904764811,0.5395912775497371
sgd lr=0.001,436,0.5461941639582316,0.53942126733703
sgd lr=0.001,437,0.5463513294855754,0.5393646743066186
sgd lr=0.001,438,0.5451968669891357,0.5392179534495517
sgd lr=0.001,439,0.5456411878267924,0.5390019669767177
sgd lr=0.001,440,0.5457499702771504,0.5389028823703887
sgd lr=0.001,441,0.5457906643549602,0.5387048883486194
sgd lr=0.001,442,0.5453224420547486,0.5385975599222331
sgd lr=0.001,443,0.5447827696800231,0.5384335922850793
sgd lr=0.001,444,0.5446411490440368,0.5383362594201336
sgd lr=0.001,445,0.5459402680397034,0.5381535097673374
sgd lr=0.001,446,0.5454426010449728,0.538108372872839
sgd lr=0.001,447,0.5456676006317138,0.53790858773073
sgd lr=0.001,448,0.5450550158818562,0.5377598471790086
sgd lr=0.001,449,0.544266136487325,0.5376051636213747
sgd lr=0.001,450,0.5448436617851258,0.5374528082774931
sgd lr=0.001,451,0.5443164269129436,0.537363496870927
sgd lr=0.001,452,0.543483293056488,0.5371807094827062
sgd lr=0.001,453,0.5456972559293111,0.5370140090433122
sgd lr=0.001,454,0.5448222915331523,0.5369836976445824
sgd lr=0.001,455,0.543079157670339,0.5367869233407084
sgd lr=0.001,456,0.5442445278167725,0.5366246520109411
sgd lr=0.001,457,0.5436614036560059,0.5365245660697755
sgd lr=0.001,458,0.5439042806625366,0.5363561572123092
sgd lr=0.001,459,0.5422999660174052,0.5362113287153392
sgd lr=0.001,460,0.543062158425649,0.5360269576283685
sgd lr=0.001,461,0.5426762342453003,0.5359021370034024
sgd lr=0.001,462,0.5436020175615947,0.5358024206977041
sgd lr=0.001,463,0.5450222174326579,0.5356570786623107
sgd lr=0.001,464,0.5431570132573446,0.5355503996725772
sgd lr=0.001,465,0.5431548476219177,0.5353885977574807
sgd lr=0.001,466,0.5421454310417175,0.5352574838038914
sgd lr=0.001,467,0.5418343901634216,0.5350885043004803
sgd lr=0.001,468,0.5427349050839742,0.5350182532808087
sgd lr=0.001,469,0.5412421822547913,0.5348912264665006
sgd lr=0.001,470,0.5425577720006307,0.534670361852587
sgd lr=0.001,471,0.5417531212170918,0.5345478902648361
sgd lr=0.001,472,0.5417279601097107,0.5344088953813061
sgd lr=0.001,473,0.5429474830627441,0.5342945449607289
sgd lr=0.001,474,0.5410924196243286,0.5342471534460576
sgd lr=0.001,475,0.541621454556783,0.5339913091829342
sgd lr=0.001,476,0.5421102086702982,0.5339164365624176
sgd lr=0.001,477,0.5414263486862183,0.5337289413966738
sgd lr=0.001,478,0.5404202143351237,0.5336709827905619
sgd lr=0.001,479,0.5408711194992065,0.5334967168250251
sgd lr=0.001,480,0.5408937970797221,0.533350098324607
sgd lr=0.001,481,0.5418354868888855,0.5332166493532989
sgd lr=0.001,482,0.5408054312070211,0.5331733094989535
sgd lr=0.001,483,0.540537150700887,0.5329601065540968
sgd lr=0.001,484,0.5400662382443746,0.5328870939512099
sgd lr=0.001,485,0.5398492336273193,0.5326887853362321
sgd lr=0.001,486,0.541118061542511,0.5325235338619928
sgd lr=0.001,487,0.5418153524398803,0.5324945921502122
sgd lr=0.001,488,0.5392380197842915,0.5323824250405952
sgd lr=0.001,489,0.5407960772514343,0.5321869107093409
sgd lr=0.001,490,0.5404982844988505,0.5321188584185177
sgd lr=0.001,491,0.5391430934270223,0.531961979249795
sgd lr=0.001,492,0.5386408925056457,0.5317965202627317
sgd lr=0.001,493,0.5390610893567404,0.5317221872404106
sgd lr=0.001,494,0.5389163414637248,0.5314800743269966
sgd lr=0.001,495,0.5391409039497376,0.5315004082230546
sgd lr=0.001,496,0.5399896820386251,0.531343205956518
sgd lr=0.001,497,0.5392785628636678,0.5311332013861486
sgd lr=0.001,498,0.539543871084849,0.5310270939040423
sgd lr=0.001,499,0.5408665935198466,0.5309541757449197
sgd lr=0.001,500,0.5401274998982747,0.5309276076643427
sgd lr=0.003,1,0.7855277260144552,0.9326646172797531
sgd lr=0.003,2,0.7447516798973084,0.7671663813737888
sgd lr=0.003,3,0.7185840884844462,0.735006518021944
sgd lr=0.003,4,0.6998825112978617,0.7155866039123396
sgd lr=0.003,5,0.6951940695444743,0.7019517524684652
sgd lr=0.003,6,0.6845037817955018,0.6921095617499674
sgd lr=0.003,7,0.6760226368904114,0.6841803133598977
sgd lr=0.003,8,0.6676780502001445,0.6774640209681543
sgd lr=0.003,9,0.6681956092516581,0.6716766063229046
sgd lr=0.003,10,0.6661021510759989,0.6671351970188724
sgd lr=0.003,11,0.6568493843078613,0.662883565117968
sgd lr=0.003,12,0.6587420026461284,0.6588921429855091
sgd lr=0.003,13,0.6510778943697612,0.6556397538174024
sgd lr=0.003,14,0.6486331899960835,0.6523171901154339
sgd lr=0.003,15,0.6519194126129151,0.6493431731786996
sgd lr=0.003,16,0.6454323053359985,0.6467275952465957
sgd lr=0.003,17,0.6421069423357646,0.6439929623426845
sgd lr=0.003,18,0.6467868010203044,0.6415600142014781
sgd lr=0.003,19,0.6396823128064474,0.6394026359027329
sgd lr=0.003,20,0.6345055818557739,0.6371494623087635
sgd lr=0.003,21,0.6322001377741496,0.6350062879283619
sgd lr=0.003,22,0.6347540020942688,0.6331097701892234
sgd lr=0.003,23,0.6324193755785624,0.6312288281427395
sgd lr=0.003,24,0.6282073855400085,0.6294795280994936
sgd lr=0.003,25,0.633390752474467,0.6278598872181406
sgd lr=0.003,26,0.6294499317804972,0.6263243993308311
sgd lr=0.003,27,0.6228805979092916,0.6247271258531802
sgd lr=0.003,28,0.6266848087310791,0.6230130499909959
sgd lr=0.003,29,0.6220472772916158,0.621799284317069
sgd lr=0.003,30,0.6218904773394267,0.6203091428636335
sgd lr=0.003,31,0.6304575125376384,0.618884524252829
sgd lr=0.003,32,0.6213317473729452,0.6177727489935534
sgd lr=0.003,33,0.6149395545323689,0.6163006582082498
sgd lr=0.003,34,0.631131112575531,0.6149572888994439
sgd lr=0.003,35,0.6192806482315063,0.6140373259817271
sgd lr=0.003,36,0.6163963476816813,0.6126917031383925
sgd lr=0.003,37,0.6133085648218791,0.6115542942987046
sgd lr=0.003,38,0.6133238633473714,0.6104046669763901
sgd lr=0.003,39,0.6114777088165283,0.6092657562624141
sgd lr=0.003,40,0.6153594573338826,0.6080915230291165
sgd lr=0.003,41,0.6230911811192831,0.607303422136115
sgd lr=0.003,42,0.6130191882451376,0.6064583074954542
sgd lr=0.003,43,0.6122461398442586,0.6052206484687053
sgd lr=0.003,44,0.6080996513366699,0.6043043077689468
sgd lr=0.003,45,0.6078768134117126,0.6032340472898859
sgd lr=0.003,46,0.6085000117619832,0.6022682421916177
sgd lr=0.003,47,0.6124944647153219,0.6014376901628304
sgd lr=0.003,48,0.605263864994049,0.6006149904902405
sgd lr=0.003,49,0.6025276064872742,0.5996086282673179
sgd lr=0.003,50,0.6055423418680826,0.5985282671233405
sgd lr=0.003,51,0.6097811142603556,0.5978542314436862
sgd lr=0.003,52,0.6020529270172119,0.5971434791285705
sgd lr=0.003,53,0.598814864953359,0.5961027571325979
sgd lr=0.003,54,0.5997368892033895,0.5951337004500294
sgd lr=0.003,55,0.6028837323188782,0.5943298012869228
sgd lr=0.003,56,0.6050228317578633,0.5934909798632958
sgd lr=0.003,57,0.5960685928662618,0.5927093553271484
sgd lr=0.003,58,0.5998980164527893,0.5917868522329989
sgd lr=0.003,59,0.5972691059112549,0.5910846351240725
sgd lr=0.003,60,0.5964333971341451,0.5901495345899345
sgd lr=0.003,61,0.5932101130485534,0.5893567880742296
sgd lr=0.003,62,0.5997468630472819,0.5884921435269966
sgd lr=0.003,63,0.593175184726715,0.5877511174348705
sgd lr=0.003,64,0.6009309689203898,0.5869783557192306
sgd lr=0.003,65,0.5957911173502605,0.5864656988569064
sgd lr=0.003,66,0.5888466437657675,0.5855328997085926
sgd lr=0.003,67,0.5906375209490459,0.5847534174850921
sgd lr=0.003,68,0.5907922665278117,0.5839777528558678
sgd lr=0.003,69,0.5884787837664286,0.583320242870221
sgd lr=0.003,70,0.586049513022105,0.5825361102088313
sgd lr=0.003,71,0.5882333914438883,0.5819056756506272
sgd lr=0.003,72,0.5886453509330749,0.5810929028800784
sgd lr=0.003,73,0.5860048174858093,0.5804254768472658
sgd lr=0.003,74,0.5881992816925049,0.5797328369593672
sgd lr=0.003,75,0.5897447824478149,0.5790093569508507
sgd lr=0.003,76,0.5856946388880412,0.5783806169830161
sgd lr=0.003,77,0.5837646921475729,0.5776468345216246
sgd lr=0.003,78,0.5866015474001567,0.5769410241905869
sgd lr=0.003,79,0.5906839807828267,0.5763230193815105
sgd lr=0.003,80,0.5857572793960572,0.5757841145691991
sgd lr=0.003,81,0.584794286886851,0.5751718315720286
sgd lr=0.003,82,0.5909592191378276,0.5743654709507893
sgd lr=0.003,83,0.5933133681615194,0.5738405296493049
sgd lr=0.003,84,0.5837433576583863,0.5732581575357366
sgd lr=0.003,85,0.5823761463165283,0.572502629082408
sgd lr=0.003,86,0.5862920920054118,0.5719534081101985
sgd lr=0.003,87,0.5847063620885213,0.5714053879523991
sgd lr=0.003,88,0.5819546063741048,0.5707389834621861
sgd lr=0.003,89,0.5773650169372558,0.5700026996372807
sgd lr=0.003,90,0.5821569045384725,0.5693107212441778
sgd lr=0.003,91,0.5800456921259562,0.5688252137519838
sgd lr=0.003,92,0.5796946883201599,0.5681456258731037
sgd lr=0.003,93,0.5777011632919311,0.5676129955302055
sgd lr=0.003,94,0.578125516573588,0.5669457780077808
sgd lr=0.003,95,0.5764594515164693,0.5663974834522546
sgd lr=0.003,96,0.5856793602307637,0.5657748849118261
sgd lr=0.003,97,0.5726308782895406,0.565372448177104
sgd lr=0.003,98,0.5817181070645651,0.5645740910267862
sgd lr=0.003,99,0.5774037480354309,0.5641314275939102
sgd lr=0.003,100,0.5761965036392211,0.5635249194843789
sgd lr=0.003,101,0.5757005532582601,0.5629994310967781
sgd lr=0.003,102,0.5736670970916748,0.5624659044729545
sgd lr=0.003,103,0.5694062749544779,0.5617997382438886
sgd lr=0.003,104,0.5746688842773438,0.5611683234965402
sgd lr=0.003,105,0.57102343638738,0.5606795153627796
sgd lr=0.003,106,0.5846525311470032,0.5601629206145365
sgd lr=0.003,107,0.5717205206553141,0.5596965011554733
sgd lr=0.003,108,0.5700653433799744,0.5590179475577636
sgd lr=0.003,109,0.5725576639175415,0.5584943608927854
sgd lr=0.003,110,0.5723210056622823,0.5579757693300916
sgd lr=0.003,111,0.5752484321594238,0.5574845050423707
sgd lr=0.003,112,0.5677981615066529,0.5571154854406312
sgd lr=0.003,113,0.5760301232337952,0.556360493324334
sgd lr=0.003,114,0.5737201372782389,0.5560281202293853
sgd lr=0.003,115,0.5681397994359334,0.5554739903400324
sgd lr=0.003,116,0.5678856333096822,0.5547909796322579
sgd lr=0.003,117,0.5671032071113586,0.5544472745710787
sgd lr=0.003,118,0.5771780212720236,0.5537938828641474
sgd lr=0.003,119,0.5702252984046936,0.5536022030258093
sgd lr=0.003,120,0.5669944961865743,0.5528933519252874
sgd lr=0.003,121,0.5636726220448812,0.5524053807219393
sgd lr=0.003,122,0.5682736277580261,0.5518217666746549
sgd lr=0.003,123,0.5713565429051717,0.5514184218303902
sgd lr=0.003,124,0.5755738337834676,0.5510650720581205
sgd lr=0.003,125,0.5636412700017294,0.5505263642726133
sgd lr=0.003,126,0.561464258035024,0.5498733285974482
sgd lr=0.003,127,0.5648956616719564,0.5494048810975952
sgd lr=0.003,128,0.5639535427093506,0.5490631159181342
sgd lr=0.003,129,0.5587502717971802,0.548550050522125
sgd lr=0.003,130,0.5623194535573324,0.5479592018557217
sgd lr=0.003,131,0.5666102727254232,0.5474940948992116
sgd lr=0.003,132,0.5598101099332173,0.5472384281922144
sgd lr=0.003,133,0.5651340961456299,0.5467163979411611
sgd lr=0.003,134,0.5552348415056865,0.5462494945815127
sgd lr=0.003,135,0.5560286641120911,0.545638624953702
sgd lr=0.003,136,0.5585835019747416,0.5452310448630127
sgd lr=0.003,137,0.5649204254150391,0.5448443257134135
sgd lr=0.003,138,0.565210497379303,0.5444509427150811
sgd lr=0.003,139,0.5559623559315999,0.544054311195119
sgd lr=0.003,140,0.5585844914118449,0.5434291172499648
sgd lr=0.003,141,0.5569884220759074,0.542899257483247
sgd lr=0.003,142,0.5526961882909139,0.5425290308167672
sgd lr=0.003,143,0.5564248323440552,0.5420127846796837
sgd lr=0.003,144,0.5630220214525858,0.5416371112023435
sgd lr=0.003,145,0.5529043873151144,0.5414379651760378
sgd lr=0.003,146,0.5501235723495483,0.5405881522407457
sgd lr=0.003,147,0.5566357771555582,0.5402933899299204
sgd lr=0.003,148,0.5552537043889364,0.5399959293677151
sgd lr=0.003,149,0.5560202240943909,0.5396584483134731
sgd lr=0.003,150,0.5713963468869527,0.5391958452069422
sgd lr=0.003,151,0.5560426990191142,0.539095948921108
sgd lr=0.003,152,0.5555926322937011,0.5383187412653381
sgd lr=0.003,153,0.5701070785522461,0.537895154794239
sgd lr=0.003,154,0.5617369810740153,0.5378333893886219
sgd lr=0.003,155,0.5574386596679688,0.5373251871964446
sgd lr=0.003,156,0.5606757005055746,0.5367508430198974
sgd lr=0.003,157,0.5618812203407287,0.5364379549088553
sgd lr=0.003,158,0.5493468840916952,0.5360661535445052
sgd lr=0.003,159,0.5698155919710796,0.5355254572355344
sgd lr=0.003,160,0.5513279596964519,0.5353601331828329
sgd lr=0.003,161,0.562625507513682,0.5348207283228779
sgd lr=0.003,162,0.5547757784525553,0.5345658444439233
sgd lr=0.003,163,0.5454629778861999,0.5340729401353651
sgd lr=0.003,164,0.5614607453346252,0.5333194251955363
sgd lr=0.003,165,0.5466080188751221,0.5333328486612621
sgd lr=0.003,166,0.5498063723246257,0.5328253485014178
sgd lr=0.003,167,0.5483120401700338,0.532326194611963
sgd lr=0.003,168,0.5564683318138123,0.5319702922332447
sgd lr=0.003,169,0.5509054978688558,0.5317770547617281
sgd lr=0.003,170,0.5497779250144958,0.5314134191448484
sgd lr=0.003,171,0.5541486342748007,0.5309864439270247
sgd lr=0.003,172,0.5619412660598755,0.5306617380062287
sgd lr=0.003,173,0.549249001344045,0.5303316273996314
sgd lr=0.003,174,0.5540456136067708,0.5298732113253293
sgd lr=0.003,175,0.5480693777402242,0.5296258942736606
sgd lr=0.003,176,0.5493962128957113,0.5291564463294122
sgd lr=0.003,177,0.5478234847386678,0.5287772076867029
sgd lr=0.003,178,0.5435830195744832,0.5284425638573573
sgd lr=0.003,179,0.5613467137018839,0.5280364819078096
sgd lr=0.003,180,0.553678015867869,0.5280302296963765
sgd lr=0.003,181,0.5478867967923482,0.5275439278480459
sgd lr=0.003,182,0.5460279782613119,0.5272122897570755
sgd lr=0.003,183,0.5410206158955891,0.5268418423235707
sgd lr=0.003,184,0.5437536478042603,0.52631121022345
sgd lr=0.003,185,0.545591680208842,0.5261769442434663
sgd lr=0.003,186,0.5412730058034261,0.5257499580998484
sgd lr=0.003,187,0.5419917543729146,0.5253038513980467
sgd lr=0.003,188,0.5427748282750448,0.5250439868491215
sgd lr=0.003,189,0.5424179275830586,0.5246167648902296
sgd lr=0.003,190,0.5417547941207885,0.5243973846025676
sgd lr=0.003,191,0.5543346325556437,0.5240887375481922
sgd lr=0.003,192,0.5434179345766703,0.5239629598909666
sgd lr=0.003,193,0.5475326220194499,0.5234493439938104
sgd lr=0.003,194,0.5413548191388448,0.5232570264805144
sgd lr=0.003,195,0.5676167527834575,0.5228604976007977
sgd lr=0.003,196,0.5386110703150432,0.5231050533889339
sgd lr=0.003,197,0.5497347156206767,0.5221572004549164
sgd lr=0.003,198,0.5509500821431478,0.5219563590667158
sgd lr=0.003,199,0.5476189573605855,0.5218425476883473
sgd lr=0.003,200,0.5492172797520956,0.5213274464249025
sgd lr=0.003,201,0.5501301248868307,0.520931472158326
sgd lr=0.003,202,0.5360538125038147,0.5208085488473453
sgd lr=0.003,203,0.5611120263735453,0.5204653331152079
sgd lr=0.003,204,0.5382897575696309,0.520436634005036
sgd lr=0.003,205,0.5387774626413981,0.5198015397337916
sgd lr=0.003,206,0.5428419311841329,0.5195891073778155
sgd lr=0.003,207,0.5438950379689534,0.5193361397612333
sgd lr=0.003,208,0.5403902967770894,0.5191437689578021
sgd lr=0.003,209,0.5371230244636536,0.5187805003819397
sgd lr=0.003,210,0.5423572540283204,0.5183903177870754
sgd lr=0.003,211,0.5461050271987915,0.5183037283960893
sgd lr=0.003,212,0.5556217988332113,0.5177955761323428
sgd lr=0.003,213,0.5477804740269979,0.5177449564183715
sgd lr=0.003,214,0.5575846195220947,0.5173604881555639
sgd lr=0.003,215,0.5328802188237508,0.5172770013498823
sgd lr=0.003,216,0.5754286527633667,0.5165073912836313
sgd lr=0.003,217,0.5317854324976603,0.5169011594567823
sgd lr=0.003,218,0.5436628063519796,0.5160946320903307
sgd lr=0.003,219,0.5389714360237121,0.5159980428143691
sgd lr=0.003,220,0.54495134751002,0.5155737815546214
sgd lr=0.003,221,0.5329015334447225,0.5153650652390257
sgd lr=0.003,222,0.5550683220227559,0.5148504365301098
sgd lr=0.003,223,0.5333555142084757,0.5151202637731711
sgd lr=0.003,224,0.5470068494478861,0.5144196408253096
sgd lr=0.003,225,0.5369204719861348,0.5143775313556632
sgd lr=0.003,226,0.5414866288503011,0.51396322576514
sgd lr=0.003,227,0.5389051755269368,0.5136638961130754
sgd lr=0.003,228,0.5438778201738993,0.513492533890637
sgd lr=0.003,229,0.5307228565216064,0.5133241938602281
sgd lr=0.003,230,0.540235714117686,0.512802999089084
sgd lr=0.003,231,0.587160877386729,0.5127040696813012
sgd lr=0.003,232,0.5641619046529134,0.5131200907674289
sgd lr=0.003,233,0.5359565297762553,0.5123595530420189
sgd lr=0.003,234,0.5393403530120849,0.5119723727676389
sgd lr=0.003,235,0.5306521693865458,0.5116440463179257
sgd lr=0.003,236,0.5421026110649109,0.5112212781633455
sgd lr=0.003,237,0.5445949037869772,0.5112754129221869
sgd lr=0.003,238,0.5441382569926125,0.5112613099710056
sgd lr=0.003,239,0.5562008534158979,0.5111383218017854
sgd lr=0.003,240,0.5285756886005402,0.511045969665468
sgd lr=0.003,241,0.5487528613635472,0.5105809900280336
sgd lr=0.003,242,0.531419962644577,0.5104128592183362
sgd lr=0.003,243,0.5402006336620876,0.5099432052158591
sgd lr=0.003,244,0.5550040900707245,0.5098493388828894
sgd lr=0.003,245,0.5332281972680774,0.5097614796196307
sgd lr=0.003,246,0.5314719166074481,0.5092128843495093
sgd lr=0.003,247,0.532156548329762,0.5090571937271495
sgd lr=0.003,248,0.5312098647866931,0.5088247554541809
sgd lr=0.003,249,0.5443841218948364,0.5085044178198773
sgd lr=0.003,250,0.5319230003016335,0.5084424346417912
sgd lr=0.003,251,0.5418836559568133,0.5081574240533525
sgd lr=0.003,252,0.5591443266187396,0.5080371438201057
sgd lr=0.003,253,0.5838007416043963,0.5079543413642328
sgd lr=0.003,254,0.534894061940057,0.5083377029904239
sgd lr=0.003,255,0.5301717988082341,0.5070481236199702
sgd lr=0.003,256,0.552848926612309,0.5069893494191801
sgd lr=0.003,257,0.5262750600065503,0.5070791579368618
sgd lr=0.003,258,0.5318500995635986,0.5063681498109531
sgd lr=0.003,259,0.5536301859787532,0.5062323188459732
sgd lr=0.003,260,0.5305039447087508,0.5061676591226417
sgd lr=0.003,261,0.5300777646211478,0.5056979189740015
sgd lr=0.003,262,0.5387260822149423,0.50540796944793
sgd lr=0.003,263,0.5432702898979187,0.5052931931612
sgd lr=0.003,264,0.5387108509357159,0.5051530510221147
sgd lr=0.003,265,0.5328277945518494,0.5049561565900096
sgd lr=0.003,266,0.5313400328159332,0.5047598308528402
sgd lr=0.003,267,0.5403328289588293,0.5044475673064102
sgd lr=0.003,268,0.5288471827904383,0.50450148414434
sgd lr=0.003,269,0.526440034310023,0.5041451765736784
sgd lr=0.003,270,0.5500118533770243,0.503732894733127
sgd lr=0.003,271,0.5331938564777374,0.5039597954171521
sgd lr=0.003,272,0.5414749557773272,0.5035360123403728
sgd lr=0.003,273,0.5420955320199331,0.5034200373562636
sgd lr=0.003,274,0.5345356638232867,0.5031088867643825
sgd lr=0.003,275,0.5477605412403742,0.5028687278948236
sgd lr=0.003,276,0.5391943007707596,0.5029307315553386
sgd lr=0.003,277,0.5302170018355051,0.5026315652863116
sgd lr=0.003,278,0.5393197014927864,0.502060835849617
sgd lr=0.003,279,0.538565494120121,0.5022136165630252
sgd lr=0.003,280,0.5275055468082428,0.5018277795783213
sgd lr=0.003,281,0.5394367128610611,0.5014936814692404
sgd lr=0.003,282,0.5530367617805799,0.5014032212993003
sgd lr=0.003,283,0.5441204284628233,0.5016148869978796
sgd lr=0.003,284,0.5203405121962229,0.501089499000069
sgd lr=0.003,285,0.543707032998403,0.5005628674082604
sgd lr=0.003,286,0.531861479083697,0.500665583394307
sgd lr=0.003,287,0.5214810371398926,0.5003336496515605
sgd lr=0.003,288,0.5273116081953049,0.5000691995107355
sgd lr=0.003,289,0.5168862591187159,0.4998101007040225
sgd lr=0.003,290,0.5264206478993098,0.49954673310624775
sgd lr=0.003,291,0.5239236081639925,0.499488820380312
sgd lr=0.003,292,0.5328515246510506,0.4991231468007302
sgd lr=0.003,293,0.5388557935754458,0.49892387001772437
sgd lr=0.003,294,0.5273914188146591,0.49891641192826414
sgd lr=0.003,295,0.525233174363772,0.4985850296764904
sgd lr=0.003,296,0.5267667894562086,0.4984159930868133
sgd lr=0.003,297,0.519168384373188,0.49840636330376237
sgd lr=0.003,298,0.522675891717275,0.49789652917187843
sgd lr=0.003,299,0.5290609697500864,0.49793089430193743
sgd lr=0.003,300,0.5416261479258537,0.4977108322297294
sgd lr=0.003,301,0.5356697961688042,0.4976985615496843
sgd lr=0.003,302,0.5272661745548248,0.4975753652777666
sgd lr=0.003,303,0.5272331684827805,0.49703751345226316
sgd lr=0.003,304,0.5234157418211302,0.4968391011130218
sgd lr=0.003,305,0.533313512802124,0.49705107412281874
sgd lr=0.003,306,0.5489543080329895,0.49708971793085976
sgd lr=0.003,307,0.5334919907829978,0.4971151327549908
sgd lr=0.003,308,0.5245744531804865,0.4965229366479493
sgd lr=0.003,309,0.5293118384751406,0.49653001597413005
sgd lr=0.003,310,0.5278394764119928,0.496282168643528
sgd lr=0.003,311,0.5283920981667258,0.4958893696278084
sgd lr=0.003,312,0.5487847301093015,0.49591801370893634
sgd lr=0.003,313,0.5305859446525574,0.4958636395241209
sgd lr=0.003,314,0.5285341170701113,0.49548142452866595
sgd lr=0.003,315,0.5265565352006392,0.49536791985834777
sgd lr=0.003,316,0.524526904929768,0.49513649242103314
sgd lr=0.003,317,0.5520577539097179,0.4949952692674601
sgd lr=0.003,318,0.5300059210170399,0.49500440441585075
sgd lr=0.003,319,0.5279319286346436,0.4945443039194643
sgd lr=0.003,320,0.5447729121554982,0.4945501375224822
sgd lr=0.003,321,0.5226359042254362,0.49423762762514567
sgd lr=0.003,322,0.5268032659183849,0.4938999500444059
sgd lr=0.003,323,0.5231020044196736,0.49384498473656235
sgd lr=0.003,324,0.5274580771272833,0.4936095999504017
sgd lr=0.003,325,0.5253228707747026,0.4934016888633286
sgd lr=0.003,326,0.5243957367810336,0.49339441209555984
sgd lr=0.003,327,0.5526884225281802,0.4931355569863031
sgd lr=0.003,328,0.5265910381620581,0.493332395399276
sgd lr=0.003,329,0.5205376419154081,0.4928470570366596
sgd lr=0.003,330,0.5167865292592482,0.492442289692343
sgd lr=0.003,331,0.541233325546438,0.4922325387068666
sgd lr=0.003,332,0.5157999315045096,0.49240190032055975
sgd lr=0.003,333,0.5316453955390237,0.4919592876452689
sgd lr=0.003,334,0.5418444573879242,0.4918757270950089
sgd lr=0.003,335,0.5374990078535947,0.49211532852541584
sgd lr=0.003,336,0.5358189642429352,0.49136738753663434
sgd lr=0.003,337,0.5403211504220963,0.49105019438757624
sgd lr=0.003,338,0.5386617680390676,0.4906136757753259
sgd lr=0.003,339,0.5240469177563986,0.490524684887953
sgd lr=0.003,340,0.5283338688313961,0.4904377352262066
sgd lr=0.003,341,0.5498665980994701,0.49025775630747315
sgd lr=0.003,342,0.5252974331378937,0.4906169714291086
sgd lr=0.003,343,0.5249210447072983,0.48990973882251376
sgd lr=0.003,344,0.5338232815265656,0.4898558582856674
sgd lr=0.003,345,0.5373214557766914,0.4898890296359153
sgd lr=0.003,346,0.5381256453692913,0.4896764080174231
sgd lr=0.003,347,0.5195305496454239,0.4894130121960024
sgd lr=0.003,348,0.5184174307755062,0.48804185968027375
sgd lr=0.003,349,0.5352880855401357,0.4871663136401807
sgd lr=0.003,350,0.5570520659287771,0.4872614567660692
sgd lr=0.003,351,0.569500188032786,0.4872539504743049
sgd lr=0.003,352,0.5409331818421682,0.48757044790440335
sgd lr=0.003,353,0.5148265719413757,0.4881522277357019
sgd lr=0.003,354,0.5478182077407837,0.4876700000941326
sgd lr=0.003,355,0.5332042098045349,0.48789737134774586
sgd lr=0.003,356,0.5596981525421143,0.4874408301776202
sgd lr=0.003,357,0.5481570839881897,0.4877235120244796
sgd lr=0.003,358,0.5247684359550476,0.48739675607244576
sgd lr=0.003,359,0.5397361040115356,0.4869870067357434
sgd lr=0.003,360,0.5498416185379028,0.48711355167923076
sgd lr=0.003,361,0.5730491161346436,0.4870370253670185
sgd lr=0.003,362,0.5437155127525329,0.4869946457955178
sgd lr=0.003,363,0.5392905354499817,0.4870546440502874
sgd lr=0.003,364,0.5295825719833374,0.486423393212029
sgd lr=0.003,365,0.5803334593772889,0.4861776493819455
sgd lr=0.003,366,0.5785118460655212,0.4866169343388136
sgd lr=0.003,367,0.5352163195610047,0.486419099813814
sgd lr=0.003,368,0.5174019575119019,0.4858320790345411
sgd lr=0.003,369,0.5249218940734863,0.4864768079021611
sgd lr=0.003,370,0.5275119245052338,0.4863597838722485
sgd lr=0.003,371,0.5271993577480316,0.48641789950112435
sgd lr=0.003,372,0.5217422842979431,0.48622349209638577
sgd lr=0.003,373,0.5119321495294571,0.48584228637027677
sgd lr=0.003,374,0.5172298749287924,0.4871858934846654
sgd lr=0.003,375,0.5228143731753031,0.48723577371318266
sgd lr=0.003,376,0.5491224527359009,0.4873590140665757
sgd lr=0.003,377,0.5252749522527059,0.4867651853665844
sgd lr=0.003,378,0.5337234536806742,0.4867474529589038
sgd lr=0.003,379,0.5257759094238281,0.48690838974551753
sgd lr=0.003,380,0.5317309300104777,0.48635404465520177
sgd lr=0.003,381,0.5212555527687073,0.48623615868562203
sgd lr=0.003,382,0.5183996558189392,0.4860823371977971
sgd lr=0.003,383,0.5277793010075887,0.4861611715989073
sgd lr=0.003,384,0.5342542131741842,0.4859821038664332
sgd lr=0.003,385,0.522410531838735,0.48615251806387844
sgd lr=0.003,386,0.5666454434394836,0.4855097901784384
sgd lr=0.003,387,0.5205120245615641,0.4859054195460393
sgd lr=0.003,388,0.5386565923690796,0.48517893756399183
sgd lr=0.003,389,0.5606537361939748,0.4854727655579442
sgd lr=0.003,390,0.5705635746320089,0.4856533273999281
sgd lr=0.003,391,0.5196560124556223,0.4860061351286773
sgd lr=0.003,392,0.5182707905769348,0.48485125977787824
sgd lr=0.003,393,0.5169998407363892,0.4846873474666972
sgd lr=0.003,394,0.526242583990097,0.4836421945338239
sgd lr=0.003,395,0.511244148015976,0.4835976359419072
sgd lr=0.003,396,0.5222456753253937,0.483356330887869
sgd lr=0.003,397,0.5575881004333496,0.4836698660994776
sgd lr=0.003,398,0.5236748158931732,0.48370644713958333
sgd lr=0.003,399,0.5796274840831757,0.48314136264357477
sgd lr=0.003,400,0.5227662920951843,0.48382056123201866
sgd lr=0.003,401,0.5426174998283386,0.48262091979432614
sgd lr=0.003,402,0.5141070187091827,0.4828071233240402
sgd lr=0.003,403,0.5043457001447678,0.4823314013132831
sgd lr=0.003,404,0.5184854865074158,0.4814536080212212
sgd lr=0.003,405,0.5270105600357056,0.4814814180664679
sgd lr=0.003,406,0.49839210510253906,0.48099058360470254
sgd lr=0.003,407,0.5706818103790283,0.48063845789431586
sgd lr=0.003,408,0.4975832998752594,0.48161939586516933
sgd lr=0.003,409,0.49946263432502747,0.4800621193001358
sgd lr=0.003,410,0.5324846506118774,0.47998813802044765
sgd lr=0.003,411,0.5040285587310791,0.4807586593188594
sgd lr=0.003,412,0.5537506341934204,0.4801926306579131
sgd lr=0.003,413,0.4998652935028076,0.4807050943367581
sgd lr=0.003,414,0.4981665313243866,0.47960806489602015
sgd lr=0.003,415,0.5350282192230225,0.4798703115826348
sgd lr=0.003,416,0.5130047798156738,0.479772605382184
sgd lr=0.003,417,0.5004485845565796,0.4796632743764772
sgd lr=0.003,418,0.5132545232772827,0.4797776280738131
sgd lr=0.003,419,0.5180086493492126,0.47913807391217617
sgd lr=0.003,420,0.497059166431427,0.4793813213091257
sgd lr=0.003,421,0.5500093698501587,0.47895716678610056
sgd lr=0.003,422,0.49442341923713684,0.4794788456935466
sgd lr=0.003,423,0.49822837114334106,0.47906800410560774
sgd lr=0.003,424,0.5074604153633118,0.4780978744711007
sgd lr=0.003,425,0.5301052331924438,0.47911958681716144
sgd lr=0.003,426,0.5100632309913635,0.4787336047669733
sgd lr=0.003,427,0.5566660165786743,0.478333269081874
sgd lr=0.003,428,0.5326372385025024,0.47851121915790706
sgd lr=0.003,429,0.4942707419395447,0.4779483208786457
sgd lr=0.003,430,0.4969940185546875,0.47767369551637756
sgd lr=0.003,431,0.5086797475814819,0.47808457722355063
sgd lr=0.003,432,0.49591711163520813,0.47754032384797285
sgd lr=0.003,433,0.519079327583313,0.47750490761860187
sgd lr=0.003,434,0.49418818950653076,0.47754710826191454
sgd lr=0.003,435,0.5422070622444153,0.4768935132851367
sgd lr=0.003,436,0.5608137845993042,0.4776257636974576
sgd lr=0.003,437,0.5378328561782837,0.4776883340224188
sgd lr=0.003,438,0.5434572696685791,0.4773888863335745
sgd lr=0.003,439,0.5476223826408386,0.4774033088521212
sgd lr=0.003,440,0.5252959728240967,0.4770147666985129
sgd lr=0.003,441,0.5125283598899841,0.4763578845281617
sgd lr=0.003,442,0.4930449426174164,0.4765090042482916
sgd lr=0.003,443,0.49903756380081177,0.4756932119761975
sgd lr=0.003,444,0.4917096197605133,0.4762915384273871
sgd lr=0.003,445,0.4980919659137726,0.475829205970391
sgd lr=0.003,446,0.49509197473526,0.4756398393221624
sgd lr=0.003,447,0.5093092322349548,0.47560469009357736
sgd lr=0.003,448,0.505929708480835,0.47602761339067406
sgd lr=0.003,449,0.49898263812065125,0.47555505913440066
sgd lr=0.003,450,0.4950486719608307,0.47497479459497843
sgd lr=0.003,451,0.5090594291687012,0.47495531368172866
sgd lr=0.003,452,0.5365627408027649,0.4753416279583424
sgd lr=0.003,453,0.5297874212265015,0.47565836429953284
sgd lr=0.003,454,0.5081804394721985,0.4751556879824115
sgd lr=0.003,455,0.5067777037620544,0.47450743688622643
sgd lr=0.003,456,0.49072569608688354,0.47499895509583084
sgd lr=0.003,457,0.5055074691772461,0.47456679671798263
sgd lr=0.003,458,0.5077933669090271,0.47441521899608197
sgd lr=0.003,459,0.5152620077133179,0.4744372750208789
sgd lr=0.003,460,0.4949861466884613,0.47440794604691816
sgd lr=0.003,461,0.49520522356033325,0.47380617760263466
sgd lr=0.003,462,0.5191457867622375,0.47372198197013565
sgd lr=0.003,463,0.6480709314346313,0.47426196049090447
sgd lr=0.003,464,0.49349579215049744,0.4755530456521679
sgd lr=0.003,465,0.5110666155815125,0.47383384909776144
sgd lr=0.003,466,0.5177008509635925,0.47337422055326217
sgd lr=0.003,467,0.4977986216545105,0.4731876943552824
sgd lr=0.003,468,0.5298231244087219,0.47321419231784617
sgd lr=0.003,469,0.5041948556900024,0.4738224865045139
sgd lr=0.003,470,0.5177165865898132,0.4730854364160654
sgd lr=0.003,471,0.49561432003974915,0.47259635120627913
sgd lr=0.003,472,0.5124201774597168,0.4727710698778776
sgd lr=0.003,473,0.4919254183769226,0.4727785229081093
sgd lr=0.003,474,0.508249044418335,0.47259283092596127
sgd lr=0.003,475,0.5162442922592163,0.47286675941063006
sgd lr=0.003,476,0.50760817527771,0.472110249966658
sgd lr=0.01,1,0.800914466381073,0.8129422537979134
sgd lr=0.01,2,0.789639417330424,0.7021177502767527
sgd lr=0.01,3,0.7311837514241536,0.6775719836774674
sgd lr=0.01,4,0.6854185144106547,0.6626514933331584
sgd lr=0.01,5,0.740304974714915,0.6515217043453343
sgd lr=0.01,6,0.6975537776947022,0.6442318685505023
sgd lr=0.01,7,0.6806217670440674,0.637072372053719
sgd lr=0.01,8,0.6462551275889079,0.6309074199703396
sgd lr=0.01,9,0.6906881014506022,0.6254105088673546
sgd lr=0.01,10,0.7065576155980428,0.6219090009547656
sgd lr=0.01,11,0.658779788017273,0.6181299756990143
sgd lr=0.01,12,0.7024585564931234,0.613729620105318
sgd lr=0.01,13,0.6478514353434245,0.6111256006429718
sgd lr=0.01,14,0.664307975769043,0.6076425146534367
sgd lr=0.01,15,0.7106642325719198,0.6046734155276031
sgd lr=0.01,16,0.6707116206487019,0.6024546478596522
sgd lr=0.01,17,0.6633065660794576,0.5987668393660092
sgd lr=0.01,18,0.7432395060857137,0.5962888102957604
sgd lr=0.01,19,0.6793423096338908,0.5948083251162245
sgd lr=0.01,20,0.6528151392936706,0.591737912116982
sgd lr=0.01,21,0.6319296876589457,0.588603008195665
sgd lr=0.01,22,0.6613636056582133,0.5864975003766925
sgd lr=0.01,23,0.6699161052703857,0.5839335553592362
sgd lr=0.01,24,0.6242901762326558,0.5822809128846111
sgd lr=0.01,25,0.7274226705233257,0.5799216796430222
sgd lr=0.01,26,0.6910234093666077,0.5788188994390809
sgd lr=0.01,27,0.6125197370847066,0.5770490696557875
sgd lr=0.01,28,0.6806564211845398,0.5736152407319385
sgd lr=0.01,29,0.6415130496025085,0.5729620897835126
sgd lr=0.01,30,0.6520762165387471,0.5708606902209111
sgd lr=0.01,31,0.7597451567649841,0.5688611789564171
sgd lr=0.01,32,0.6704008936882019,0.5683499312824606
sgd lr=0.01,33,0.6032799124717713,0.5654540595717166
sgd lr=0.01,34,0.8228523015975953,0.562868767810004
sgd lr=0.01,35,0.6507228891054789,0.563669704557498
sgd lr=0.01,36,0.6486188769340515,0.5602591487737807
sgd lr=0.01,37,0.615518840154012,0.5586295161613429
sgd lr=0.01,38,0.6226743698120117,0.5567351992191372
sgd lr=0.01,39,0.6294434626897176,0.5550289407666729
sgd lr=0.01,40,0.710481870174408,0.5534375179180988
sgd lr=0.01,41,0.7984001914660136,0.5536146478190329
sgd lr=0.01,42,0.6530969142913818,0.5530675634876959
sgd lr=0.01,43,0.6669746597607931,0.5500516127365844
sgd lr=0.01,44,0.643152650197347,0.5493964044695313
sgd lr=0.01,45,0.6405901233355205,0.5469483550818098
sgd lr=0.01,46,0.6750182112058004,0.5457122594226259
sgd lr=0.01,47,0.7350931723912557,0.5451411186216293
sgd lr=0.01,48,0.654987895488739,0.5442739245692905
sgd lr=0.01,49,0.5991259018580118,0.5427551932783578
sgd lr=0.01,50,0.6507673476423536,0.5401859730475385
sgd lr=0.01,51,0.7507538029125759,0.5398413562198285
sgd lr=0.01,52,0.652145905154092,0.5401150275410403
sgd lr=0.01,53,0.6316459562097277,0.5380110455797544
sgd lr=0.01,54,0.640764193875449,0.5357639504857435
sgd lr=0.01,55,0.6956569339547839,0.5357785195492234
sgd lr=0.01,56,0.7004610938685281,0.5348594931411622
sgd lr=0.01,57,0.5992474853992462,0.5343210073896679
sgd lr=0.01,58,0.6725160096372876,0.5314555255885656
sgd lr=0.01,59,0.6459242871829441,0.5316316145296488
sgd lr=0.01,60,0.6307440868445805,0.5303746735940906
sgd lr=0.01,61,0.5939414586339679,0.5291429861538239
sgd lr=0.01,62,0.7350968846252987,0.527896063193506
sgd lr=0.01,63,0.6281704306602478,0.5282320862618317
sgd lr=0.01,64,0.7444424160889217,0.5264737323022405
sgd lr=0.01,65,0.6372010494981494,0.5280064213863331
sgd lr=0.01,66,0.5783193366868156,0.5249440344341975
sgd lr=0.01,67,0.6456586675984519,0.5230129298476893
sgd lr=0.01,68,0.6623199284076691,0.5237692471110299
sgd lr=0.01,69,0.6078698762825557,0.5229725259380958
sgd lr=0.01,70,0.6306966726596539,0.5215855802861655
sgd lr=0.01,71,0.6424786448478699,0.5215422089927609
sgd lr=0.01,72,0.6773875080622159,0.5204340542971173
sgd lr=0.01,73,0.6002645591894785,0.5196340205250959
sgd lr=0.01,74,0.633060097694397,0.5186022703535194
sgd lr=0.01,75,0.7274293055136999,0.5180213802419982
sgd lr=0.01,76,0.6395051628351212,0.5187978251648119
sgd lr=0.01,77,0.6273054828246435,0.5169450945654408
sgd lr=0.01,78,0.6222910384337107,0.516828019470811
sgd lr=0.01,79,0.6861233015855154,0.5151551449411075
sgd lr=0.01,80,0.6632778992255529,0.5151155968367253
sgd lr=0.01,81,0.6354454755783081,0.5153445817091517
sgd lr=0.01,82,0.7510288010040919,0.5131092438430854
sgd lr=0.01,83,0.747164120276769,0.5163574713170105
sgd lr=0.01,84,0.6864722520112991,0.5138535163939095
sgd lr=0.01,85,0.6485748241345087,0.5121082443941714
sgd lr=0.01,86,0.6841398527224859,0.5118582263947026
sgd lr=0.01,87,0.618553026155992,0.5107274263757616
sgd lr=0.01,88,0.6844714283943176,0.5098972957535413
sgd lr=0.01,89,0.61912043094635,0.5086721733863669
sgd lr=0.01,90,0.6791462242603302,0.5081024189392005
sgd lr=0.01,91,0.6035670571857028,0.5080746388684663
sgd lr=0.01,92,0.6794634593857659,0.5064900175413382
sgd lr=0.01,93,0.6239748067326016,0.5072860807543749
sgd lr=0.01,94,0.5917036533355713,0.5050872369987705
sgd lr=0.01,95,0.6521813049912453,0.5042156982684117
sgd lr=0.01,96,0.6509383246302605,0.5040346365344137
sgd lr=0.01,97,0.6233759447932243,0.5047637184393762
sgd lr=0.01,98,0.7063734605908394,0.5037438028165185
sgd lr=0.01,99,0.7782850712537766,0.5046022827253998
sgd lr=0.01,100,0.670270137488842,0.5047653384196384
sgd lr=0.01,101,0.6619917303323746,0.5030700757080148
sgd lr=0.01,102,0.688022568821907,0.5020610278943513
sgd lr=0.01,103,0.5791808366775513,0.5015753431979899
sgd lr=0.01,104,0.6221351282937186,0.5006536554384925
sgd lr=0.01,105,0.6442898682185582,0.500668167575755
sgd lr=0.01,106,0.5940612980297634,0.5013508106132667
sgd lr=0.01,107,0.6162248935018267,0.49950424027197904
sgd lr=0.01,108,0.6213526129722595,0.49864941802804336
sgd lr=0.01,109,0.5560072461764017,0.4984301507495717
sgd lr=0.01,110,0.8063246607780457,0.4973101352456398
sgd lr=0.01,111,0.7680667738119761,0.5018733274647594
sgd lr=0.01,112,0.6519190023342768,0.5006803159850128
sgd lr=0.01,113,0.867600291967392,0.4981692478468995
sgd lr=0.01,114,0.6130048831303915,0.499743004890314
sgd lr=0.01,115,0.5845192571481069,0.497683663041184
sgd lr=0.01,116,0.5422863185405731,0.49447465392141543
sgd lr=0.01,117,0.5558658480644226,0.49416477484729204
sgd lr=0.01,118,0.7659716248512268,0.49251248005898374
sgd lr=0.01,119,0.5819402694702148,0.49507120481432254
sgd lr=0.01,120,0.6391290903091431,0.49158340118901256
sgd lr=0.01,121,0.5811866670846939,0.49456503823866194
sgd lr=0.01,122,0.7496649697422981,0.4922390651503525
sgd lr=0.01,123,0.5428686887025833,0.49326743287402175
sgd lr=0.01,124,0.5699262917041779,0.4912896372512755
sgd lr=0.01,125,0.6193760335445404,0.48949019153808637
sgd lr=0.01,126,0.579830527305603,0.4915944715498834
sgd lr=0.01,127,0.7849182188510895,0.4909905581617897
sgd lr=0.01,128,0.7386742830276489,0.4918061323540909
sgd lr=0.01,129,0.5702892243862152,0.4908205840712825
sgd lr=0.01,130,0.5535058081150055,0.4877503821834213
sgd lr=0.01,131,0.9085652033487955,0.4868863953816167
sgd lr=0.01,132,0.9016985694567362,0.48968675111740695
sgd lr=0.01,133,0.5348242918650309,0.4889026498235669
sgd lr=0.01,134,0.5105298558870951,0.4853594082511166
sgd lr=0.01,135,0.6352077921231588,0.4841647083772598
sgd lr=0.01,136,0.5446305672327677,0.48440146385849153
sgd lr=0.01,137,0.7449634075164795,0.4816797761702195
sgd lr=0.01,138,0.6014918088912964,0.4843945612727895
sgd lr=0.01,139,0.647616058588028,0.4819164138054861
sgd lr=0.01,140,0.6064885258674622,0.48249865034791284
sgd lr=0.01,141,0.5576951503753662,0.48129823605133326
sgd lr=0.01,142,0.5916787981987,0.4814558723679761
sgd lr=0.01,143,0.5333608984947205,0.4797777013265909
sgd lr=0.01,144,0.6313242018222809,0.4794453745294258
sgd lr=0.01,145,0.5070041418075562,0.48039287760109706
sgd lr=0.01,146,0.554077684879303,0.47864224875801753
sgd lr=0.01,147,0.5788838267326355,0.4798877760750305
sgd lr=0.01,148,0.5334833860397339,0.47653650720760615
sgd lr=0.01,149,0.5346547961235046,0.47644768710898855
sgd lr=0.01,150,0.6125825047492981,0.47807571215989547
sgd lr=0.01,151,0.5165626406669617,0.47941423692452734
sgd lr=0.01,152,0.4988757371902466,0.47854528551392445
sgd lr=0.01,153,0.5253278017044067,0.4761692729057964
sgd lr=0.01,154,0.5363271236419678,0.47537330414436024
sgd lr=0.01,155,0.5197055339813232,0.47808072305002114
sgd lr=0.01,156,0.593517541885376,0.4801511433661111
sgd lr=0.01,157,0.7263956069946289,0.4763281762722192
sgd lr=0.01,158,0.5902395248413086,0.4764655587109348
sgd lr=0.01,159,0.697100043296814,0.47671955723162374
sgd lr=0.01,160,0.7548432350158691,0.4751576551825332
sgd lr=0.01,161,0.5693447589874268,0.4766963530886368
sgd lr=0.01,162,0.5398244857788086,0.4752161087763745
sgd lr=0.01,163,0.5377442240715027,0.4746702238147432
sgd lr=0.01,164,0.6148455739021301,0.47243045620844176
sgd lr=0.01,165,0.5877715945243835,0.4791092826518537
sgd lr=0.01,166,0.5760246515274048,0.47441295035923375
sgd lr=0.01,167,0.6733872294425964,0.4723742747284255
sgd lr=0.01,168,0.5724063515663147,0.4755069176801101
sgd lr=0.01,169,0.6770921349525452,0.47184223263404945
sgd lr=0.01,170,0.5130593180656433,0.47504244826236264
sgd lr=0.01,171,1.0005707740783691,0.4716454513433877
sgd lr=0.01,172,0.5846295356750488,0.48164508086166014
sgd lr=0.03,1,0.8986164291699728,0.902235868242104
sgd lr=0.03,2,0.746091079711914,0.6714069737492463
sgd lr=0.03,3,0.7897003293037415,0.6439889472209415
sgd lr=0.03,4,0.7062712748845418,0.6287600269982084
sgd lr=0.03,5,0.7659705797831218,0.6160618402934266
sgd lr=0.03,6,0.779755179087321,0.6076341204796402
sgd lr=0.03,7,0.7055014093716939,0.6011537850027704
sgd lr=0.03,8,0.6481871485710144,0.5928566393496841
sgd lr=0.03,9,0.7660891930262248,0.5857476127724115
sgd lr=0.03,10,0.8089449048042298,0.581925703827016
sgd lr=0.03,11,0.6885215282440186,0.5775050505346511
sgd lr=0.03,12,0.8089302221934,0.5706791222462229
sgd lr=0.03,13,0.6834304809570313,0.5675427167009885
sgd lr=0.03,14,0.691441810131073,0.5620912105275262
sgd lr=0.03,15,0.754692002137502,0.5580935002246258
sgd lr=0.03,16,0.6984204411506653,0.5556938260115843
sgd lr=0.03,17,0.6974093516667684,0.5507896298507992
sgd lr=0.03,18,0.7679988821347554,0.5474561700029518
sgd lr=0.03,19,0.7089473207791647,0.5453009191218829
sgd lr=0.03,20,0.6523226102193197,0.5434168608244079
sgd lr=0.03,21,0.6704453746477763,0.5383464628498145
sgd lr=0.03,22,0.686845060189565,0.5367625100756327
sgd lr=0.03,23,0.6879387259483337,0.5334234371725319
sgd lr=0.03,24,0.6275696516036987,0.5322233246266802
sgd lr=0.03,25,0.8182868719100952,0.5295808059570807
sgd lr=0.03,26,0.7978330691655476,0.5292855268078387
sgd lr=0.03,27,0.6062199831008911,0.5276251953299236
sgd lr=0.03,28,0.8256978511810302,0.5223829683851962
sgd lr=0.03,29,0.6627035498619079,0.523343510670815
sgd lr=0.03,30,0.7027128100395202,0.520324448159396
sgd lr=0.03,31,0.7485651930173238,0.5190470231422251
sgd lr=0.03,32,0.7042209545771281,0.5179908054521968
sgd lr=0.03,33,0.6265979031721751,0.5157874356776132
sgd lr=0.03,34,0.8138981064160665,0.5130061878274961
sgd lr=0.03,35,0.6560406764348348,0.5148934740787589
sgd lr=0.03,36,0.6908053159713745,0.5112788920926417
sgd lr=0.03,37,0.6217703421910604,0.5097027684153905
sgd lr=0.03,38,0.6311630845069885,0.5075724903248157
sgd lr=0.03,39,0.6572770396868388,0.5062893309117786
sgd lr=0.03,40,0.8125618060429891,0.5049515735201567
sgd lr=0.03,41,0.9334156552950541,0.5068252885305754
sgd lr=0.03,42,0.6842948993047079,0.5070446579356996
sgd lr=0.03,43,0.6921804825464885,0.5020004846586837
sgd lr=0.03,44,0.6783948540687561,0.5020183727757603
sgd lr=0.03,45,0.6446325262387593,0.49957799019372756
sgd lr=0.03,46,0.745622460047404,0.4981575333366217
sgd lr=0.03,47,0.8173151810963949,0.4991629059290404
sgd lr=0.03,48,0.691671593983968,0.4972271998618341
sgd lr=0.03,49,0.6122617244720459,0.4955661237844018
sgd lr=0.03,50,0.7390917677145737,0.4919887232818143
sgd lr=0.03,51,0.8177372813224792,0.4928547504778968
sgd lr=0.03,52,0.6868231571637667,0.49414570117363366
sgd lr=0.03,53,0.6649708931262677,0.49055222314453056
sgd lr=0.03,54,0.6857282936573028,0.49006496572744646
sgd lr=0.03,55,0.7876861989498138,0.4907673632961897
sgd lr=0.03,56,0.6890076862441169,0.49031730263527495
sgd lr=0.03,57,0.5750806993908353,0.4874209344960934
sgd lr=0.03,58,0.7834709994494915,0.48366879569019083
sgd lr=0.03,59,0.6763957366347313,0.48713756772775696
sgd lr=0.03,60,0.669767715036869,0.4847883590565179
sgd lr=0.03,61,0.5930391922593117,0.4836210210019998
sgd lr=0.03,62,0.716629721224308,0.482510311736507
sgd lr=0.03,63,0.6340275779366493,0.4817886573738643
sgd lr=0.03,64,0.8230880722403526,0.47993954310778886
sgd lr=0.03,65,0.7298598140478134,0.48351259022480064
sgd lr=0.03,66,0.582066036760807,0.48036953337667465
sgd lr=0.03,67,0.7440417408943176,0.4771789629419345
sgd lr=0.03,68,0.801700696349144,0.4796244131836538
sgd lr=0.03,69,0.5700008571147919,0.4798915759666401
sgd lr=0.03,70,0.7506846822798252,0.47491406069458275
sgd lr=0.03,71,0.7239788089479718,0.4778668538252632
sgd lr=0.03,72,0.6858342204775129,0.4761767710734201
sgd lr=0.03,73,0.5788817916597638,0.4741514277990468
sgd lr=0.03,74,0.5818403959274292,0.4731840858528495
sgd lr=0.03,75,0.7248970185007367,0.47059623036210724
sgd lr=0.03,76,0.6755028622491019,0.4737264414392138
sgd lr=0.03,77,0.6776789384228843,0.47203283687510744
sgd lr=0.03,78,0.672231640134539,0.47196811278971634
sgd lr=0.03,79,0.7106805273464748,0.4696749606845528
sgd lr=0.03,80,0.6968189307621547,0.47063241726239374
sgd lr=0.03,81,0.6783941771302905,0.4700029363257731
sgd lr=0.03,82,0.7513243556022644,0.46590610849981456
sgd lr=0.03,83,0.7385595540205637,0.4685436403576467
sgd lr=0.03,84,0.8869669834772745,0.4672060811667886
sgd lr=0.03,85,0.6928269863128662,0.46840627077677083
sgd lr=0.03,86,0.7193511366844177,0.4673632646738716
sgd lr=0.03,87,0.5606140270829201,0.4651253110505602
sgd lr=0.03,88,0.6550344824790955,0.4622299016903743
sgd lr=0.03,89,0.5687932521104813,0.4638601483443191
sgd lr=0.03,90,0.7279319167137146,0.4632970766261557
sgd lr=0.03,91,0.7522807319959005,0.46236604961964395
sgd lr=0.03,92,1.0989965796470642,0.46487825540250494
sgd lr=0.03,93,0.6868794560432434,0.47085193185232843
sgd lr=0.03,94,0.6097249388694763,0.4662262728098224
sgd lr=0.03,95,0.5627596378326416,0.45906719112373673
sgd lr=0.1,1,1.136202756847654,2.1393240595308813
sgd lr=0.1,2,0.9255077796322959,0.6884804098683542
sgd lr=0.1,3,0.7534851602145604,0.6560334017084823
sgd lr=0.1,4,0.8854770319802421,0.6312262357370418
sgd lr=0.1,5,1.0757011260305132,0.6202864495442901
sgd lr=0.1,6,0.9444267920085362,0.6173323541834315
sgd lr=0.1,7,0.8102006784507206,0.6061025924826909
sgd lr=0.1,8,0.6762330191476005,0.5950290085614446
sgd lr=0.1,9,0.8105954016957965,0.5845003661836375
sgd lr=0.1,10,1.1433884458882468,0.5908594990739404
sgd lr=0.1,11,0.913346916437149,0.59943817078857
sgd lr=0.1,12,0.7458023045744214,0.580056511640225
sgd lr=0.1,13,0.8575050107070378,0.5692753733432949
sgd lr=0.1,14,1.0568542991365706,0.5671323914117843
sgd lr=0.1,15,0.8102628333227975,0.5629873306738301
sgd lr=0.1,16,0.7589246843542371,0.559791233536955
sgd lr=0.1,17,0.6949303277901241,0.5538919546105289
sgd lr=0.1,18,0.8730774521827698,0.5477972618209433
sgd lr=0.1,19,0.88029345870018,0.5482582664390404
sgd lr=0.1,20,0.675841863666262,0.5473048020517829
sgd lr=0.1,21,0.7200486702578408,0.5377561019453728
sgd lr=0.1,22,0.732376652104514,0.5370462891518539
sgd lr=0.1,23,0.7545481494494847,0.5317882757986685
sgd lr=0.1,24,0.6745688532079969,0.5364883359659365
sgd lr=0.1,25,1.21817113671984,0.5286074446838106
sgd lr=0.1,26,0.9022571061338697,0.5366603927361149
sgd lr=0.1,27,0.6066997689860207,0.5417241366579562
sgd lr=0.1,28,1.0113088233130318,0.5236810985937713
sgd lr=0.1,29,0.6671776303223201,0.5321605480091283
sgd lr=0.1,30,0.9803054715905871,0.5190121044175771
sgd lr=0.1,31,0.7712276790823255,0.5251251267992092
sgd lr=0.1,32,0.7396546644823891,0.5155677472787733
sgd lr=0.1,33,0.6516828494412559,0.51280074027987
sgd lr=0.1,34,0.7578260345118386,0.5091988835126328
sgd lr=0.1,35,0.7121150706495557,0.5120982235046582
sgd lr=0.1,36,0.8235519826412201,0.5078613758667326
sgd lr=0.1,37,0.6625619509390422,0.5063678089130337
sgd lr=0.1,38,0.5966890958639292,0.5037943013042926
sgd lr=0.1,39,0.6588462361922631,0.5002199017691094
sgd lr=0.1,40,0.918887748168065,0.500504455910592
sgd lr=0.1,41,0.8013170407368586,0.5056879584084656
sgd lr=0.1,42,0.6698530912399292,0.5056981074971182
sgd lr=0.1,43,0.7498595664898554,0.5010658628412461
sgd lr=0.1,44,0.7343141039212545,0.500329485820805
sgd lr=0.1,45,0.7563655823469162,0.49700581789818377
sgd lr=0.1,46,0.7821180870135626,0.4979567865983785
sgd lr=0.1,47,0.76664466659228,0.4956389630602698
sgd lr=0.1,48,0.771966966715726,0.49461659039427047
sgd lr=0.1,49,0.6731966192072089,0.4934415976356634
sgd lr=0.1,50,0.7900977243076671,0.4893238963063244
sgd lr=0.1,51,1.0851506048982793,0.49260954887472685
sgd lr=0.1,52,0.7976038694381714,0.5009149933549906
sgd lr=0.1,53,0.7646430730819702,0.49275313608088006
sgd lr=0.1,54,0.754513144493103,0.4874454725006829
sgd lr=0.1,55,0.7689273953437805,0.4876999250132174
sgd lr=0.1,56,0.8219731658697128,0.48450632716061903
sgd lr=0.1,57,0.6131089528401693,0.48323689447384055
sgd lr=0.1,58,0.8203440308570862,0.47837171454375427
sgd lr=0.1,59,0.6435072124004364,0.4820538526512347
sgd lr=0.1,60,0.7732194438576698,0.47690585547104714
sgd lr=0.1,61,0.636366106569767,0.4789052834769437
sgd lr=0.1,62,0.8209039994648525,0.4835006849780608
sgd lr=0.1,63,0.5983496487140656,0.48224728535174605
sgd lr=0.1,64,1.3400262117385864,0.4806267629721436
sgd lr=0.1,65,0.6323008388280869,0.49992382186928164
sgd lr=0.1,66,0.6347691267728806,0.4892013348557318
sgd lr=0.1,67,0.8732811063528061,0.4876694171751529
sgd lr=0.1,68,0.883377194404602,0.49097404837516656
sgd lr=0.1,69,0.6620131880044937,0.4886378118373237
sgd lr=0.1,70,0.6634778082370758,0.48455200258810227
sgd lr=0.1,71,0.7564318577448527,0.48256843259510035
sgd lr=0.1,72,0.7039720813433329,0.48125553961126916
sgd lr=0.1,73,0.584759513537089,0.4814602531311887
sgd lr=0.1,74,0.5866564909617106,0.47948208605646636
sgd lr=0.1,75,0.6916378537813822,0.4770812162078059
sgd lr=0.1,76,0.7536371350288391,0.4771987747757846
sgd lr=0.1,77,1.036183516184489,0.4874962285991277
sgd lr=0.1,78,0.6302801569302877,0.49663669920679815
sgd lr=0.1,79,0.8263844052950541,0.48062490226201776
sgd lr=0.1,80,0.6770767569541931,0.4814471836534376
sgd lr=0.1,81,0.9292899668216705,0.4849594048194783
sgd lr=0.1,82,0.5787741541862488,0.4862065120080983
sgd lr=0.1,83,1.3812202215194702,0.4816010526050912
sgd lr=0.1,84,0.7951945662498474,0.500276537449134
sgd lr=0.1,85,0.6778924465179443,0.4841089170795515
sgd lr=0.1,86,0.7781064808368683,0.48108403163583646
sgd lr=0.1,87,0.5379179418087006,0.48042902056681125
sgd lr=0.1,88,0.8132953643798828,0.4783038530077639
sgd lr=0.1,89,0.7883615493774414,0.48051944799198754
sgd lr=0.1,90,0.5245131850242615,0.4895176303055682
sgd lr=0.1,91,1.2597713470458984,0.4826900844150061
sgd lr=0.1,92,1.1336703300476074,0.5208456568173677
sgd lr=0.1,93,1.1125108003616333,0.4789182413749969
sgd lr=0.1,94,0.7000592947006226,0.4912700027631756
sgd lr=0.1,95,2.2425036430358887,0.4739402224704032
sgd lr=0.1,96,0.8893240690231323,0.5365695227694227
sgd lr=0.1,97,0.8160264492034912,0.5074267951511402
sgd lr=0.1,98,0.5479351282119751,0.4980371082838546
sgd lr=0.1,99,0.6519178748130798,0.47150537480952154
sgd lr=0.1,100,0.6739469170570374,0.4732104352645772
sgd lr=0.1,101,0.6271615028381348,0.47407452973355024
sgd lr=0.1,102,0.6571231484413147,0.4735536432218277
sgd lr=0.1,103,0.556252658367157,0.471112404273419
sgd lr=0.1,104,1.3962924480438232,0.4700383893922741
sgd lr=0.1,105,0.8178943395614624,0.49061831404303885
