label,epoch,val_loss,train_loss
1x16,1,0.9102363189061483,1.6031362749303326
1x16,2,0.7694147229194641,0.8245119863218972
1x16,3,0.7367096106211345,0.764870326422657
1x16,4,0.7172165592511495,0.7390047459798452
1x16,5,0.7038802981376648,0.7215395821496209
1x16,6,0.6928346991539002,0.7087142047592513
1x16,7,0.68456605275472,0.6989072548613077
1x16,8,0.6782121578852336,0.6910456074837779
1x16,9,0.6729185461997986,0.6847728160884196
1x16,10,0.668235985438029,0.6794059538998914
1x16,11,0.6638061920801799,0.6746099295897882
1x16,12,0.6607199152310689,0.6708371987396059
1x16,13,0.6580361326535543,0.6674880329715516
1x16,14,0.6554142316182454,0.6644781345162083
1x16,15,0.6530124545097351,0.6617527867129291
1x16,16,0.6506796836853027,0.6596442183678465
1x16,17,0.6489158113797505,0.6572613422401272
1x16,18,0.6469438592592875,0.6553459320340499
1x16,19,0.6450443188349406,0.6536116006569891
1x16,20,0.6433085640271504,0.6516803277703797
1x16,21,0.6421768466631571,0.6499680254607707
1x16,22,0.6406502246856689,0.6482904497444016
1x16,23,0.6392253716786702,0.6467637597657263
1x16,24,0.6378499706586201,0.6452634983106189
1x16,25,0.6359913905461629,0.6436878152632236
1x16,26,0.6347551941871643,0.6423223490737722
1x16,27,0.6341482559839885,0.6407242781520814
1x16,28,0.6327765345573425,0.6395566322474623
1x16,29,0.6311629017194113,0.6383354909351493
1x16,30,0.6299573024113972,0.6367791469303202
1x16,31,0.628621764977773,0.6353469909168413
1x16,32,0.6278319199879964,0.6343223523635673
1x16,33,0.6269631544748943,0.6328542474237369
1x16,34,0.6257415771484375,0.6314740416494646
1x16,35,0.6245108167330424,0.6304715820263969
1x16,36,0.6234819889068604,0.6294086912634597
1x16,37,0.6225771943728129,0.6282377348097314
1x16,38,0.6222441474596659,0.6270771518427619
1x16,39,0.6205532391866048,0.6260073384975097
1x16,40,0.6195161898930868,0.6250854006090942
1x16,41,0.6187165538469951,0.6242797254293586
1x16,42,0.6174934903780619,0.6231746632423695
1x16,43,0.6173145691553752,0.6221875570840443
1x16,44,0.6157812356948853,0.6212421682804634
1x16,45,0.6150569955507914,0.6203342444367401
1x16,46,0.6145023028055827,0.6194602552861809
1x16,47,0.6142797430356344,0.6186525334981134
1x16,48,0.6129961331685384,0.6178682349508426
1x16,49,0.6120534062385559,0.6170636961063658
1x16,50,0.6112515648206075,0.6161138657820672
1x16,51,0.6110942165056864,0.6153320268467698
1x16,52,0.6099532802899679,0.6148252667446272
1x16,53,0.6099460005760193,0.6139169884832635
1x16,54,0.608703060944875,0.6131467363114756
1x16,55,0.6085798144340515,0.612427200957228
1x16,56,0.6075708548227946,0.6117018864117107
1x16,57,0.6063440044720968,0.6110454206157171
1x16,58,0.6055221438407898,0.6100480925952673
1x16,59,0.6051615715026856,0.6097957418630144
1x16,60,0.6054927110671997,0.6088347418976979
1x16,61,0.6039988915125529,0.608046082041221
1x16,62,0.6035563627878825,0.6074885014820831
1x16,63,0.6033469676971436,0.6071340113713687
1x16,64,0.6027619202931722,0.6065078252673209
1x16,65,0.6020724097887675,0.6058798777816053
1x16,66,0.6009279410044353,0.605144396348673
1x16,67,0.6010151584943135,0.6045849500973881
1x16,68,0.5997547666231792,0.6040773466016682
1x16,69,0.599458920955658,0.6035179542208767
1x16,70,0.5989469528198242,0.602923814899831
1x16,71,0.5981247663497925,0.6022206457834918
1x16,72,0.5977268934249877,0.6016315524513868
1x16,73,0.5980722069740295,0.6011994811124471
1x16,74,0.5966269056002299,0.6004744055173602
1x16,75,0.5953779220581055,0.5998764883593519
1x16,76,0.5951749324798584,0.5992096733965124
1x16,77,0.5947477698326111,0.5987894566251698
1x16,78,0.5942620317141215,0.5982466436639071
1x16,79,0.5944672226905823,0.5974004703314574
1x16,80,0.593103043238322,0.5971736093133352
1x16,81,0.5930343866348267,0.596511096834497
1x16,82,0.5920612613360087,0.596006146391261
1x16,83,0.592183530330658,0.5955007545345761
1x16,84,0.5910587231318156,0.5951233900282009
1x16,85,0.5909876187642416,0.5946904968089783
1x16,86,0.5911539912223815,0.5941045541978146
1x16,87,0.5907279849052429,0.593561644849066
1x16,88,0.5895756761233012,0.5933364101251279
1x16,89,0.5894095500310262,0.5928560073685206
1x16,90,0.5896098653475443,0.5920824922172425
1x16,91,0.5887967069943746,0.5919741582316926
1x16,92,0.5880701661109924,0.5913977059992221
1x16,93,0.5872419754664103,0.5910904025069821
1x16,94,0.5872241655985514,0.5907507387443933
1x16,95,0.5866517305374146,0.5903274231677534
1x16,96,0.5868954181671142,0.5898791245899683
1x16,97,0.5859628597895304,0.5895781136282218
1x16,98,0.5861932794253032,0.5893557724902921
1x16,99,0.5856928865114848,0.5890050655462982
1x16,100,0.5861860275268554,0.5886982461677129
1x16,101,0.585253914197286,0.5884694985027227
1x16,102,0.5850449522336324,0.5881849892896862
1x16,103,0.5846048831939697,0.5875539231706589
1x16,104,0.5852821906407674,0.5873843284615372
1x16,105,0.5841121594111125,0.5872510940514345
1x16,106,0.5836984475453695,0.586789744139495
1x16,107,0.5838742891947428,0.5866592114644098
1x16,108,0.5832795381546021,0.5863859666177149
1x16,109,0.5833848714828491,0.5861353152858848
1x16,110,0.583240807056427,0.5857811009256034
1x16,111,0.5833947420120239,0.585661736668678
1x16,112,0.5828835407892863,0.5854173992800175
1x16,113,0.5833062330881754,0.5851988567394699
1x16,114,0.582968819141388,0.58522495999707
1x16,115,0.582832948366801,0.584949408207226
1x16,116,0.5818028291066487,0.5844281931240175
1x16,117,0.5826850652694702,0.5840998813351256
1x16,118,0.5819336295127868,0.5838884573713009
1x16,119,0.5813655058542887,0.5836876111679927
1x16,120,0.5808652718861897,0.5836809568561439
1x16,121,0.5808651248613993,0.5833254537988852
1x16,122,0.5814053853352864,0.5831599976006127
1x16,123,0.5811393896738688,0.5830860787105204
1x16,124,0.5804909904797871,0.5826196060653884
1x16,125,0.5801446040471395,0.5824081408993494
1x16,126,0.5800466895103454,0.5820533097504987
1x16,127,0.5798738280932109,0.5816771291141688
1x16,128,0.5792601903279623,0.5816961956832174
1x16,129,0.5794677098592123,0.5813613767789216
1x16,130,0.5798734029134115,0.581113752999284
1x16,131,0.5796522498130798,0.5811633167753073
1x16,132,0.5789692242940266,0.5809147149483495
1x16,133,0.5788836320241292,0.5805689897473538
1x16,134,0.5785958210627238,0.580501953776769
1x16,135,0.5781864603360494,0.5803542496755671
1x16,136,0.5778230428695679,0.5797481397555775
1x16,137,0.577829913298289,0.5797266866033713
1x16,138,0.5781282424926758,0.579755528999232
1x16,139,0.5775341868400574,0.5793437448944909
1x16,140,0.5777424613634745,0.5790605808465099
1x16,141,0.577390722433726,0.5790958983284861
1x16,142,0.577339788277944,0.578693893340716
1x16,143,0.5774235010147095,0.5784824981894076
1x16,144,0.5771080454190572,0.5783352114549162
1x16,145,0.5767440398534139,0.578414030089304
1x16,146,0.5765734990437825,0.5779573359108063
1x16,147,0.5770702838897706,0.5778053943594489
1x16,148,0.5762278040250143,0.5778102875706406
1x16,149,0.5760598659515381,0.5776262799937965
1x16,150,0.5758440971374512,0.5774405833904116
1x16,151,0.575827972094218,0.5772835023566603
1x16,152,0.5756547967592875,0.577154092049057
1x16,153,0.5762953996658325,0.5768471068678125
1x16,154,0.5753386298815409,0.5768703920019469
1x16,155,0.5767890453338623,0.5766076509881266
1x16,156,0.5748748620351155,0.5767453432714738
1x16,157,0.5755963524182638,0.5763754055886267
1x16,158,0.5747687101364136,0.5764107788171121
1x16,159,0.5748881657918294,0.5757481526865835
1x16,160,0.5743728717168172,0.575980665282934
1x16,161,0.5744705001513163,0.5756252021278435
1x16,162,0.5748670021692912,0.5754963774074685
1x16,163,0.5740782141685485,0.575283715613732
1x16,164,0.5742557366689046,0.5750415259988524
1x16,165,0.5742650508880616,0.5750445454062836
1x16,166,0.5731167674064637,0.5747737377406339
1x16,167,0.5750325997670491,0.5747853213918692
1x16,168,0.5729824940363566,0.5746507663604685
1x16,169,0.5737731337547303,0.5742898059944185
1x16,170,0.5740026076634724,0.574119666405027
1x16,171,0.5734166344006856,0.5744927199145281
1x16,172,0.57247287829717,0.5739454974893021
1x16,173,0.5744759678840637,0.5738241383945603
1x16,174,0.5728350122769673,0.5736674399324008
1x16,175,0.5730631947517395,0.5736771630441854
1x16,176,0.5722646713256836,0.5737323416963884
1x16,177,0.5731406688690186,0.5733094872309725
1x16,178,0.5731344143549602,0.5729299414911252
1x16,179,0.5723012089729309,0.5731929922147923
1x16,180,0.5726364692052205,0.5731369920722416
1x16,181,0.5729492942492167,0.5732054256834702
1x16,182,0.5722184499104818,0.5728254466508385
1x16,183,0.5719795465469361,0.5724288866586442
1x16,184,0.5715331951777141,0.572463636222343
1x16,185,0.5714332421620687,0.5721244857844809
1x16,186,0.571760364373525,0.5720673148474571
1x16,187,0.5720362822214763,0.571886261149217
1x16,188,0.571445620059967,0.5720131129901731
1x16,189,0.5720387271472386,0.5717355953579959
1x16,190,0.5721570806843894,0.5716403977706096
1x16,191,0.5722966364451817,0.5714188990532545
1x16,192,0.571756341627666,0.5717466029375722
1x16,193,0.5716176884514945,0.5714052310890484
1x16,194,0.5718651839665004,0.5711256103369587
1x16,195,0.5718357946191516,0.5709209045847949
1x16,196,0.5707447741712842,0.5711256076501352
1x16,197,0.571430082832064,0.5705884491277341
1x16,198,0.5716665259429387,0.5708722336614621
1x16,199,0.5720683421407428,0.570728373766613
1x16,200,0.5712337749344962,0.57081591253161
1x16,201,0.5710069026265826,0.5704415757465352
1x16,202,0.571576999766486,0.5703011300417278
1x16,203,0.5715456519808088,0.5700508092866932
1x16,204,0.5708509385585785,0.5702513623918228
1x16,205,0.5707612335681915,0.5700290130385434
1x16,206,0.5705052529062543,0.5700923107235911
1x16,207,0.5697321210588727,0.5697475285059052
1x16,208,0.5698255045073373,0.5697603352330683
1x16,209,0.5707899502345494,0.5697550503662056
1x16,210,0.5700897702148983,0.5694478992571108
1x16,211,0.5690468274630033,0.5690532685919899
1x16,212,0.5695485335129958,0.5690675302152303
1x16,213,0.5690606190608098,0.569070056025753
1x16,214,0.5688484173554641,0.5689248515891137
1x16,215,0.5683191877145034,0.5689225041261434
1x16,216,0.5682836404213538,0.5683597666650608
1x16,217,0.5678327496235187,0.5685392760592146
1x16,218,0.5686863706662104,0.5681579503741964
1x16,219,0.568626160805042,0.5681243373198734
1x16,220,0.5687377498700068,0.5681472888268695
1x16,221,0.568100223174462,0.5679937220991915
1x16,222,0.56783415721013,0.5679249385153476
1x16,223,0.5669353787715619,0.5677695012841043
1x16,224,0.5675179362297058,0.5678664581509371
1x16,225,0.5672453229243939,0.5674654616352668
1x16,226,0.5681395668249863,0.5678286296886685
1x16,227,0.5671146053534287,0.5676390654750272
1x16,228,0.5673441245005681,0.5675396844424146
1x16,229,0.5667162996072036,0.5673151728812151
1x16,230,0.5671143806897677,0.5672609248326732
1x16,231,0.5669708985548753,0.56756203280027
1x16,232,0.5677344890741202,0.5674497420740823
1x16,233,0.5675533918234018,0.5672169019564035
1x16,234,0.5666927786973807,0.5669586646366143
1x16,235,0.5665530516551092,0.5667415346754467
1x16,236,0.5679255769802973,0.5663561159240715
1x16,237,0.5674853370739863,0.5666192729705375
1x16,238,0.5674575108748215,0.5666145312805072
1x16,239,0.5660933210299566,0.5666813987376946
1x16,240,0.5656262269386878,0.5661001465490626
1x16,241,0.5658992253817045,0.5660641393412355
1x16,242,0.5659504716212933,0.5659387506460817
1x16,243,0.5659482020598191,0.566093324893023
1x16,244,0.5658790515019343,0.5663712686194994
1x16,245,0.5665208192972037,0.5661454209644583
1x16,246,0.5666599869728088,0.5656064491195232
1x16,247,0.5669475472890414,0.5657012655637277
1x16,248,0.5649122962584863,0.5653990710632165
1x16,249,0.5658169663869418,0.5654752286056823
1x16,250,0.5652015025799091,0.565564916555863
1x16,251,0.5652917990317712,0.565222697491899
1x16,252,0.5652626569454486,0.5654006716426554
1x16,253,0.565710975573613,0.5652078774003062
1x16,254,0.5655097548778241,0.565096004866883
1x16,255,0.567744140441601,0.5651542371438365
1x16,256,0.5649144099308894,0.5649597747918063
1x16,257,0.5644041345669673,0.5651340096596343
1x16,258,0.5650123632871188,0.5648111137591141
1x16,259,0.5645072781122648,0.5647911837112253
1x16,260,0.5634564558664957,0.5648141650170098
1x16,261,0.5631663600603739,0.5649289780180237
1x16,262,0.5635304649670919,0.5647616850227938
1x16,263,0.5641624083121618,0.5649740479063522
1x16,264,0.563076506058375,0.5648113916486298
1x16,265,0.563350573182106,0.5646285710538507
1x16,266,0.5639516065518061,0.5643440151136981
1x16,267,0.5640924920638403,0.5647637502632584
1x16,268,0.5637171864509583,0.5646553328442729
1x16,269,0.5634067058563232,0.5639950777825803
1x16,270,0.5632158463651483,0.5639721113961812
1x16,271,0.5613246083259582,0.5636732948412229
1x16,272,0.5607648670673371,0.5635624976766836
1x16,273,0.5603103697299957,0.563685037984291
1x16,274,0.5610671758651733,0.5633539662433928
1x16,275,0.5609482586383819,0.5637153528402109
1x16,276,0.5606810450553894,0.5633044849865216
1x16,277,0.5605020589298673,0.5633919302408702
1x16,278,0.5616850256919861,0.5630818940321325
1x16,279,0.5604401363266839,0.5631922616536333
1x16,280,0.5599534511566162,0.5628894228197708
1x16,281,0.5600744684537252,0.5625868381612444
1x16,282,0.5600238574875726,0.5628744503147275
1x16,283,0.5600898663202921,0.5633182751853756
1x16,284,0.5597609082857767,0.5628872250798403
1x16,285,0.562692791223526,0.5626861919509581
1x16,286,0.5626836121082306,0.5626169221914016
1x16,287,0.5628921464085579,0.5630367158605698
1x16,288,0.5634748084204537,0.5609197269336215
1x16,289,0.5628195490155902,0.5610216624221147
1x16,290,0.5635005491120475,0.5603014004746487
1x16,291,0.5635040657860892,0.5607094810300084
1x16,292,0.5629875063896179,0.5605611223783928
1x16,293,0.5632234045437404,0.5606871333935556
1x16,294,0.5630256533622742,0.5615463045251282
1x16,295,0.5623063842455546,0.5615945319360526
1x16,296,0.5620805025100708,0.5610952496280606
1x16,297,0.562777191400528,0.5609486983719584
1x16,298,0.5623777906099955,0.5612195456723615
1x16,299,0.5616165498892466,0.5615530657451192
1x16,300,0.5630027055740356,0.5609057662293849
1x16,301,0.5626611808935801,0.5615262778558211
1x16,302,0.5613601009051005,0.5614236618765448
1x16,303,0.5627270042896271,0.5606705373069977
1x16,304,0.5611821313699087,0.5607356154213559
1x16,305,0.561297744512558,0.5610216728035643
1x16,306,0.5620659291744232,0.5610850314372143
1x16,307,0.5623703300952911,0.5607872159252824
1x16,308,0.5608545243740082,0.5608594688328757
1x16,309,0.5618742903073629,0.5605100029940634
1x16,310,0.5610629220803579,0.5606564247225929
1x16,311,0.5616322159767151,0.5604589120645166
1x16,312,0.5614222089449564,0.5604416635496241
1x16,313,0.5605843663215637,0.5611697985438011
1x16,314,0.5621873339017233,0.5603413993464756
1x16,315,0.5610159834225973,0.5600178599403055
1x16,316,0.5613632698853811,0.5603962850333709
1x16,317,0.5626202722390493,0.5605207475640895
1x16,318,0.5617189407348633,0.560293416468226
1x16,319,0.5619271099567413,0.5601041012380349
1x16,320,0.5606847206751505,0.5599493019842919
1x16,321,0.561764637629191,0.5598472173526204
1x16,322,0.5609081288178762,0.559916989140275
1x16,323,0.5599385599295298,0.559758606775551
1x16,324,0.5613967080911001,0.5594668460033797
1x16,325,0.5603804091612498,0.5597844754472394
1x16,326,0.560936282078425,0.5594511643365162
1x16,327,0.5606919229030609,0.5597592730789499
1x16,328,0.5611525674661001,0.5597282605903617
1x16,329,0.5606353580951691,0.5598384042208697
1x16,330,0.5621998111406962,0.5593331576064466
1x16,331,0.5611985822518667,0.5595461608563482
1x16,332,0.560636301835378,0.5590732378687234
1x16,333,0.5602663358052572,0.5595264461262045
1x16,334,0.5602079431215922,0.5589936087785896
1x16,335,0.560578058163325,0.5591426818331825
1x16,336,0.5607093473275503,0.5591711220610781
1x16,337,0.5597431461016337,0.5592014798728248
1x16,338,0.5605320731798807,0.5587290630601823
1x16,339,0.5596773127714793,0.5592370660440403
1x16,340,0.5601067245006561,0.5586353280509267
1x16,341,0.5597799321015676,0.559137834845251
1x16,342,0.5610271592934927,0.5591321599364064
1x16,343,0.5600405633449554,0.5587398305334315
1x16,344,0.560017853975296,0.5586463355779999
1x16,345,0.5598861078421274,0.5584875106308431
1x16,346,0.5597755908966064,0.5583277899901326
1x16,347,0.5595477422078451,0.5585785357492705
1x16,348,0.5540323376655578,0.5566922354107635
1x16,349,0.5556958317756653,0.5567495431096582
1x16,350,0.5537263751029968,0.5571979167089578
1x16,351,0.5557384610176086,0.556962662618356
1x16,352,0.554406487941742,0.5569368481447976
1x16,353,0.5537081956863403,0.556411633714052
1x16,354,0.554136335849762,0.5563862503839704
1x16,355,0.5543760418891907,0.5565720949202971
1x16,356,0.5548882961273194,0.5567551140539971
1x16,357,0.5539459586143494,0.5562487034426414
1x16,358,0.5549761652946472,0.5564228864440014
1x16,359,0.5534281373023987,0.5563471997405787
1x16,360,0.5548094034194946,0.5563075098238544
1x16,361,0.5545103192329407,0.5561843909785754
1x16,362,0.5543638229370117,0.5564967146706504
1x16,363,0.5550060749053956,0.555803850771567
1x16,364,0.5555021286010742,0.555893233466658
1x16,365,0.5543859004974365,0.5561924519888788
1x16,366,0.5539051532745362,0.5567329427590739
1x16,367,0.5569191575050354,0.556246678480508
1x16,368,0.5546879768371582,0.5556457396266663
1x16,369,0.5545815587043762,0.5560185009874437
1x16,370,0.5539824485778808,0.5560657984532231
1x16,371,0.5544946789741516,0.5562192053954533
1x16,372,0.5530460834503174,0.5556323943444116
1x16,373,0.5531355977058411,0.5555084072587674
1x16,374,0.5531377911567688,0.5553768057674416
1x16,375,0.5550026595592499,0.5563644191108122
1x16,376,0.5556108951568604,0.556431086165461
1x16,377,0.5548366010189056,0.5571098656186342
1x16,378,0.5554714947938919,0.5563806418916908
1x16,379,0.5563042014837265,0.556530764410057
1x16,380,0.5563356280326843,0.5563262355576096
1x16,381,0.5549351722002029,0.5556620579217899
1x16,382,0.5554726272821426,0.5560276056818003
1x16,383,0.5563845932483673,0.5557853598963098
1x16,384,0.554077759385109,0.555247452359541
1x16,385,0.5548977553844452,0.5555827902280128
1x16,386,0.554647371172905,0.5554340907443869
1x16,387,0.5550734549760818,0.5554372013441544
1x16,388,0.5555329024791718,0.5553822369323766
1x16,389,0.5546434819698334,0.5556151116835617
1x16,390,0.5541766136884689,0.555724825141435
1x16,391,0.5545701384544373,0.5553737601804989
1x16,392,0.5554332137107849,0.5555228368499879
1x16,393,0.5542574971914291,0.5558182200740318
1x16,394,0.5560142993927002,0.5549553869383385
1x16,395,0.5564988702535629,0.5550265675766937
1x16,396,0.5548086762428284,0.5553578220427136
1x16,397,0.5551277101039886,0.5551157519535739
1x16,398,0.5545967668294907,0.5550519128121336
1x16,399,0.5571432262659073,0.5552126863653835
1x16,400,0.5561374127864838,0.5558586899407717
1x16,401,0.5541505962610245,0.555488189936996
1x16,402,0.5541279464960098,0.5554410935939886
1x16,403,0.5537480413913727,0.5550129489997138
1x16,404,0.5536682605743408,0.5544903078841948
1x16,405,0.553001806139946,0.5549342154632553
1x16,406,0.5537166744470596,0.5550536726634261
1x16,407,0.553972601890564,0.5546915504846032
1x16,408,0.5538207441568375,0.5551257874627703
1x16,409,0.554682046175003,0.554968187920329
1x16,410,0.5538982152938843,0.5551859248625542
1x16,411,0.5553464293479919,0.5547262834133933
1x16,412,0.5546209067106247,0.5550420860076464
1x16,413,0.5531139671802521,0.5545576681846007
1x16,414,0.5545139759778976,0.5543240903329918
1x16,415,0.5526048541069031,0.5543737098653394
1x16,416,0.5533146262168884,0.5547221322334028
1x16,417,0.5543076545000076,0.554597665776686
1x16,418,0.5534119009971619,0.5543639286905891
1x16,419,0.5545226782560349,0.5548391300284793
1x16,420,0.5527845025062561,0.5543939593262248
1x16,421,0.5545840710401535,0.5543327798489903
1x16,422,0.552218034863472,0.5546692438265536
1x16,423,0.552580863237381,0.5538704475612588
1x16,424,0.5530891865491867,0.5539456021210825
1x16,425,0.5541113317012787,0.5538945070611073
1x16,426,0.5529870688915253,0.5540387244862629
1x16,427,0.553655207157135,0.5537874363929943
1x16,428,0.5519320964813232,0.5541474945820298
1x16,429,0.5546074658632278,0.5546427215327927
1x16,430,0.5535114109516144,0.5536772492199541
1x16,431,0.554485023021698,0.5540790539406786
1x16,432,0.5530208945274353,0.553863448772538
1x16,433,0.5524779111146927,0.5536720312992518
1x16,434,0.5543455630540848,0.5533729697481929
1x16,435,0.5537901371717453,0.5535967405164026
1x16,436,0.5524200052022934,0.5540175189895848
1x16,437,0.5527682900428772,0.5536078832896056
1x16,438,0.5528006255626678,0.5536820829652824
1x16,439,0.5523839592933655,0.5530548454267826
1x16,440,0.5541044920682907,0.5537711520597528
1x16,441,0.5523046106100082,0.5531962854045559
1x16,442,0.5523912161588669,0.5534930942490329
1x16,443,0.5439211130142212,0.5536174370066385
1x16,444,0.5424036780993143,0.5535257749461453
1x16,445,0.541541576385498,0.5529715543710939
1x16,446,0.5437431534131368,0.5524165102109673
1x16,447,0.5433866381645203,0.5530990293317419
1x16,448,0.5433560013771057,0.552178340400661
1x16,449,0.5444874366124471,0.5524072454399529
1x16,450,0.5454169511795044,0.5529564647471004
1x16,451,0.5428673426310221,0.5525229949346334
1x16,452,0.5434443553288778,0.5525931741370632
1x16,453,0.5427140394846598,0.5525665896881301
1x16,454,0.5424971977869669,0.5523908370935594
1x16,455,0.5415595769882202,0.5527558480830331
1x16,456,0.5418637990951538,0.5521102682829988
1x16,457,0.542061428229014,0.5525956853841401
1x16,458,0.5445607503255209,0.5529851869639263
1x16,459,0.5439460277557373,0.5554391698143484
1x16,460,0.5452882945537567,0.5552058236601037
1x16,461,0.548930436372757,0.5555502100468359
1x16,462,0.5476739406585693,0.5555891133947704
1x16,463,0.5463436245918274,0.5554568290809188
1x16,464,0.5441292226314545,0.5553763711173667
1x16,465,0.5457667410373688,0.5549561645334016
1x16,466,0.5446954369544983,0.5556784538950201
1x16,467,0.5442349314689636,0.5557741326395058
1x16,468,0.5464549958705902,0.5548036924279844
1x16,469,0.544851690530777,0.5547091216413138
1x16,470,0.5446722507476807,0.5549357896045508
1x16,471,0.5435647368431091,0.5548485684321488
1x16,472,0.5447113513946533,0.5544036809151374
1x16,473,0.5458413064479828,0.554858962730851
1x16,474,0.54430091381073,0.5549352320352356
1x16,475,0.5436181724071503,0.5554849577620549
1x16,476,0.5442934632301331,0.5560498667741749
1x16,477,0.5444250702857971,0.554501123685815
1x16,478,0.545242041349411,0.5542551862537142
1x16,479,0.5444616079330444,0.5550433340354364
1x16,480,0.5448082685470581,0.5596763715765083
1x16,481,0.5451720952987671,0.5592183716324232
1x16,482,0.5482209920883179,0.5593024969448885
1x16,483,0.5482009053230286,0.5592160865581025
1x16,484,0.5496443510055542,0.5589999344960704
1x16,485,0.544714093208313,0.5584554572704228
1x16,486,0.5447775721549988,0.5587229612047216
1x16,487,0.5450795292854309,0.558688335297583
1x16,488,0.544450044631958,0.5597596294902294
1x16,489,0.546286940574646,0.559034732035153
1x16,490,0.5469939708709717,0.5591323380239136
1x16,491,0.5454069375991821,0.5588720989211309
1x16,492,0.5465151071548462,0.5587539550510878
1x16,493,0.5456188917160034,0.5588461741472425
1x16,494,0.5462688207626343,0.5588788409013802
1x16,495,0.5451676845550537,0.5610025128073578
1x16,496,0.5472853779792786,0.5587883836803464
1x16,497,0.5477443933486938,0.5588748753446975
1x16,498,0.5464582443237305,0.5587198919157994
1x16,499,0.544189453125,0.5586543240795059
1x16,500,0.5477548241615295,0.5580902904156886
1x256,1,0.6887692888577779,0.9008919807475433
1x256,2,0.6570481975873311,0.68018546331183
1x256,3,0.6462375919024149,0.6570854807791171
1x256,4,0.632235324382782,0.6438156336057741
1x256,5,0.6290422439575195,0.6319560048270227
1x256,6,0.6203855951627095,0.6236508610520893
1x256,7,0.6086729844411214,0.616050586406875
1x256,8,0.6045188983281453,0.6087419553291525
1x256,9,0.5998327453931173,0.602181515923018
1x256,10,0.5977723240852356,0.5970485122272599
1x256,11,0.5880668997764588,0.5908630626079885
1x256,12,0.590099040667216,0.5851058642437806
1x256,13,0.5781496127446493,0.5822893698503987
1x256,14,0.5737183570861817,0.5771615359636854
1x256,15,0.575036080678304,0.5724653729144975
1x256,16,0.5731273690859476,0.5698424371061322
1x256,17,0.5647829890251159,0.5660511163775205
1x256,18,0.5645045797030132,0.5618882313472968
1x256,19,0.5619864384333293,0.5590034042752008
1x256,20,0.5563157757123312,0.5565697103024113
1x256,21,0.5547371904055277,0.5538220859985863
1x256,22,0.5578104853630066,0.5506593108595645
1x256,23,0.5497903307278951,0.5490577918343281
1x256,24,0.5497768521308899,0.5461224024809117
1x256,25,0.5514765580495199,0.5430825100819507
1x256,26,0.5464774966239929,0.5428814291524218
1x256,27,0.5421876033147176,0.5407711277791751
1x256,28,0.5462302764256796,0.5374796523348162
1x256,29,0.5397474726041158,0.5366113752439363
1x256,30,0.540219517548879,0.5335883797398342
1x256,31,0.5408391118049621,0.5317771048082522
1x256,32,0.5396428346633911,0.5312486853446521
1x256,33,0.5368943889935811,0.5302419516647873
1x256,34,0.5357218225797017,0.5270199611941713
1x256,35,0.5336474180221558,0.5266779583802338
1x256,36,0.5299989422162373,0.5241863502498612
1x256,37,0.5297483404477438,0.5229201149235692
1x256,38,0.5329609870910644,0.521502573214508
1x256,39,0.5281338413556417,0.5199114077412068
1x256,40,0.5317189892133077,0.5191321932762647
1x256,41,0.5286908785502116,0.5189016385479148
1x256,42,0.525717540582021,0.5176167324217892
1x256,43,0.5241082231203715,0.5165026176067015
1x256,44,0.5241313278675079,0.51496108590041
1x256,45,0.5220891674359639,0.5135773512111317
1x256,46,0.5212523162364959,0.5121367162350698
1x256,47,0.5234066565831502,0.5112015121014031
1x256,48,0.5215059061845143,0.5106079470817122
1x256,49,0.5167340536912283,0.5091360244748845
1x256,50,0.5176793018976847,0.5069786434989376
1x256,51,0.5185092349847158,0.5069846267726807
1x256,52,0.5175412396589915,0.5078301601901595
1x256,53,0.5154679417610168,0.5065714521788425
1x256,54,0.5164955695470174,0.5037035000165642
1x256,55,0.5165715177853902,0.5027366331881294
1x256,56,0.5193036993344625,0.5024274326035936
1x256,57,0.5114448606967926,0.5023305863078539
1x256,58,0.513766332467397,0.5004599907666477
1x256,59,0.5111957430839539,0.5003086587428006
1x256,60,0.5093875586986542,0.49938683815341406
1x256,61,0.510945838689804,0.4981629186871175
1x256,62,0.5135053912798564,0.49744244370359636
1x256,63,0.5147195398807526,0.4973655324384509
1x256,64,0.5138219475746155,0.4967704393515996
1x256,65,0.5071721235911052,0.49656289435633355
1x256,66,0.5027483860651653,0.4941627562358721
1x256,67,0.5077379484971364,0.49298634283531223
1x256,68,0.5073043286800385,0.4933107420097239
1x256,69,0.5079726417859395,0.49251706203248075
1x256,70,0.5013060291608175,0.4916264352758873
1x256,71,0.503962387641271,0.4915256988207311
1x256,72,0.5046552280584972,0.4903063356356433
1x256,73,0.501367574930191,0.48906419139984975
1x256,74,0.5065360228220622,0.4888015810011664
1x256,75,0.5093615452448527,0.4886435294807363
1x256,76,0.5035195291042328,0.4880080960275454
1x256,77,0.5066234230995178,0.4874852716148531
1x256,78,0.5045034805933635,0.48696860558647004
1x256,79,0.5027760644753774,0.48593082006204064
1x256,80,0.5036448160807292,0.4858451262529015
1x256,81,0.5030261119206746,0.48639679859358526
1x256,82,0.5000083724657695,0.4844926965867958
1x256,83,0.5042828480402629,0.4836340851944836
1x256,84,0.49891056418418883,0.4830537865773191
1x256,85,0.5008288462956746,0.4825870263978825
1x256,86,0.49875704646110536,0.4825165981169656
1x256,87,0.4998263041178385,0.4821398900978188
1x256,88,0.5037389616171519,0.48038472380112085
1x256,89,0.49513513445854185,0.48053207140936927
1x256,90,0.49741786122322085,0.47991643050083943
1x256,91,0.5009729822476705,0.4789872947747355
1x256,92,0.49642501076062523,0.4789601694592977
1x256,93,0.4986196796099345,0.478190883429417
1x256,94,0.49762075146039325,0.4781793478485026
1x256,95,0.4965586046377818,0.47711616100175325
1x256,96,0.5035202980041504,0.47604355679121685
1x256,97,0.4985944549242655,0.476964987579611
1x256,98,0.49593299825986226,0.47646052970377745
1x256,99,0.4968347807725271,0.4764350386133534
1x256,100,0.4939706325531006,0.4763744900796356
1x256,101,0.49214940071105956,0.474673028268526
1x256,102,0.49416554570198057,0.4744468841788827
1x256,103,0.4898937483628591,0.4741227346763243
1x256,104,0.4952292581399282,0.4728929280526338
1x256,105,0.4928892989953359,0.473444808738124
1x256,106,0.49199312726656597,0.4732360590259193
1x256,107,0.49220004479090373,0.4719319410477344
1x256,108,0.48959805965423586,0.47228601971494105
1x256,109,0.4886701762676239,0.4705569841259363
1x256,110,0.49487751722335815,0.47128273230217943
1x256,111,0.4952064792315165,0.47066008506675766
1x256,112,0.4901873389879862,0.4711090736389505
1x256,113,0.4948021650314331,0.46988590324306806
1x256,114,0.4960524618625641,0.4694129936415687
1x256,115,0.4936624765396118,0.4699819619654598
1x256,116,0.49196975231170653,0.46770624452146187
1x256,117,0.49025962154070535,0.4678842355344496
1x256,118,0.4887359321117401,0.46782913445009583
1x256,119,0.48751322825749716,0.4685588405300681
1x256,120,0.48794570366541545,0.46749588404643144
1x256,121,0.48465620832783834,0.466797417555059
1x256,122,0.49049230558531626,0.46591260766791
1x256,123,0.4874506081853594,0.46678013744868546
1x256,124,0.4908026456832886,0.4663766894059984
1x256,125,0.48953138078962055,0.46585617199126883
1x256,126,0.4850718251296452,0.4641179355841472
1x256,127,0.4854963294097355,0.4639230524407071
1x256,128,0.4854100857462202,0.4646258133966307
1x256,129,0.48653157693999155,0.46369649066270585
1x256,130,0.4857148017202105,0.46296185695948816
1x256,131,0.4903957503182547,0.4629082323394517
1x256,132,0.48467816199575153,0.4651698520693533
1x256,133,0.4864961462361472,0.46244321076810035
1x256,134,0.4878155567816326,0.46301150047950795
1x256,135,0.481965714267322,0.4631717247214305
1x256,136,0.48259568001542774,0.4608666880503164
1x256,137,0.48715367913246155,0.46156142450185056
1x256,138,0.48339079533304485,0.4619736328079923
1x256,139,0.4848046026059559,0.46067029518712976
1x256,140,0.48955011793545317,0.460467740034279
1x256,141,0.4797708945614951,0.4614475926862884
1x256,142,0.4817068321364267,0.45881644352009615
1x256,143,0.4822016251938684,0.4592652985047337
1x256,144,0.4836893528699875,0.4580018939802703
1x256,145,0.4803897248847144,0.45849565120890395
1x256,146,0.4850508975131171,0.45864553698429295
1x256,147,0.4800164209944861,0.45804072870724
1x256,148,0.4824071675539017,0.457356805032435
1x256,149,0.48222510729517254,0.458082477387313
1x256,150,0.48728356829711367,0.4575161368663084
1x256,151,0.4831735151154654,0.45825655269394294
1x256,152,0.47848600362028393,0.4569100182309555
1x256,153,0.49176367478711264,0.45557423518565354
1x256,154,0.48537348210811615,0.45852115081381833
1x256,155,0.4862766925777708,0.45530632457285786
1x256,156,0.48080000281333923,0.45648763801216996
1x256,157,0.48906728128592175,0.455977196213806
1x256,158,0.47764764726161957,0.4568356521248767
1x256,159,0.4833744019269943,0.4545504656277705
1x256,160,0.480971318980058,0.4563488581145756
1x256,161,0.48986632625261944,0.45378127164017346
1x256,162,0.4853442385792732,0.4547049951989906
1x256,163,0.47968266656001407,0.45287541678543003
1x256,164,0.4821211025118828,0.45202022682728366
1x256,165,0.4790792614221573,0.45252066931709406
1x256,166,0.479277566075325,0.45225932520217044
1x256,167,0.48361622203480115,0.45082396060138374
1x256,168,0.4885085739872672,0.45140994993639916
1x256,169,0.48931082541292364,0.4532388617659224
1x256,170,0.4851266633380543,0.4510965528288811
1x256,171,0.4829953339966861,0.45165325164302517
1x256,172,0.48069005933674896,0.45255848814432176
1x256,173,0.47664038972421124,0.4521819887627109
1x256,174,0.48174971613017,0.44987572713569396
1x256,175,0.47998079657554626,0.4514059337868082
1x256,176,0.47918518023057416,0.45053882442354226
1x256,177,0.4759208749641072,0.44983447694345746
1x256,178,0.48167940974235535,0.44962899684014795
1x256,179,0.48106224970384076,0.45064004683800696
1x256,180,0.4764274548400532,0.4497973737608269
1x256,181,0.4760087457570163,0.4490041335512926
1x256,182,0.4792346547950398,0.44949128207509365
1x256,183,0.4756203862753781,0.4473339521346435
1x256,184,0.4792427366430109,0.44747410668356385
1x256,185,0.4786662215536291,0.44959996725838125
1x256,186,0.476489701054313,0.44732950694195267
1x256,187,0.47793480482968415,0.44814984512333633
1x256,188,0.4797959436069835,0.44798556163499814
1x256,189,0.4824132838032462,0.4471555362524491
1x256,190,0.4823994040489197,0.4480426593545538
1x256,191,0.4863729747858914,0.4467983731359013
1x256,192,0.4815157489343123,0.44810032514424075
1x256,193,0.47763501703739164,0.44626725346532925
1x256,194,0.4736847072839737,0.4461738741701359
1x256,195,0.48673224449157715,0.4464669094706236
1x256,196,0.4784733414649963,0.4466523383725768
1x256,197,0.4798133999109268,0.4438222971691867
1x256,198,0.47488580809699166,0.44529857033932213
1x256,199,0.4731123877896203,0.44461684395227785
1x256,200,0.4759293529722426,0.4439210545047288
1x256,201,0.47834502533078194,0.4434449046665365
1x256,202,0.478707309280123,0.44365648699366406
1x256,203,0.4850402644702366,0.4435379529455671
1x256,204,0.48358554641405743,0.4435962342572737
1x256,205,0.47835677365461987,0.44337095370416413
1x256,206,0.48402238885561627,0.4416945254234414
1x256,207,0.48064273595809937,0.4428631397577042
1x256,208,0.4852414786815643,0.4418930390206592
1x256,209,0.4805190026760101,0.4424787835609069
1x256,210,0.4968429744243622,0.4425186818193033
1x256,211,0.4952403485774994,0.44033602189098975
1x256,212,0.484320867061615,0.442710998786721
1x256,213,0.480424165725708,0.4408644948475292
1x256,214,0.48110252618789673,0.4398694885522774
1x256,215,0.4838467761874199,0.43890028705805306
1x256,216,0.47944655021031696,0.4412855235104281
1x256,217,0.4833654959996541,0.441319878639673
1x256,218,0.48997870087623596,0.4409346345525371
1x256,219,0.48045950134595233,0.44176701005700164
1x256,220,0.49193371335665387,0.43914203435697413
1x256,221,0.4881889323393504,0.4407031398574815
1x256,222,0.4885421395301819,0.44011333968373506
1x256,223,0.48240052660306293,0.4397570140655303
1x256,224,0.48066367705663043,0.4409799802400798
1x256,225,0.48543931047121686,0.43990590108580035
1x256,226,0.5102743804454803,0.441398712523194
1x256,227,0.4924599230289459,0.4443926163738104
1x256,228,0.5135131925344467,0.4396237334007437
1x256,229,0.49296432733535767,0.44122458228113676
1x256,230,0.47550201416015625,0.4376721615015101
1x256,231,0.47829054296016693,0.437575521539267
1x256,232,0.4749673157930374,0.4383357525744009
1x256,233,0.48314158618450165,0.4361276197630477
1x256,234,0.477244108915329,0.43774873850482343
1x256,235,0.4705805778503418,0.43970321702559384
1x256,236,0.4859369844198227,0.4363086192329486
1x256,237,0.4976373612880707,0.44002089323251886
1x256,238,0.4727051556110382,0.4416552459891779
1x256,239,0.4923638850450516,0.43665069070248475
1x256,240,0.49594825506210327,0.44075196035664155
1x256,241,0.471175879240036,0.43839956239986055
1x256,242,0.4751904457807541,0.4345864258507331
1x256,243,0.47875623404979706,0.4370045484839069
1x256,244,0.4713698923587799,0.4343776211884248
1x256,245,0.47129498422145844,0.4358895075369861
1x256,246,0.4964694678783417,0.436251749267448
1x256,247,0.4855569005012512,0.4377547872184513
1x256,248,0.4797518849372864,0.43803226723861477
1x256,249,0.47230058908462524,0.43477078313691914
1x256,250,0.4768041521310806,0.4336109023496839
1x256,251,0.5102488100528717,0.43446000885058816
1x256,252,0.4753033220767975,0.4395402324783169
1x256,253,0.5246519148349762,0.4344304549263377
1x256,254,0.4730670899152756,0.44231245715112033
1x256,255,0.4782572537660599,0.43330748280375275
1x256,256,0.475917786359787,0.42920218227676404
1x256,257,0.4668898284435272,0.42832805546730995
1x256,258,0.4682059586048126,0.43097182099794923
1x256,259,0.47896474599838257,0.42718359622526897
1x256,260,0.4634808897972107,0.42871750968553163
1x256,261,0.484811395406723,0.42778338704320207
1x256,262,0.4813888669013977,0.429856247811454
1x256,263,0.48425838351249695,0.43022720261008296
1x256,264,0.4648491144180298,0.4277148310039532
1x256,265,0.4687260091304779,0.42904359229197586
1x256,266,0.468698114156723,0.42756668756773036
1x256,267,0.4638946056365967,0.4258026372874358
1x256,268,0.49781063199043274,0.42841328178951393
1x256,269,0.47676777839660645,0.43489506879025497
1x256,270,0.4654107093811035,0.42467743190547746
1x256,271,0.46483924984931946,0.4274407320898245
1x256,272,0.46622008085250854,0.4295326411604195
1x256,273,0.46522897481918335,0.42498405928809985
1x256,274,0.4656926989555359,0.42723655482990525
1x256,275,0.47874608635902405,0.42938728301534707
1x256,276,0.4723186790943146,0.42958188198469804
1x256,277,0.47455114126205444,0.4274651230632239
1x256,278,0.47816258668899536,0.42517979647013593
1x256,279,0.4832267165184021,0.4276015535085145
1x256,280,0.46408602595329285,0.4282590870771854
1x64,1,0.8168482700983684,1.266069152363908
1x64,2,0.7369464834531149,0.7817237833892765
1x64,3,0.7007596850395202,0.7263487834157885
1x64,4,0.6807441473007202,0.6980962737018287
1x64,5,0.6693870067596436,0.6808592924833554
1x64,6,0.6606369415918986,0.6699497504979047
1x64,7,0.6535034577051798,0.661960806505049
1x64,8,0.6469525575637818,0.655110043512023
1x64,9,0.6425559838612874,0.6495999291853036
1x64,10,0.6381328384081523,0.6445517975426859
1x64,11,0.6340225179990132,0.6397053098736422
1x64,12,0.630369778474172,0.6354954934448364
1x64,13,0.6263353188832601,0.6321361203094269
1x64,14,0.6226680517196655,0.6276319932579972
1x64,15,0.6198082288106282,0.6241309738792982
1x64,16,0.6161373575528463,0.6207737145596665
1x64,17,0.6133236328760783,0.6175136274896147
1x64,18,0.6111518303553264,0.614165253339999
1x64,19,0.6082439541816711,0.6118099651491579
1x64,20,0.6046638488769531,0.6084876380137316
1x64,21,0.6026211063067118,0.6054910840317778
1x64,22,0.6002158522605896,0.6025315750935405
1x64,23,0.5963873068491617,0.6000775347692484
1x64,24,0.5940795381863911,0.5970179471597599
1x64,25,0.5909006317456563,0.5940403179977906
1x64,26,0.5886682073275248,0.5922441979877792
1x64,27,0.5866836190223694,0.5893794758254312
1x64,28,0.5848920265833537,0.5867302868489491
1x64,29,0.5834126551946004,0.5850738216047049
1x64,30,0.5807855884234111,0.5826248568662075
1x64,31,0.5793254375457764,0.5808999587215283
1x64,32,0.5772554874420166,0.5791037212845993
1x64,33,0.5750364820162456,0.5773674688894578
1x64,34,0.5740357160568237,0.5749642778833409
1x64,35,0.5725939234097799,0.5739689205930023
1x64,36,0.5704058130582174,0.5720825866158225
1x64,37,0.569379472732544,0.5702725412023989
1x64,38,0.5691152413686117,0.5686688456497161
1x64,39,0.5657706499099732,0.5672768866083943
1x64,40,0.566776438554128,0.5654671920231047
1x64,41,0.5634279847145081,0.565156115330929
1x64,42,0.5626882433891296,0.5636626506071711
1x64,43,0.562864625453949,0.5623885944315224
1x64,44,0.5613170305887858,0.5609963029860473
1x64,45,0.5597602407137553,0.5600066284736719
1x64,46,0.5595528682072958,0.559006447076017
1x64,47,0.5583978255589803,0.558119713571602
1x64,48,0.5574841896692911,0.5572817460334492
1x64,49,0.5571006774902344,0.5561234431420878
1x64,50,0.5548642675081888,0.554916669805315
1x64,51,0.5549101670583089,0.5538082166143873
1x64,52,0.5525707284609477,0.5534497993550065
1x64,53,0.5539505004882812,0.5524098428191189
1x64,54,0.5523207108179728,0.5513045234431263
1x64,55,0.5514636635780334,0.5503951281085009
1x64,56,0.5501815478006998,0.5498098385597785
1x64,57,0.549517794450124,0.5492254836498455
1x64,58,0.5495018164316813,0.5481952089625615
1x64,59,0.5507583816846212,0.5482269974485824
1x64,60,0.5486025889714559,0.546979906706094
1x64,61,0.5485244075457255,0.5463066553494961
1x64,62,0.5483369787534078,0.5453330512624319
1x64,63,0.5475052873293559,0.5451743781334273
1x64,64,0.5472756028175354,0.5448506984503251
1x64,65,0.5465065002441406,0.5441400110864992
1x64,66,0.544494088490804,0.5430113145131266
1x64,67,0.5434703389803569,0.5423137562950142
1x64,68,0.5439314683278401,0.5420669779866767
1x64,69,0.5430341442426045,0.5410879611188496
1x64,70,0.5427687287330627,0.5405571266412045
1x64,71,0.5432568868001302,0.5405611666243896
1x64,72,0.5412712017695109,0.539609744101986
1x64,73,0.5437763929367065,0.5388770196587729
1x64,74,0.5419068137804667,0.5385389808882064
1x64,75,0.5404626568158467,0.5383664446622419
1x64,76,0.5395351807276408,0.537588374230767
1x64,77,0.5399560610453288,0.5371273414057111
1x64,78,0.5402226646741232,0.5364927990008972
1x64,79,0.5399251143137614,0.5357714419116549
1x64,80,0.539893102645874,0.5357521895701733
1x64,81,0.5382213830947876,0.5354766839325925
1x64,82,0.5377434571584065,0.5343788905515461
1x64,83,0.5378759821256002,0.5340868237560091
1x64,84,0.5377525846163432,0.5338230831787139
1x64,85,0.5382292906443278,0.5333206781243981
1x64,86,0.5377315878868103,0.5330394370572616
1x64,87,0.5372063438097636,0.5326980983015772
1x64,88,0.5372961481412252,0.5322503004615022
1x64,89,0.5345148046811422,0.5319974175754828
1x64,90,0.5371098677317302,0.5310544953627482
1x64,91,0.534548032283783,0.5307486281627604
1x64,92,0.5348027030626933,0.5300876798087111
1x64,93,0.534003468354543,0.5299025025528946
1x64,94,0.534730056921641,0.5294943087689444
1x64,95,0.5346171061197916,0.5293850141501484
1x64,96,0.5336698492368063,0.5284490198051333
1x64,97,0.5340132713317871,0.5291547023263594
1x64,98,0.5324311097462971,0.528419873337896
1x64,99,0.532532799243927,0.5276150225242818
1x64,100,0.5341103792190551,0.5275327533850246
1x64,101,0.5316355466842652,0.5267448872853622
1x64,102,0.5322901089986165,0.5268493072064769
1x64,103,0.5294617136319478,0.5261246315167731
1x64,104,0.5323763132095337,0.525660063434696
1x64,105,0.5300511002540589,0.5254307565245143
1x64,106,0.5295457005500793,0.5250189606928718
1x64,107,0.529866083463033,0.5249919175492802
1x64,108,0.529621974627177,0.5241862977703936
1x64,109,0.5286606391270955,0.5242116124687775
1x64,110,0.5297474463780721,0.5240341368129454
1x64,111,0.528200089931488,0.5232412334672502
1x64,112,0.5290837486584982,0.5231663203576246
1x64,113,0.5296024123827616,0.5226340797261496
1x64,114,0.5305646737416585,0.5229767807851642
1x64,115,0.5289308826128641,0.523433043123967
1x64,116,0.5277250448862711,0.5215693241699311
1x64,117,0.5284755269686381,0.5218542200689428
1x64,118,0.52626580397288,0.5211913315433491
1x64,119,0.5260174791018168,0.52104014797066
1x64,120,0.5264183163642884,0.5205006588007178
1x64,121,0.5270116051038106,0.5203543883923029
1x64,122,0.5263750235239665,0.5197893780671758
1x64,123,0.5254224379857381,0.5200164152368414
1x64,124,0.525078026453654,0.5194496302998639
1x64,125,0.5251590212186178,0.5197894311563876
1x64,126,0.5240525046984355,0.5187177607653529
1x64,127,0.5248392820358276,0.5183558074255883
1x64,128,0.5242693901062012,0.5184163039334834
1x64,129,0.5236918648084005,0.5177762744364413
1x64,130,0.5244608481725057,0.5171315767943965
1x64,131,0.5248647252718608,0.5175556393509936
1x64,132,0.525035293896993,0.5184427472133972
1x64,133,0.5234033187230428,0.5166233002067487
1x64,134,0.5231544733047485,0.5171509610840519
1x64,135,0.5224739491939545,0.517186662144196
1x64,136,0.5221053481101989,0.5158653803209888
1x64,137,0.5230077266693115,0.5159704912121336
1x64,138,0.5229249835014343,0.5163486707729619
1x64,139,0.521751868724823,0.5154978871066547
1x64,140,0.5241839647293091,0.5149487063419947
1x64,141,0.5215735872586568,0.5153021577154131
1x64,142,0.5218048572540284,0.5146655308659894
1x64,143,0.5225673536459605,0.5147846804684573
1x64,144,0.522853962580363,0.5138711492483078
1x64,145,0.5220106840133667,0.5137097066204214
1x64,146,0.5207383076349894,0.513611169278407
1x64,147,0.5201472361882528,0.5131945995091984
1x64,148,0.5207305590311686,0.5131084141191715
1x64,149,0.5206557432810466,0.5130203912705665
1x64,150,0.5211045344670614,0.5130754522559821
1x64,151,0.5198628544807434,0.5129699232972852
1x64,152,0.5201553722222646,0.5122377951606857
1x64,153,0.5209218223889669,0.5121520477106575
1x64,154,0.520270703236262,0.5126091333831853
1x64,155,0.5209536393483479,0.5116840408617791
1x64,156,0.5200784703095754,0.5114629138383816
1x64,157,0.5199565430482228,0.511408865721304
1x64,158,0.518362432718277,0.5114780306783973
1x64,159,0.5206672588984171,0.5103112163798006
1x64,160,0.5176588416099548,0.5111259645703045
1x64,161,0.5183354119459788,0.5102241057288305
1x64,162,0.5198927819728851,0.5107776251104665
1x64,163,0.5179009735584259,0.5102613468815221
1x64,164,0.51878013809522,0.5094229260447248
1x64,165,0.5189427554607391,0.5098022031587679
1x64,166,0.5183906614780426,0.5094160291874538
1x64,167,0.5171924789746603,0.5094465325574621
1x64,168,0.5178698897361755,0.5085509041473393
1x64,169,0.5176823854446411,0.5088692228997717
1x64,170,0.519175632794698,0.5082790165330111
1x64,171,0.5158988992373149,0.508912512787837
1x64,172,0.5164705594380696,0.5081407180182679
1x64,173,0.5159355421861013,0.5082610656224936
1x64,174,0.518270214398702,0.5075529776777465
1x64,175,0.5190345287322998,0.5083331670387097
1x64,176,0.5156752109527588,0.5077834439793749
1x64,177,0.5170903126398723,0.5073590533432563
1x64,178,0.5164678514003753,0.5068515379092027
1x64,179,0.5163176039854686,0.5070381666021423
1x64,180,0.5182517627875011,0.5072615419687391
1x64,181,0.5164593736330668,0.5072342373632318
1x64,182,0.5184719959894816,0.506674378850954
1x64,183,0.5145332952340443,0.5060482858959529
1x64,184,0.5139075517654419,0.5056354739243074
1x64,185,0.515419473250707,0.5057344677248854
1x64,186,0.5144922693570455,0.5056603500803929
1x64,187,0.5153274436791738,0.505611670704488
1x64,188,0.5156718651453654,0.5054903734860627
1x64,189,0.5155925989151001,0.5056255973229222
1x64,190,0.5161841571331024,0.5054639058792225
1x64,191,0.5145772933959961,0.5049705701979751
1x64,192,0.5178633650143941,0.5052475800852688
1x64,193,0.5151379267374675,0.5049734447718087
1x64,194,0.5142101466655731,0.5042944070727471
1x64,195,0.5174786726633708,0.5039262878094247
1x64,196,0.513385538260142,0.504894271435792
1x64,197,0.5135515868663788,0.5034910413058562
1x64,198,0.5131652196248372,0.5040985624177267
1x64,199,0.5141633530457814,0.5036437227313102
1x64,200,0.5148695429166158,0.5036847495446323
1x64,201,0.5155864874521892,0.5037148590709281
1x64,202,0.5132704635461172,0.503336411388171
1x64,203,0.5149230043093364,0.5025854843656175
1x64,204,0.5127886652946472,0.5035173224650858
1x64,205,0.5138367811838785,0.5023695131877198
1x64,206,0.5137301623821259,0.5025470091796737
1x64,207,0.511685452858607,0.502427514071738
1x64,208,0.5149270673592885,0.5021805451884765
1x64,209,0.5128817975521087,0.5022787455099593
1x64,210,0.5142086128393809,0.5021683952506432
1x64,211,0.5130372802416484,0.5017426155617861
1x64,212,0.5137749234835307,0.5023709803232715
1x64,213,0.5145402933870044,0.5021080403027551
1x64,214,0.5157398049320493,0.5016618902551856
1x64,215,0.5152568702514355,0.501289348013511
1x64,216,0.5162082933462583,0.5002321699528709
1x64,217,0.5122747260790604,0.5014208140023746
1x64,218,0.5122183928122888,0.5002523490055188
1x64,219,0.5150201251873603,0.5002863625638235
1x64,220,0.5160425786788647,0.49984638955079
1x64,221,0.5151112836140853,0.5002284285682406
1x64,222,0.5144564899114462,0.4997973043954119
1x64,223,0.5137594525630658,0.5002334088356711
1x64,224,0.5128468022896693,0.4995473776697109
1x64,225,0.5134387818666605,0.49938255934951087
1x64,226,0.5148362333957965,0.49963097855508487
1x64,227,0.5142338367608877,0.4996901924439637
1x64,228,0.5155350565910339,0.49968641788844664
1x64,229,0.5138906859434568,0.49904612506382307
1x64,230,0.5136207181673783,0.49858749295781457
1x64,231,0.5130548798120939,0.4991724734505048
1x64,232,0.515297321172861,0.5000544095439599
1x64,233,0.5116530805826187,0.4996294964629239
1x64,234,0.5136759852369627,0.498244007362662
1x64,235,0.5123863046367964,0.4993471322243574
1x64,236,0.5149214491248131,0.4986093798412549
1x64,237,0.5130997175971667,0.4983705134919765
1x64,238,0.5134344870845476,0.4989633758669844
1x64,239,0.5104517241319021,0.4981513561489217
1x64,240,0.5114792933066686,0.49808935324071824
1x64,241,0.5116696140982888,0.49803094417676375
1x64,242,0.5108304403044961,0.4981347234106591
1x64,243,0.5134377371181141,0.49850936623947056
1x64,244,0.5139415237036619,0.49834533365767686
1x64,245,0.5139185759154233,0.4992233527242316
1x64,246,0.5133458999070254,0.49771084236962937
1x64,247,0.5134857773780823,0.49813066153585267
1x64,248,0.5111252427101135,0.4976080900688338
1x64,249,0.5132375180721283,0.498071541325277
1x64,250,0.5124154508113861,0.4981440157454628
1x64,251,0.5109528481960297,0.4973181539337615
1x64,252,0.5117757750882043,0.49759725778483904
1x64,253,0.511664049492942,0.4966056217306639
1x64,254,0.5131503509150611,0.4970685737037663
1x64,255,0.5096600320604112,0.4972690619269629
1x64,256,0.5116877092255486,0.49631519196524404
1x64,257,0.5140890015496148,0.4977009866699158
1x64,258,0.5092901753054725,0.4962110478993341
1x64,259,0.5105341242419349,0.49664523677272654
1x64,260,0.5107043186823527,0.496209874025891
1x64,261,0.5113576650619507,0.49642048052530563
1x64,262,0.5101138485802544,0.4958423739571246
1x64,263,0.5143307348092397,0.49651109045930814
1x64,264,0.5115196704864502,0.4958143655504301
1x64,265,0.5084042085541619,0.49559328088987176
1x64,266,0.5132065018018087,0.4946042148168026
1x64,267,0.5103014674451616,0.4951425871888775
1x64,268,0.5142846181988716,0.49468113187651436
1x64,269,0.5120793022215366,0.4950567886960345
1x64,270,0.5123715102672577,0.4941226356695355
1x64,271,0.513964619487524,0.4956876771304005
1x64,272,0.5169567279517651,0.4947164465164225
1x64,273,0.510976854711771,0.4953562235810116
1x64,274,0.5152302421629429,0.4939868830215961
1x64,275,0.5114832445979118,0.49438494130342536
1x64,276,0.5149515643715858,0.49420624438176924
1x64,277,0.5107883028686047,0.49477463028737284
1x64,278,0.5133839175105095,0.4933383478690872
1x64,279,0.5117235295474529,0.49429424735087507
1x64,280,0.5096086487174034,0.49406375148508974
1x64,281,0.5122327692806721,0.49361358081056955
1x64,282,0.5140700526535511,0.4950713106334313
1x64,283,0.5144750513136387,0.49475285199006447
1x64,284,0.5147788992949894,0.49366468142936665
1x64,285,0.511876662572225,0.4925908110733146
1x64,286,0.5121230483055115,0.49313011572040394
1x64,287,0.5127296398083369,0.4929048707445955
1x64,288,0.5159089068571726,0.49297640168424856
1x64,289,0.5153295745452245,0.4926357214176204
1x64,290,0.5123183180888494,0.4917255687435747
1x64,291,0.5137946357329687,0.4922132047075874
1x64,292,0.5168377707401911,0.4926631246207311
1x64,293,0.5183503131071726,0.49323324365316773
1x64,294,0.5158117910226186,0.49279878995196924
1x64,295,0.5119456251462301,0.4926917549668497
1x64,296,0.5092690040667852,0.4908970518685692
1x64,297,0.5138285160064697,0.49100245342835214
1x64,298,0.5139340579509735,0.49157102243648476
1x64,299,0.5140774965286254,0.4917188395110649
1x64,300,0.5119439780712127,0.4917354450585423
1x64,301,0.5144245862960816,0.49207424445841375
1x64,302,0.5130854427814484,0.4915536459273529
1x64,303,0.5113287508487702,0.4913624231429039
1x64,304,0.5119184911251068,0.49077841039123127
1x64,305,0.5137929618358612,0.4914100114861206
1x64,306,0.5166203498840332,0.49085852606651803
1x64,307,0.5147713005542756,0.4912238813684577
1x64,308,0.5147127032279968,0.49073928773116354
1x64,309,0.5135680973529816,0.49099520405868613
1x64,310,0.5161480128765106,0.48963484061839146
1x64,311,0.5103831768035889,0.4902709573214622
1x64,312,0.5149382948875427,0.48978500810060305
1x64,313,0.5102674543857575,0.4912911864927799
1x64,314,0.5139640927314758,0.4898189054452217
1x64,315,0.5155330955982208,0.48944678185602425
1x64,316,0.5114834547042847,0.4899692396236686
1x64,317,0.5109054073691368,0.4906712207660212
1x64,318,0.5109084025025368,0.48972720023542304
1x64,319,0.5119835212826729,0.4897761768488428
1x64,320,0.5116992369294167,0.48949746677643624
1x64,321,0.5097216889262199,0.4905329678882637
1x64,322,0.5150789618492126,0.4894290144872715
1x64,323,0.5073795989155769,0.4888080190898041
1x64,324,0.5146132012208303,0.48726830185627296
1x64,325,0.5088363885879517,0.48831196542296307
1x64,326,0.5123632152875265,0.4870565871555948
1x64,327,0.5091525713602701,0.4882560279727255
1x64,328,0.5081434746583303,0.48750393202144915
1x64,329,0.5111884772777557,0.48744288365237387
1x64,330,0.5110822220643362,0.4880614582979031
1x64,331,0.5085737109184265,0.48794254096547807
1x64,332,0.5043621212244034,0.48504723661859167
1x64,333,0.5013682097196579,0.485549752196651
1x64,334,0.5003354102373123,0.4848814876643587
1x64,335,0.5036081075668335,0.48374760568428743
1x64,336,0.501545712351799,0.4847489001952747
1x64,337,0.5008669495582581,0.4844714656449872
1x64,338,0.4982893615961075,0.48512060204376095
1x64,339,0.5181556940078735,0.48286257419167156
1x64,340,0.5229526162147522,0.4838750761002596
1x64,341,0.5199674367904663,0.48200802905726736
1x64,342,0.5273053050041199,0.4819245472205986
1x64,343,0.5152726769447327,0.4845102677327315
1x64,344,0.5167677998542786,0.4819511514155
1x64,345,0.5310530066490173,0.482085635067631
1x64,346,0.5162648558616638,0.4808895216714492
1x64,347,0.5164041519165039,0.48213475692476243
2x16,1,0.8593936085700988,1.5808072535581235
2x16,2,0.7601194302241008,0.8195198765219422
2x16,3,0.7125922401746114,0.7490249590697118
2x16,4,0.687913982073466,0.7114075964179737
2x16,5,0.6730315407117208,0.6901831082845135
2x16,6,0.6630341291427613,0.6772843603221947
2x16,7,0.6548933227856953,0.667169469343096
2x16,8,0.6475376089413961,0.6588542683506453
2x16,9,0.6421366810798645,0.651954583889075
2x16,10,0.6374279936154683,0.6465457183011829
2x16,11,0.6332445820172627,0.6415990603468984
2x16,12,0.6301484783490499,0.6374675391717524
2x16,13,0.6271307190259298,0.63396005969853
2x16,14,0.6243524630864461,0.6302292872067958
2x16,15,0.6210129340489705,0.6269879499079128
2x16,16,0.6182446797688802,0.6240112316363623
2x16,17,0.6158436059951782,0.6211154062433845
2x16,18,0.6142720182736715,0.618314180504918
2x16,19,0.6127934495608012,0.616306785330408
2x16,20,0.6096824208895365,0.6135585662753228
2x16,21,0.6076473156611125,0.6111473639431535
2x16,22,0.6059188763300578,0.6088310758630143
2x16,23,0.6040971398353576,0.6067453631812525
2x16,24,0.6025248169898987,0.6046092242399006
2x16,25,0.5992475867271423,0.6025524147230433
2x16,26,0.5978034178415934,0.6005046999737232
2x16,27,0.5963955163955689,0.5983554397860639
2x16,28,0.5954225341478984,0.5962791396356244
2x16,29,0.5932433843612671,0.5947180947619318
2x16,30,0.5911979516347249,0.5926017411537662
2x16,31,0.5890662590662639,0.5906837379536511
2x16,32,0.5876325289408366,0.5891871033547438
2x16,33,0.586219052473704,0.5872590856507959
2x16,34,0.5851994156837463,0.5852565146342638
2x16,35,0.5843873103459676,0.5839572799883309
2x16,36,0.5826581080754598,0.5824194902638641
2x16,37,0.5805754661560059,0.5806270247274512
2x16,38,0.5807214975357056,0.5789993113232952
2x16,39,0.5781633615493774,0.5772199648137077
2x16,40,0.5778498609860738,0.5757204707147622
2x16,41,0.5757182478904724,0.575455561342706
2x16,42,0.5750699440638224,0.5734969518997822
2x16,43,0.5743295311927795,0.5724052346283078
2x16,44,0.5731410503387451,0.570646790863541
2x16,45,0.5718068718910218,0.5694203092918003
2x16,46,0.5704408566157023,0.5684619199243522
2x16,47,0.5711504697799683,0.5675235663002037
2x16,48,0.5691826144854227,0.566399149669373
2x16,49,0.5687727292378744,0.5651425791369452
2x16,50,0.5665160099665324,0.5639822910706598
2x16,51,0.5661569794019063,0.5629028351854487
2x16,52,0.5647185365358989,0.5621723136894552
2x16,53,0.5650730768839518,0.560950644883167
2x16,54,0.5642868677775065,0.5598425201546046
2x16,55,0.5629673997561137,0.55897858626495
2x16,56,0.5619816263516744,0.5581802969842475
2x16,57,0.5609469374020895,0.5573997061096526
2x16,58,0.5607805848121643,0.5562162156941146
2x16,59,0.5611396590868633,0.5560091395408017
2x16,60,0.5597120841344198,0.5549787001578175
2x16,61,0.5592586239178975,0.5542302064940642
2x16,62,0.5581859032313029,0.553242718187857
2x16,63,0.5576197981834412,0.5528178015845532
2x16,64,0.5581677556037903,0.5522047854620847
2x16,65,0.5575805743535359,0.5514991947921319
2x16,66,0.5549956917762756,0.550283963005842
2x16,67,0.5545482357343038,0.5496971259183798
2x16,68,0.555341915289561,0.5491978406014354
2x16,69,0.5535829504330952,0.5486575462222836
2x16,70,0.5535163680712382,0.5477109646923972
2x16,71,0.5524493614832561,0.5477174198030972
2x16,72,0.5519455154736836,0.5466786121727149
2x16,73,0.5528083642323812,0.5458289514904124
2x16,74,0.5518135190010071,0.5459124993901497
2x16,75,0.5511302828788758,0.5454285733389042
2x16,76,0.550778329372406,0.5444746898162444
2x16,77,0.5503802975018819,0.5442737112781181
2x16,78,0.5497129440307618,0.5433908560909457
2x16,79,0.5507208188374837,0.5425715555972253
2x16,80,0.5490125139554342,0.5424868503063803
2x16,81,0.5490638375282287,0.5421936053598254
2x16,82,0.547937258084615,0.5410997220177731
2x16,83,0.5482973416646322,0.5407020002860563
2x16,84,0.5482053677241008,0.5404048110088333
2x16,85,0.5487325469652812,0.5401012653375868
2x16,86,0.5485393007596334,0.5397229086283564
2x16,87,0.5465624252955119,0.5394122267027381
2x16,88,0.5464391827583313,0.5387958326306277
2x16,89,0.5449378808339437,0.5386604063767879
2x16,90,0.545928970972697,0.5376685163686918
2x16,91,0.5453216950098674,0.5376626080432719
2x16,92,0.5451791564623515,0.5369431262354073
2x16,93,0.544494624932607,0.536846958879217
2x16,94,0.5429900884628296,0.5360911328378548
2x16,95,0.5443998336791992,0.5357431632418739
2x16,96,0.5431668400764466,0.5353932791649127
2x16,97,0.5438372572263082,0.5354769443369963
2x16,98,0.5439348777135213,0.5348229652461245
2x16,99,0.5424709677696228,0.5342840735815968
2x16,100,0.5439597845077515,0.5340517859087356
2x16,101,0.5422150731086731,0.533707777947475
2x16,102,0.5419207612673441,0.5336643238376503
2x16,103,0.540795914332072,0.5324866708855385
2x16,104,0.541251810391744,0.5323260299543864
2x16,105,0.5397304018338521,0.5323180221162034
2x16,106,0.5405784090360005,0.5316032216107641
2x16,107,0.5399912357330322,0.5314146392594185
2x16,108,0.5392500917116801,0.5307234144203606
2x16,109,0.5391675273577372,0.5306491141240159
2x16,110,0.5390964031219483,0.5304640390021398
2x16,111,0.5396248459815979,0.5296081321857475
2x16,112,0.5400423963864645,0.5296806602075429
2x16,113,0.5392310976982116,0.5294592234735149
2x16,114,0.5395062526067098,0.5293048911523657
2x16,115,0.5381154179573059,0.5297998342026055
2x16,116,0.537798035144806,0.5282710408330488
2x16,117,0.5379842281341553,0.528498805039894
2x16,118,0.5375449498494466,0.5277567119702424
2x16,119,0.5360494534174601,0.5280049823952343
2x16,120,0.5365209499994914,0.5271379170947114
2x16,121,0.5365080873171488,0.5268675294963653
2x16,122,0.5380619287490844,0.526636169970291
2x16,123,0.5372035900751749,0.5267082186045182
2x16,124,0.5356830000877381,0.5261152360295331
2x16,125,0.5362916787465414,0.525804965597575
2x16,126,0.5361969300678798,0.5261329884763108
2x16,127,0.5365265778132847,0.5255460433925491
2x16,128,0.5354581475257874,0.5256663206891895
2x16,129,0.5354340246745518,0.524879547907209
2x16,130,0.5361461596829551,0.5243703879565522
2x16,131,0.5349884842123304,0.5243832395934064
2x16,132,0.5358267639364515,0.5247089299046459
2x16,133,0.5346132985183171,0.5239771960710627
2x16,134,0.5337837891919273,0.5239609216054598
2x16,135,0.5339968885694232,0.5238649349801029
2x16,136,0.5337471749101367,0.5230028369950332
2x16,137,0.5356439905507224,0.5229080636819369
2x16,138,0.5337284335068294,0.5235138743387723
2x16,139,0.5330053780760083,0.5226376487519212
2x16,140,0.5345353824751717,0.5219510772424568
2x16,141,0.5329982382910592,0.5219656205778869
2x16,142,0.5315530896186829,0.5211441327849402
2x16,143,0.5332309646265847,0.5210093687004665
2x16,144,0.5325236065047128,0.520838847609438
2x16,145,0.5320903445993151,0.5206972774190853
2x16,146,0.5314780750444957,0.5205605952224386
2x16,147,0.5313067478793008,0.5199985613845767
2x16,148,0.5313289761543274,0.5202813241929063
2x16,149,0.5309597147362572,0.5199614359149074
2x16,150,0.530441837651389,0.5199716896306773
2x16,151,0.529971216406141,0.5196463774217309
2x16,152,0.5305964563574109,0.5190101390011145
2x16,153,0.5305002289158958,0.518892671042195
2x16,154,0.5300796117101397,0.5191273169921169
2x16,155,0.5297363996505737,0.5183673122681483
2x16,156,0.5304690386567797,0.5183935487991174
2x16,157,0.5295299972806659,0.5184233912330569
2x16,158,0.5290409582001823,0.5182927434740056
2x16,159,0.5298089150871549,0.517071038140167
2x16,160,0.527703766311918,0.517239513845862
2x16,161,0.528156225170408,0.5170488151701915
2x16,162,0.5283165914671761,0.5171610826346852
2x16,163,0.5279328844376973,0.5168437492553882
2x16,164,0.5270403793879918,0.5159822277222911
2x16,165,0.5271365536110741,0.5159783708858667
2x16,166,0.5262812610183444,0.515946290537064
2x16,167,0.5275064940963473,0.5159487932581087
2x16,168,0.5263437969344003,0.5151624817855271
2x16,169,0.526788490159171,0.5152743012791082
2x16,170,0.5274914673396519,0.5149194212668446
2x16,171,0.5262721117053714,0.5150560793076879
2x16,172,0.5268251874617168,0.514570431283663
2x16,173,0.525676537837301,0.5148927896938574
2x16,174,0.5260102496697352,0.5150322860629776
2x16,175,0.5264619955649743,0.5151237298889707
2x16,176,0.52496154491718,0.5146706440955058
2x16,177,0.5250824162593255,0.5144471846436676
2x16,178,0.5258147074626043,0.5140872792123532
2x16,179,0.5257618198027978,0.5142783522971188
2x16,180,0.5271484370415027,0.5148547246238692
2x16,181,0.524672833772806,0.5140720491583285
2x16,182,0.5255425159747784,0.5136330282197129
2x16,183,0.5236738232465891,0.513247815186933
2x16,184,0.5237440650279706,0.5127423361762359
2x16,185,0.5240781513544229,0.5132760914984386
2x16,186,0.5240288101709806,0.512767170539586
2x16,187,0.5252502125043136,0.5124660141427859
2x16,188,0.5246077661330883,0.5125864732701365
2x16,189,0.5246005470936115,0.512414814010347
2x16,190,0.5245775534556463,0.512620031046053
2x16,191,0.5226285507281622,0.5127137084601872
2x16,192,0.5250513926148415,0.5127684370311445
2x16,193,0.522586777806282,0.5129158347684433
2x16,194,0.5226413831114769,0.5123472810857305
2x16,195,0.5246181090672811,0.5122782858867593
2x16,196,0.5218573262294134,0.512965187267974
2x16,197,0.5221706430117289,0.5114896095091571
2x16,198,0.5214038466413816,0.5121126660144081
2x16,199,0.522254005074501,0.5113354233529186
2x16,200,0.521920420229435,0.5115657784932206
2x16,201,0.5220290223757426,0.5116759443760469
2x16,202,0.5223327875137329,0.5108991792740288
2x16,203,0.5216569354136785,0.5105978261252038
2x16,204,0.5218150317668915,0.5098192797719441
2x16,205,0.5217119672081687,0.5093170294244452
2x16,206,0.5213972953232852,0.5095403620685739
2x16,207,0.5214722156524658,0.5092932327722557
2x16,208,0.5213718766515906,0.5096373781746183
2x16,209,0.5201462588526986,0.5089184824166172
2x16,210,0.5226355276324532,0.5091171903732331
2x16,211,0.5217532894828103,0.5085814939128797
2x16,212,0.5212487795136191,0.5091702687910189
2x16,213,0.5212201237678528,0.508326724933917
2x16,214,0.520704647898674,0.5081577797043517
2x16,215,0.5197176903486251,0.5079242173209405
2x16,216,0.519880348443985,0.5071845092359538
2x16,217,0.5184997975826263,0.5079109265769709
2x16,218,0.5184196293354034,0.5069831767694482
2x16,219,0.5226062536239624,0.5071034827354467
2x16,220,0.521277803182602,0.5069693890615264
2x16,221,0.517916202545166,0.5073226700310707
2x16,222,0.5197928458452225,0.5065382738277308
2x16,223,0.5181404531002045,0.5065920051061797
2x16,224,0.5184442162513733,0.5064259750152166
2x16,225,0.5184155076742172,0.5062431800210994
2x16,226,0.5197380721569062,0.5069347741391894
2x16,227,0.5188817948102951,0.5064076591926935
2x16,228,0.5186473667621613,0.5068399695795474
2x16,229,0.517671012878418,0.5059052198116756
2x16,230,0.5200770020484924,0.5059249014357029
2x16,231,0.5190150767564774,0.5062523649332368
2x16,232,0.518896633386612,0.5076580263918165
2x16,233,0.5171332031488418,0.5060259433836274
2x16,234,0.5168074488639831,0.5050360393818502
2x16,235,0.5166805058717727,0.5052326814784813
2x16,236,0.517735505104065,0.5051346419797135
2x16,237,0.518526241183281,0.5047173614415723
2x16,238,0.5168965637683869,0.5053400365959735
2x16,239,0.5153417587280273,0.5050259345696769
2x16,240,0.5167174160480499,0.5042998093331182
2x16,241,0.5165827959775925,0.5042775093638118
2x16,242,0.5160384684801101,0.5044536143604811
2x16,243,0.5163300534089407,0.5025931490957776
2x16,244,0.5170552697446611,0.5028184206990219
2x16,245,0.5185972187254164,0.5033214318962094
2x16,246,0.5173601706822714,0.502205528163135
2x16,247,0.5179981026384566,0.5019986138284422
2x16,248,0.5155671536922455,0.5015049001443231
2x16,249,0.5196470990777016,0.5032486963797932
2x16,250,0.5208429396152496,0.5031769381427735
2x16,251,0.5192602872848511,0.502373177222887
2x16,252,0.5190058276057243,0.5028260243296802
2x16,253,0.5217806696891785,0.5032907470083955
2x16,254,0.5187113583087921,0.502205484573389
2x16,255,0.5180661827325821,0.502528841925011
2x16,256,0.5200224965810776,0.5021862208620189
2x16,257,0.521390788257122,0.5028049610355345
2x16,258,0.5170518159866333,0.5020690131992004
2x16,259,0.5180264338850975,0.5017629951779926
2x16,260,0.5183296725153923,0.5015341572559312
2x16,261,0.5177546441555023,0.5011909531932355
2x16,262,0.5179727151989937,0.5015678189352826
2x16,263,0.5199407509395054,0.50075186343524
2x16,264,0.5168392402785165,0.4994004955968128
2x16,265,0.5178598633834294,0.49920326295095413
2x16,266,0.5191891363688877,0.498677465262238
2x16,267,0.5185569695064,0.49867340035395763
2x16,268,0.518369700227465,0.49854681860731065
2x16,269,0.5189570486545563,0.49760933335600055
2x16,270,0.5230870346228281,0.49697850971559077
2x16,271,0.5197229484717051,0.4984694353714814
2x16,272,0.5212276776631674,0.49772917528390814
2x16,273,0.5196625292301178,0.49814155692670187
2x16,274,0.520906443397204,0.4973234575282847
2x16,275,0.5223178168137869,0.49711086146061545
2x16,276,0.519498477379481,0.49667599694436276
2x16,277,0.5197877983252207,0.49599637422283677
2x16,278,0.5187343508005142,0.4966660249327987
2x16,279,0.5235763192176819,0.4966552986547111
2x16,280,0.5177209476629893,0.49697861013298444
2x16,281,0.5211999416351318,0.4963898641771128
2x16,282,0.5211670994758606,0.49683362882456894
2x16,283,0.5210027496019999,0.49662137546107776
2x16,284,0.519224633773168,0.4973006174591303
2x16,285,0.518634150425593,0.4956773773988847
2x16,286,0.5177914301554362,0.49585890661288284
2x16,287,0.5192272464434305,0.49575164823151446
2x16,288,0.5188916126887003,0.49579236860779113
2x16,289,0.5189020335674286,0.4953677475621688
2x16,290,0.5189054509003957,0.49504486153117794
2x16,291,0.5194508930047353,0.49525219100874684
2x16,292,0.5215596457322439,0.49507817008457966
2x16,293,0.5191973646481832,0.49667442189973515
2x16,294,0.5228293637434641,0.4965123131534066
2x16,295,0.5211297631263733,0.499345248715447
2x16,296,0.5208798050880432,0.49820855542802284
2x16,297,0.5199371337890625,0.4981702142442318
2x16,298,0.5217110395431519,0.49865638518324973
2x16,299,0.5219239741563797,0.4994403127699307
2x16,300,0.523758053779602,0.4995929562198944
2x16,301,0.5216185847918192,0.4992570247810571
2x16,302,0.5222473939259847,0.4980181341891454
2x16,303,0.5220037897427877,0.49832737526858883
2x16,304,0.5231197079022726,0.49879859349829253
2x16,305,0.5235912203788757,0.49865354387907673
2x16,306,0.5224795341491699,0.49892415458265016
2x16,307,0.524401863416036,0.4981653627823863
2x16,308,0.5246421297391256,0.49836258134343275
2x16,309,0.5232266386349996,0.4987777795370596
2x16,310,0.5213703910509745,0.49782971107424684
2x16,311,0.5199499328931173,0.4981758627323627
2x16,312,0.5244422554969788,0.4981945181143863
2x16,313,0.5203661918640137,0.4973669512390492
2x16,314,0.5201398928960165,0.4970501938267682
2x16,315,0.5203611850738525,0.4976469303834969
2x16,316,0.5217313170433044,0.49710798861461303
2x16,317,0.5205843051274618,0.4976266926592692
2x16,318,0.5221463640530905,0.4977560705786415
2x16,319,0.5201009511947632,0.4983702785576227
2x16,320,0.5238119761149088,0.4972951021090015
2x16,321,0.519510805606842,0.4982270423810433
2x16,322,0.5202607115109762,0.4966048083439109
2x16,323,0.5212462345759074,0.4964091108669593
2x16,324,0.5229087273279825,0.4961598316969464
2x16,325,0.5199561516443888,0.4971639217858261
2x16,326,0.5217810273170471,0.49762089746442423
2x16,327,0.5197637677192688,0.4969794748567995
2x16,328,0.5214100082715353,0.49816099776166217
2x16,329,0.5219893654187521,0.49547326733896685
2x16,330,0.5196945865948995,0.49724113089149163
2x16,331,0.521682341893514,0.49627299686613036
2x16,332,0.5196580092112223,0.4961268698276445
2x16,333,0.5241131782531738,0.49622487420020933
2x16,334,0.5192909638086954,0.49779037311204943
2x16,335,0.5221913655598959,0.4975421752771174
2x16,336,0.5192404786745707,0.4962382371710056
2x16,337,0.521598756313324,0.4950402076863392
2x16,338,0.5195275545120239,0.4962260325169827
2x16,339,0.5197041233380636,0.4965801604272553
2x16,340,0.520703395207723,0.4953561731119529
2x16,341,0.520026425520579,0.49511250496985787
2x16,342,0.5235809683799744,0.4951280561517457
2x16,343,0.5120797753334045,0.4958920321633944
2x16,344,0.5135537981987,0.49437945241303516
2x16,345,0.5190162360668182,0.4937825328891206
2x16,346,0.5167973041534424,0.4941697547189763
2x16,347,0.512297660112381,0.4938210673119505
2x16,348,0.5165897607803345,0.49335644056041544
2x16,349,0.5162417888641357,0.4944127638090143
2x16,350,0.5146103203296661,0.49394653769164576
2x16,351,0.5187176764011383,0.4957144637384596
2x16,352,0.5119978487491608,0.49472171029049095
2x16,353,0.5125967264175415,0.4937841340110741
2x16,354,0.5149751901626587,0.49402932695755875
2x16,355,0.5163469612598419,0.49507580012132424
2x16,356,0.5172483026981354,0.49372680127089397
2x16,357,0.5123244225978851,0.49340550027981045
2x16,358,0.5139114856719971,0.4933845076709692
2x16,359,0.5114406645298004,0.4936883886127787
2x16,360,0.5132274329662323,0.49277554688096714
2x16,361,0.5155914425849915,0.49371717259648695
2x16,362,0.5126988291740417,0.4940183943857048
2x16,363,0.5122140049934387,0.49345438505719874
2x16,364,0.5126157999038696,0.49230395101608515
2x16,365,0.5122544467449188,0.4924651181635782
2x16,366,0.5145696401596069,0.49286383934541766
2x16,367,0.5127147436141968,0.4921772606418723
2x16,368,0.5119311511516571,0.49216969728404025
2x16,369,0.5127117037773132,0.49218815427464224
2x16,370,0.5120205879211426,0.49219932258799126
2x16,371,0.5124122202396393,0.49182343311943433
2x16,372,0.5138924717903137,0.4917352871311532
2x16,373,0.5142911672592163,0.49142134459253606
2x16,374,0.5124414563179016,0.49197073685988424
2x16,375,0.5135840475559235,0.492092353091616
2x16,376,0.5116386413574219,0.4922071072151959
2x16,377,0.5088516622781754,0.49194580915728475
2x16,378,0.5107928812503815,0.4912165685802865
2x16,379,0.5101905763149261,0.4914821523617916
2x16,380,0.5107867121696472,0.49136126004503267
2x16,381,0.5103936195373535,0.4912980657249837
2x16,382,0.511555552482605,0.49190095286598023
2x16,383,0.5100928843021393,0.49121159049575425
2x16,384,0.5115297138690948,0.49172404545277104
2x16,385,0.5084261298179626,0.4916587048918044
2x16,386,0.5108591169118881,0.4905599432137051
2x16,387,0.5103835463523865,0.4924747784569633
2x16,388,0.5103428959846497,0.4909583263048062
2x16,389,0.5117625296115875,0.4901746402260181
2x16,390,0.5128912329673767,0.49119406282652567
2x16,391,0.509163111448288,0.4926665149023173
2x16,392,0.5090429484844208,0.49039483784105886
2x16,393,0.5112546384334564,0.4907613616888386
2x16,394,0.5093912184238434,0.4908653427862525
2x16,395,0.5120822489261627,0.4900222564543837
2x16,396,0.5095464289188385,0.4934093974347914
2x16,397,0.5101772844791412,0.48985613767465247
2x16,398,0.5159704089164734,0.5031737999377439
2x16,399,0.5160204768180847,0.5028244561978655
2x16,400,0.5211321711540222,0.5014937300030211
2x16,401,0.5146324634552002,0.5034913185705021
2x16,402,0.5160931944847107,0.5015517621585941
2x16,403,0.5155569911003113,0.5017335749301586
2x16,404,0.5210915803909302,0.5011619032910356
2x16,405,0.5149796009063721,0.5026009919290392
2x16,406,0.518355131149292,0.5008290389894621
2x16,407,0.5134352445602417,0.5010228675310474
2x16,408,0.5169888734817505,0.500484444355564
2x16,409,0.5145106911659241,0.5002519935005103
2x16,410,0.5155482888221741,0.5007374912225326
2x16,411,0.514668345451355,0.5006659960694105
2x16,412,0.5190961360931396,0.5018628540687534
2x16,413,0.5144761204719543,0.4998454609118097
2x16,414,0.5139856934547424,0.5003615908934188
2x16,415,0.5136913657188416,0.500810552336416
2x16,416,0.5140618681907654,0.5013726908268966
2x16,417,0.5167956948280334,0.5003167085024548
2x16,418,0.5149281620979309,0.4995895587862916
2x16,419,0.518257200717926,0.5012019142758878
2x16,420,0.5138965249061584,0.5003633657125792
2x16,421,0.5145781636238098,0.5003480773327751
2x16,422,0.5137903690338135,0.49882607187035805
2x16,423,0.5145773887634277,0.4998389063920942
2x16,424,0.5155413746833801,0.5009503069572422
2x16,425,0.513254702091217,0.5003569231261268
2x16,426,0.5142509341239929,0.4999328592583952
2x16,427,0.5115331411361694,0.498721090261705
2x16,428,0.5143495202064514,0.4977104092298777
2x16,429,0.5153462290763855,0.4986319529694733
2x16,430,0.5150075554847717,0.4992946551323238
2x16,431,0.5130554437637329,0.49901816436965507
2x16,432,0.5137348771095276,0.4978388391139521
2x16,433,0.5145768523216248,0.4988239960799488
2x16,434,0.5151814818382263,0.4978291476088818
2x16,435,0.514639675617218,0.4983634024310716
2x16,436,0.5123030543327332,0.49817700943021903
2x16,437,0.5139429569244385,0.4989424593687302
2x16,438,0.515479326248169,0.4973669475426553
2x16,439,0.5141226053237915,0.49822640026641624
2x16,440,0.5123440027236938,0.49793167330117183
2x16,441,0.5187926888465881,0.49787741277678077
2x16,442,0.5124475359916687,0.49703083194570696
2x16,443,0.5121240615844727,0.4977872642967108
2x16,444,0.5167644619941711,0.49771566513049786
2x16,445,0.5125977396965027,0.49773141310598096
2x16,446,0.512083888053894,0.497227090859983
2x16,447,0.513207197189331,0.49793690294932424
2x256,1,0.6363244811693828,0.758870914138585
2x256,2,0.6080565571784973,0.5990748945173929
2x256,3,0.5990703105926514,0.5731921923167291
2x256,4,0.5664337158203125,0.5545785840364758
2x256,5,0.5639123638470968,0.5405060382541137
2x256,6,0.5723916252454122,0.5305530172573589
2x256,7,0.5550836861133576,0.5201136153369115
2x256,8,0.5236447632312775,0.5124746546188044
2x256,9,0.6099050303300222,0.5028126928258766
2x256,10,0.5640714049339295,0.5043255669342935
2x256,11,0.5190204699834188,0.4944924796755397
2x256,12,0.5362386564413707,0.4837180758071282
2x256,13,0.5185812989870707,0.4802659276927042
2x256,14,0.501105910539627,0.4745525437375924
2x256,15,0.5115425010522207,0.4720176948668914
2x256,16,0.5283621768156688,0.46959979669913476
2x256,17,0.49776233434677125,0.46427688334552625
2x256,18,0.4946586906909943,0.45415168501052144
2x256,19,0.48882543643315635,0.4557362379884774
2x256,20,0.47691526214281715,0.4500316912486465
2x256,21,0.48948583006858826,0.4431601884741241
2x256,22,0.4896038691202799,0.4395914312498998
2x256,23,0.4813812017440796,0.4390561615555459
2x256,24,0.4754409730434418,0.434920745307295
2x256,25,0.4963573296864828,0.43119446400951955
2x256,26,0.49034010569254555,0.43354921688687076
2x256,27,0.477029150724411,0.4297588851557445
2x256,28,0.4793385783831278,0.4242762260229694
2x256,29,0.47254891594251,0.42418637902531164
2x256,30,0.4674856702486674,0.4210769650851087
2x256,31,0.472332884867986,0.4162014423306094
2x256,32,0.4704485853513082,0.41440271900263503
2x256,33,0.4557358264923096,0.4114976240596608
2x256,34,0.47452074686686196,0.40875880590217023
2x256,35,0.4610891222953796,0.408647961086475
2x256,36,0.474799523750941,0.40577993957198816
2x256,37,0.4556625564893087,0.40399023292889424
2x256,38,0.4508146087328593,0.3995544584672192
2x256,39,0.4569476068019867,0.39390974206729595
2x256,40,0.48716767032941183,0.39504417006539266
2x256,41,0.4620041807492574,0.3980733859116967
2x256,42,0.45397629340489704,0.3908422613261623
2x256,43,0.4644339481989543,0.3872090518797435
2x256,44,0.45944515665372215,0.38668619492562034
2x256,45,0.447465451558431,0.3881067115262306
2x256,46,0.46037262280782065,0.38480135449929875
2x256,47,0.45952877402305603,0.3835744829656468
2x256,48,0.4499192774295807,0.38131862359227675
2x256,49,0.4495197653770447,0.37718361019245794
2x256,50,0.4440906604131063,0.37618266628321323
2x256,51,0.4571035067240397,0.37492871840534714
2x256,52,0.44541447758674624,0.3758102302023916
2x256,53,0.4472092549006144,0.3694429824363298
2x256,54,0.44659501512845357,0.3679654211895925
2x256,55,0.4412331144014994,0.3658471403371911
2x256,56,0.44748639265696205,0.3651583290806777
2x256,57,0.43304276863733926,0.3626529944053986
2x256,58,0.45859023133913673,0.35992943306253034
2x256,59,0.43913494348526,0.36211130030317834
2x256,60,0.43861696124076843,0.3585026241111525
2x256,61,0.43825554052988686,0.35851532777391826
2x256,62,0.4473441203435262,0.3536035630355259
2x256,63,0.4375681340694427,0.3570412410863316
2x256,64,0.44714890321095785,0.352263012179468
2x256,65,0.4348336458206177,0.3523725533778452
2x256,66,0.42518301733902525,0.3501743994964131
2x256,67,0.43245447107723783,0.347265604172265
2x256,68,0.42971680632659365,0.34939273906390306
2x256,69,0.42782190442085266,0.34510015233017693
2x256,70,0.4321190480675016,0.34218684739069966
2x256,71,0.43854799440928866,0.3424973459951794
2x256,72,0.4324054313557489,0.34135943871386043
2x256,73,0.4263063690492085,0.3390927196814633
2x256,74,0.4290076898677008,0.33750469582492976
2x256,75,0.4283883933510099,0.33640597883629253
2x256,76,0.4365304559469223,0.3346873444309586
2x256,77,0.43634398707321714,0.33474279154811154
2x256,78,0.4304370198931013,0.33364184199642827
2x256,79,0.4478132746049336,0.3302921826578914
2x256,80,0.4273367886032377,0.3330015109491954
2x256,81,0.42983778033937725,0.3315200599996041
2x256,82,0.4220277454171862,0.3261749551877652
2x256,83,0.4242576573576246,0.3252540612318322
2x256,84,0.4300512820482254,0.3247902035673902
2x256,85,0.42793612607887815,0.32583433016030583
2x256,86,0.43091348665101187,0.324022166510209
2x256,87,0.4220287364262801,0.32176852021792574
2x256,88,0.4270091578364372,0.3211825958491982
2x256,89,0.4224349964748729,0.3179740832546769
2x256,90,0.4267504106868397,0.3162624800547479
2x256,91,0.43286412954330444,0.3193147235403863
2x256,92,0.4280883580446243,0.3154444075356224
2x256,93,0.4277539372444153,0.3146877849563737
2x256,94,0.4182844549417496,0.3138494331925964
2x256,95,0.4342336157957713,0.3096672052014425
2x256,96,0.44956207937664455,0.3142566743594874
2x256,97,0.4185357292493184,0.31378394948418037
2x256,98,0.4161492983500163,0.30625581974698723
2x256,99,0.42163481646113926,0.3067207025087664
2x256,100,0.4156440993150075,0.3092082854377223
2x256,101,0.414126541879442,0.30568871677961984
2x256,102,0.41732630795902675,0.30437708364891747
2x256,103,0.4179108606444465,0.30129005743785503
2x256,104,0.42233431711792946,0.300709370146813
2x256,105,0.42038168013095856,0.3016893461603315
2x256,106,0.4265642389655113,0.3026760333605799
2x256,107,0.42512253671884537,0.300288599952021
2x256,108,0.4144393689930439,0.30042759061871743
2x256,109,0.4168115444481373,0.29885849020017535
2x256,110,0.41783686727285385,0.29793880025327907
2x256,111,0.4218274780682155,0.29652700758977196
2x256,112,0.4217083028384617,0.2958458125693542
2x256,113,0.40971021567072186,0.29356279691985854
2x256,114,0.4165265219552176,0.2910625588458941
2x256,115,0.4218764773436955,0.2926162194971237
2x256,116,0.4340345561504364,0.2928183165178129
2x256,117,0.4145266371113913,0.2914111054868275
2x256,118,0.4188841538769858,0.2879066150480364
2x256,119,0.4106024844305856,0.29176197802112763
2x256,120,0.41117191314697266,0.28667041722283637
2x256,121,0.40709582396915983,0.2824037312458982
2x256,122,0.4128466745217641,0.2830638177254056
2x256,123,0.4237264295419057,0.2872038439119167
2x256,124,0.41948991517225903,0.28583665259362884
2x256,125,0.4182427128156026,0.28290106228911444
2x256,126,0.4077555437882741,0.2785501455931399
2x256,127,0.425881952047348,0.2796231599444344
2x256,128,0.4204612423976262,0.2822860221962972
2x256,129,0.41794182658195494,0.27970645394462174
2x256,130,0.40876245498657227,0.2763969938264356
2x256,131,0.41897607445716856,0.27723940736188435
2x256,132,0.40991045236587526,0.28295584773922355
2x256,133,0.4123754858970642,0.2733799550044919
2x256,134,0.41210148483514786,0.2740344711478514
2x256,135,0.41492627561092377,0.27404298578340724
2x256,136,0.40975748747587204,0.2683338720853668
2x256,137,0.41082651913166046,0.27333750703361115
2x256,138,0.41778988391160965,0.2703285739175494
2x256,139,0.4350118637084961,0.2710751491859808
2x256,140,0.4197617992758751,0.27389901671392586
2x256,141,0.41627132147550583,0.26861279602446486
2x256,142,0.4180755168199539,0.26527800728562756
2x256,143,0.41997911781072617,0.26345045731198036
2x256,144,0.42443255583445233,0.26747646843495126
2x256,145,0.4113772412141164,0.26310981626566227
2x256,146,0.4249882698059082,0.26436520812709297
2x256,147,0.42747771739959717,0.259220641630911
2x256,148,0.42802752554416656,0.26165105925485466
2x256,149,0.4173644632101059,0.2609948244608055
2x256,150,0.4337495416402817,0.2538628207455441
2x256,151,0.42525409162044525,0.2675993703908139
2x256,152,0.414996862411499,0.2533391491325061
2x256,153,0.43842604756355286,0.25328211485516755
2x256,154,0.4164621829986572,0.2577159642806478
2x64,1,0.6590418497721354,0.8451252696252773
2x64,2,0.6213791489601135,0.6448196624174242
2x64,3,0.6006319801012675,0.6143072503479483
2x64,4,0.5868278781572978,0.5961859748955044
2x64,5,0.5826085289319356,0.5808059333829866
2x64,6,0.5668593684832255,0.5692208320958757
2x64,7,0.5565183281898498,0.5587145118549788
2x64,8,0.5479740222295125,0.5502978958665349
2x64,9,0.5418257435162862,0.5425537642409569
2x64,10,0.5403320630391438,0.5361056234948419
2x64,11,0.528037432829539,0.5297601801947369
2x64,12,0.5323646903038025,0.5233555858257501
2x64,13,0.5225882828235626,0.5205232983976325
2x64,14,0.5160315314928691,0.5144559048327592
2x64,15,0.5165598928928375,0.510257562251525
2x64,16,0.5129734357198079,0.5068271576380272
2x64,17,0.507298062245051,0.5032029309819601
2x64,18,0.5057729701201121,0.49944668384577684
2x64,19,0.5089696069558461,0.4962197636046984
2x64,20,0.49905530412991844,0.49383529545154753
2x64,21,0.4974769632021586,0.49063205215596545
2x64,22,0.49915425578753153,0.48762815026649403
2x64,23,0.4953046639760335,0.48634817899476346
2x64,24,0.4934930086135864,0.48292563036681696
2x64,25,0.4979167679945628,0.4799009005778788
2x64,26,0.49237380623817445,0.48009654275749925
2x64,27,0.486819718281428,0.4778061149677086
2x64,28,0.4941733856995901,0.47458759588423655
2x64,29,0.4867320696512858,0.4739210833195229
2x64,30,0.48711955547332764,0.47025612530962585
2x64,31,0.48422329823176063,0.4689878608995294
2x64,32,0.4873526314894358,0.46819104153548996
2x64,33,0.48545523881912234,0.46654294272484825
2x64,34,0.4851496577262878,0.4641524552592898
2x64,35,0.48074079553286236,0.4642054523983031
2x64,36,0.47921389738718667,0.46126161535750215
2x64,37,0.4770634353160858,0.4605337880629982
2x64,38,0.4803276777267456,0.45873707179750517
2x64,39,0.4743603189786275,0.4568923127697919
2x64,40,0.48079577485720315,0.4555012186300914
2x64,41,0.47514724334081015,0.456729791818598
2x64,42,0.474531360467275,0.4536876253150332
2x64,43,0.47463513414065045,0.45335866983578627
2x64,44,0.47432013154029845,0.45129528572082844
2x64,45,0.4729452033837636,0.45177238921278956
2x64,46,0.47244975368181863,0.44888620982287714
2x64,47,0.4746963342030843,0.4478311018505454
2x64,48,0.4720000445842743,0.44789664966706955
2x64,49,0.47139228582382203,0.4450886225513717
2x64,50,0.46863941550254823,0.44410269212871356
2x64,51,0.4697611351807912,0.4436577439638076
2x64,52,0.46842344999313357,0.4448358904712472
2x64,53,0.4668153802553813,0.44237970187674314
2x64,54,0.4683757225672404,0.440023088208356
2x64,55,0.4694418549537659,0.43923929354774377
2x64,56,0.47113226850827533,0.43955522421910537
2x64,57,0.4660528481006622,0.43823092902909727
2x64,58,0.4679380456606547,0.4367177778068836
2x64,59,0.46522229313850405,0.43660172081219967
2x64,60,0.4662653466065725,0.43610727147808903
2x64,61,0.4651611904303233,0.43449788086616076
2x64,62,0.46479208072026573,0.4336187137656351
2x64,63,0.4665203015009562,0.43246243116870103
2x64,64,0.4693791389465332,0.432469916514991
2x64,65,0.4623320996761322,0.4328694461027508
2x64,66,0.45674466093381244,0.4309056034010493
2x64,67,0.46156664689381915,0.428938844102641
2x64,68,0.46112024784088135,0.42889299036696016
2x64,69,0.4577513039112091,0.42845224785076286
2x64,70,0.45680845975875856,0.42647732282141887
2x64,71,0.45851460099220276,0.42705346343589773
2x64,72,0.45701179703076683,0.4257455100763926
2x64,73,0.45942293802897133,0.42529124254343403
2x64,74,0.4595602889855703,0.42497771916718186
2x64,75,0.46068944931030276,0.42432188370727236
2x64,76,0.4579193691412608,0.4240266625897683
2x64,77,0.46369667251904806,0.42376280405068706
2x64,78,0.45762239694595336,0.42353300118839887
2x64,79,0.4600248177846273,0.42128458733018703
2x64,80,0.46192412575085956,0.42210675014439514
2x64,81,0.45796746412913003,0.42145368732933786
2x64,82,0.45662431319554647,0.4199509600462111
2x64,83,0.45901132623354596,0.4192706102599999
2x64,84,0.4554875950018565,0.41958199098593796
2x64,85,0.45577831466992696,0.41818212537751587
2x64,86,0.45498401920000714,0.4179778836157197
2x64,87,0.4533084313074748,0.4175634093494276
2x64,88,0.4583747386932373,0.41607363639350775
2x64,89,0.4541051208972931,0.4153008709328105
2x64,90,0.45306459863980614,0.4149752821174497
2x64,91,0.45557832916577656,0.4147472580491796
2x64,92,0.45355172753334044,0.41437429799402836
2x64,93,0.4548337558905284,0.414072328157311
2x64,94,0.45666086276372275,0.4140249729489342
2x64,95,0.4516733467578888,0.41192632895009557
2x64,96,0.4645021220048269,0.4108442220884777
2x64,97,0.4548088212807973,0.4128363925745496
2x64,98,0.45117506583531697,0.4113586215223544
2x64,99,0.4527390162150065,0.41028815338577185
2x64,100,0.4507625301678975,0.41067266540794284
2x64,101,0.4519192695617676,0.4085156080746694
2x64,102,0.4535170356432597,0.40951419152051627
2x64,103,0.4488739351431529,0.4083302173320859
2x64,104,0.45367032488187153,0.40758227596819024
2x64,105,0.45080434481302895,0.40734534703083625
2x64,106,0.44982732137044273,0.4072652963211016
2x64,107,0.45402805407842,0.4066648830304825
2x64,108,0.45049235423405964,0.4064561329536536
2x64,109,0.45024129152297976,0.40515773637565405
2x64,110,0.45000360409418744,0.40627426404909245
2x64,111,0.4562460442384084,0.4052252458255324
2x64,112,0.4494710942109426,0.40579069584959926
2x64,113,0.45271897528852734,0.40492635928568343
2x64,114,0.4572959861585072,0.40390649644741317
2x64,115,0.4496000451701028,0.4040360200581052
2x64,116,0.45800694610391346,0.40236250757722736
2x64,117,0.4526652821472713,0.402237920451146
2x64,118,0.45024754319872173,0.40170849260535907
2x64,119,0.4492384195327759,0.4031957633731281
2x64,120,0.44804643667661226,0.4016024206969134
2x64,121,0.4480957022080055,0.3993474976347789
2x64,122,0.45398281858517575,0.3996101854353142
2x64,123,0.4468091909702008,0.4000239844502077
2x64,124,0.44933254902179426,0.3985879053323257
2x64,125,0.448507166825808,0.3985764918516503
2x64,126,0.4458019206157097,0.3979624675243577
2x64,127,0.4458906329595126,0.397216612056558
2x64,128,0.44904996110842776,0.3975641873546722
2x64,129,0.44919792505411,0.3972001552600594
2x64,130,0.4449262825342325,0.3972201953406466
2x64,131,0.45061159133911133,0.39692158332849065
2x64,132,0.44599825602311355,0.39762094227717026
2x64,133,0.44600531688103306,0.395028998147469
2x64,134,0.44852458055202776,0.39548159374041786
2x64,135,0.44550177913445693,0.39557016337332934
2x64,136,0.44565661824666536,0.3929479817219509
2x64,137,0.44983033262766325,0.3944926504792022
2x64,138,0.4510438044865926,0.39404611756301194
2x64,139,0.44576625774304074,0.3942712706962259
2x64,140,0.452363761762778,0.3935220102058112
2x64,141,0.4462992772459984,0.3945119060899798
2x64,142,0.4441126162807147,0.39108532126101064
2x64,143,0.44864749095656653,0.39063705923992464
2x64,144,0.44741340658881446,0.3906817987103976
2x64,145,0.4480365135452964,0.3900559977009745
2x64,146,0.4454340690916235,0.3894030995166293
2x64,147,0.44518275558948517,0.3910989822029193
2x64,148,0.4432645708322525,0.39046503802532373
2x64,149,0.44322284162044523,0.38977630901592447
2x64,150,0.44673824972576565,0.3904386690142454
2x64,151,0.4478931824366252,0.39172877642637366
2x64,152,0.44166648719045853,0.38977360717462023
2x64,153,0.457860744661755,0.38888943179069585
2x64,154,0.4431595057249069,0.3923551045758421
2x64,155,0.4424973241984844,0.38793884123761996
2x64,156,0.4417821653187275,0.3867911753869375
2x64,157,0.4573799632489681,0.38799509614320493
2x64,158,0.4473957493901253,0.38940752349550595
2x64,159,0.4470406584441662,0.3873098506493403
2x64,160,0.448006771504879,0.38824366007334915
2x64,161,0.4476909190416336,0.38720796700247284
2x64,162,0.4472045339643955,0.3855905454039252
2x64,163,0.44633391073771883,0.38612620968704825
2x64,164,0.45445098195757183,0.3844746120506554
2x64,165,0.4403871170112065,0.38475515040405694
2x64,166,0.4450556550707136,0.3831146666294507
2x64,167,0.4425380329291026,0.38421948027854175
2x64,168,0.45470428466796875,0.3819849855343871
2x64,169,0.4411416898171107,0.38450495739881324
2x64,170,0.4418692886829376,0.3825982297315658
2x64,171,0.4468470166126887,0.38442997966866893
2x64,172,0.4445592761039734,0.3836662434534209
2x64,173,0.4420984188715617,0.3837503355044147
2x64,174,0.45762258768081665,0.38075813519650165
2x64,175,0.44130050639311474,0.3843826826507351
2x64,176,0.4428206533193588,0.38098326079375594
2x64,177,0.4452522148688634,0.3803124158913515
2x64,178,0.44957955678304035,0.38098030406382716
2x64,179,0.45759617288907367,0.38007224276076107
2x64,180,0.44441600640614826,0.3819437232426354
2x64,181,0.4397723823785782,0.3805412850782872
2x64,182,0.4401368747154872,0.3787578101806958
2x64,183,0.43698641657829285,0.37799090221933684
2x64,184,0.44076867898305255,0.37857626824854035
2x64,185,0.44623859723409015,0.37791895769576267
2x64,186,0.44170689086119336,0.3792418890291638
2x64,187,0.43962736129760743,0.37807758365570204
2x64,188,0.44473642110824585,0.3802019160438658
2x64,189,0.44819615483284,0.3777097801545718
2x64,190,0.441652375459671,0.37779293375017325
2x64,191,0.44497438073158263,0.3768424318936887
2x64,192,0.4412785232067108,0.3800217025109512
2x64,193,0.4424471616744995,0.37548652734418503
2x64,194,0.4404349088668823,0.3770896398589524
2x64,195,0.4528702080249786,0.3739274031938491
2x64,196,0.4414833664894104,0.3784917229403172
2x64,197,0.44726417064666746,0.3747473679335418
2x64,198,0.43803417682647705,0.37635945138461474
2x64,199,0.4426144063472748,0.3758522385150521
2x64,200,0.4397918939590454,0.3747045034328601
2x64,201,0.4399725914001465,0.37333288238109585
2x64,202,0.44296230673789977,0.3733507735837641
2x64,203,0.43805812299251556,0.37414130077255003
2x64,204,0.43843501806259155,0.37443578489747176
2x64,205,0.43988849967718124,0.37281268215430047
2x64,206,0.4340860843658447,0.37390281261806135
2x64,207,0.4317823126912117,0.37191993241529175
2x64,208,0.43787384778261185,0.3717238066373135
2x64,209,0.4362947344779968,0.373217202768281
2x64,210,0.4375555217266083,0.3732980812125515
2x64,211,0.4358421340584755,0.3711092522197542
2x64,212,0.4495929256081581,0.37585704407512255
2x64,213,0.4362238794565201,0.37306687800987876
2x64,214,0.43778660148382187,0.3719927853581196
2x64,215,0.43793267756700516,0.3712918783870181
2x64,216,0.43931154906749725,0.3704363988333201
2x64,217,0.43394700686136883,0.3717065453435322
2x64,218,0.43027589718500775,0.36863043508491794
2x64,219,0.4357622563838959,0.36904598111551484
2x64,220,0.4438242514928182,0.3677678818781813
2x64,221,0.4383445382118225,0.3704743952233775
2x64,222,0.44028522570927936,0.36870321964357783
2x64,223,0.42316728830337524,0.3655937177199543
2x64,224,0.42035403847694397,0.3654339665741991
2x64,225,0.4337782561779022,0.3652717801858698
2x64,226,0.42482538521289825,0.36499547998104187
2x64,227,0.43408970534801483,0.3657620248351788
2x64,228,0.4393075406551361,0.3598114784239519
2x64,229,0.4329507350921631,0.36214974856653115
2x64,230,0.4344298243522644,0.3603766720015854
2x64,231,0.43231356143951416,0.35860818279854945
2x64,232,0.4389726519584656,0.36241073748441377
2x64,233,0.42567309737205505,0.360972118418121
2x64,234,0.42737430334091187,0.35886872129983083
2x64,235,0.4251503646373749,0.35949352282877645
2x64,236,0.4326086938381195,0.35918423310574593
2x64,237,0.4444267451763153,0.36231585749130174
2x64,238,0.42794644832611084,0.3673268743608712
2x64,239,0.43700647354125977,0.3573168699899297
2x64,240,0.43028342723846436,0.359749096074371
2x64,241,0.4214649498462677,0.3588949074194222
2x64,242,0.42279407382011414,0.3547744225786153
2x64,243,0.4337233006954193,0.3629490168226097
2x64,244,0.428679883480072,0.35867467387209484
2x64,245,0.42888343334198,0.3579640595261923
2x64,246,0.43299412727355957,0.35992104031361266
2x64,247,0.42724141478538513,0.35625906504553706
2x64,248,0.44275739789009094,0.3576157864800592
2x64,249,0.4240162670612335,0.3572376425911164
2x64,250,0.4216912090778351,0.35514534204796283
2x64,251,0.4371185898780823,0.35363625077557337
2x64,252,0.41899996995925903,0.3618205483190888
2x64,253,0.45776116847991943,0.35319144584087486
2x64,254,0.42503997683525085,0.35902617452008645
2x64,255,0.4257301688194275,0.35486353966371115
2x64,256,0.4260997772216797,0.3523230349743903
2x64,257,0.42068925499916077,0.3534434436905447
2x64,258,0.4280070960521698,0.35278173331592966
2x64,259,0.4465828537940979,0.35490314456870564
2x64,260,0.42573997378349304,0.35796635341637706
2x64,261,0.4385835528373718,0.3503019919909447
2x64,262,0.4252708852291107,0.3537062458118599
2x64,263,0.4389078915119171,0.35718667487659184
2x64,264,0.42623648047447205,0.3534105239410905
2x64,265,0.42116016149520874,0.35221696155740984
2x64,266,0.4294585585594177,0.3514529610650861
2x64,267,0.4294629693031311,0.3503401372744814
2x64,268,0.4288771450519562,0.35331450691191735
2x64,269,0.4249304533004761,0.3568027753568348
2x64,270,0.4190252721309662,0.35070599357327836
2x64,271,0.4226623475551605,0.3509307733476938
2x64,272,0.4310874044895172,0.35317652893219686
3x16,1,0.7733218828837077,1.0860454888852984
3x16,2,0.7049536387125651,0.7436314877561377
3x16,3,0.6801576852798462,0.7022260919237195
3x16,4,0.6638426224390666,0.6815346475967912
3x16,5,0.6517332235972086,0.6654758541064655
3x16,6,0.6417540192604065,0.6521077314827678
3x16,7,0.6293726205825806,0.6394213412523689
3x16,8,0.6207696517308553,0.6284796642633683
3x16,9,0.6148553609848022,0.6199523932844911
3x16,10,0.6085062225659689,0.6134709037266943
3x16,11,0.6033337513605753,0.6066677013438223
3x16,12,0.5998319864273072,0.6018755540958176
3x16,13,0.5944165150324504,0.5976260630665386
3x16,14,0.5908062060674032,0.593103776065291
3x16,15,0.586841897169749,0.5892716367669575
3x16,16,0.5838285048802694,0.5855828898864116
3x16,17,0.5814104994138082,0.5823658708454869
3x16,18,0.5797028740247091,0.5790732688200546
3x16,19,0.5767737825711569,0.5767641913615471
3x16,20,0.5744216680526734,0.5736776226734821
3x16,21,0.5716474612553915,0.5710610472473197
3x16,22,0.5702743570009867,0.5683153276267979
3x16,23,0.5666281660397847,0.5663401555890104
3x16,24,0.5662832935651143,0.5636871755701851
3x16,25,0.5627189517021179,0.561740201105515
3x16,26,0.5625775496164958,0.5600647547570484
3x16,27,0.559806497891744,0.558044207607655
3x16,28,0.5588524421056111,0.5559291330202527
3x16,29,0.557917042573293,0.5546196982845581
3x16,30,0.5559619267781576,0.5525987778591767
3x16,31,0.553463359673818,0.5510736955089544
3x16,32,0.5544986406962077,0.5500764762923317
3x16,33,0.5534257491429647,0.5487330508664369
3x16,34,0.5518816351890564,0.5464261659174795
3x16,35,0.5508251865704854,0.5455214564865727
3x16,36,0.5486027717590332,0.5442703716236494
3x16,37,0.5488253752390544,0.5427508018613693
3x16,38,0.5478896896044413,0.5414839687452826
3x16,39,0.5448310017585755,0.5400940614382671
3x16,40,0.5458853006362915,0.5390078068545934
3x16,41,0.5442018230756124,0.5388920439195992
3x16,42,0.5430102070172628,0.5376503980769269
3x16,43,0.5434448917706808,0.5367295263155608
3x16,44,0.5410236398379008,0.5349635443669949
3x16,45,0.5407970388730367,0.534482344414759
3x16,46,0.5388254682223003,0.533443725275152
3x16,47,0.5386480490366617,0.5321999659817179
3x16,48,0.5383196671803793,0.5314655329362007
3x16,49,0.5376927256584167,0.5306111556487958
3x16,50,0.5353063424428304,0.5296769649328715
3x16,51,0.5359314441680908,0.5284904690210617
3x16,52,0.533679215113322,0.5282261141676006
3x16,53,0.534663196404775,0.5273967390846439
3x16,54,0.5353346228599548,0.526143817402077
3x16,55,0.5333853363990784,0.5253923413376959
3x16,56,0.5328568816184998,0.5247153173130137
3x16,57,0.530464216073354,0.5242594544027146
3x16,58,0.5308866858482361,0.5230628525311801
3x16,59,0.5319279432296753,0.5230836693029498
3x16,60,0.5294782201449076,0.5217517411037885
3x16,61,0.5290304938952128,0.521264086184336
3x16,62,0.5289895931879679,0.5199734772626327
3x16,63,0.5289105931917827,0.5198224879634555
3x16,64,0.5294271230697631,0.5193116676053235
3x16,65,0.5278563221295675,0.5191748357651214
3x16,66,0.5259345293045044,0.5174602666693687
3x16,67,0.524669615427653,0.5171212376777531
3x16,68,0.5252701997756958,0.5164693603552518
3x16,69,0.5238032937049866,0.5157650567999659
3x16,70,0.5238982637723287,0.5150306619814458
3x16,71,0.5245412389437357,0.5156069628760132
3x16,72,0.5222199996312459,0.5146903719003776
3x16,73,0.5233391682306926,0.5133064843637245
3x16,74,0.5238287091255188,0.5131777530126362
3x16,75,0.5202104290326436,0.5128706854010251
3x16,76,0.5202178299427033,0.5120466613430376
3x16,77,0.5210428337256113,0.5119985038263993
3x16,78,0.5198299924532572,0.5109056208348632
3x16,79,0.52070192694664,0.5102525391442573
3x16,80,0.5197859744230906,0.510111598506821
3x16,81,0.5188967009385427,0.5096667471665111
3x16,82,0.5204251646995545,0.5090174070355086
3x16,83,0.5192108253637949,0.5084307878930545
3x16,84,0.5193324148654938,0.508327811759949
3x16,85,0.5196487267812093,0.5079403143704748
3x16,86,0.5185722410678864,0.5071316740323742
3x16,87,0.516971496740977,0.5066418139890061
3x16,88,0.5176790714263916,0.5061125051654431
3x16,89,0.5150972505410513,0.5062021989600746
3x16,90,0.5180659751097362,0.5050115108696086
3x16,91,0.516423887014389,0.5049757528184687
3x16,92,0.5154905041058858,0.5047545681105609
3x16,93,0.5162891606489818,0.5039580658437489
3x16,94,0.5152060449123382,0.5035285633987038
3x16,95,0.5170868615309397,0.503119854105299
3x16,96,0.5145579357941945,0.5030836694164903
3x16,97,0.5133470316727956,0.5035998043628023
3x16,98,0.5138131519158681,0.5020003421863664
3x16,99,0.5129019061724345,0.5017216884357335
3x16,100,0.5155204276243845,0.5011720086441112
3x16,101,0.5122972091039022,0.5004720151679872
3x16,102,0.5142894983291626,0.5010075207871669
3x16,103,0.5125523308912913,0.49950496286599677
3x16,104,0.5122350374857585,0.4996956615269518
3x16,105,0.5118589699268341,0.49958763190938354
3x16,106,0.5107943654060364,0.4985659891091277
3x16,107,0.5111624995867411,0.4985676442082269
3x16,108,0.5088663578033448,0.49794110537338576
3x16,109,0.5096492151419322,0.49775591029424293
3x16,110,0.510910419623057,0.4975330853829116
3x16,111,0.5098810116449992,0.49673598707545075
3x16,112,0.5098424792289734,0.4966371946508366
3x16,113,0.5094756166140239,0.496103484205041
3x16,114,0.5109722117582957,0.4961652090659115
3x16,115,0.5102190335591634,0.4964786151160995
3x16,116,0.5090283393859864,0.4952465889269327
3x16,117,0.5102857867876689,0.4955559255940084
3x16,118,0.5089012424151103,0.494668800104696
3x16,119,0.5072571396827698,0.49494905106542875
3x16,120,0.5074731449286143,0.49413749116790345
3x16,121,0.5080512126286825,0.4935609480099431
3x16,122,0.5081016778945923,0.4930462520493061
3x16,123,0.5081256111462911,0.49366680322010387
3x16,124,0.5058702369530995,0.49292285702945315
3x16,125,0.5068785071372985,0.4927606398015466
3x16,126,0.5052674154440562,0.49158669029018215
3x16,127,0.5050480604171753,0.4913195556326821
3x16,128,0.5058252294858296,0.4914036846869919
3x16,129,0.505006875594457,0.49078943785391166
3x16,130,0.5068543235460917,0.489932932241149
3x16,131,0.5065614442030589,0.49061411498154384
3x16,132,0.5048417329788208,0.4908027279922705
3x16,133,0.5041676719983419,0.48957630920609513
3x16,134,0.5033964077631633,0.48992054063379836
3x16,135,0.5032720307509104,0.4896284352257169
3x16,136,0.5032278756300609,0.48867758283112084
3x16,137,0.5030814170837402,0.48896374178281926
3x16,138,0.5032517572244009,0.48918715870160046
3x16,139,0.5020418842633565,0.4881925606263063
3x16,140,0.5039612491925557,0.48736828989409425
3x16,141,0.5030667364597321,0.4877120525328179
3x16,142,0.5032945394515991,0.4872005119783817
3x16,143,0.5027937074502309,0.48711649980667854
3x16,144,0.5037857035795847,0.4862688421141046
3x16,145,0.5020442644755045,0.48666995015057146
3x16,146,0.5016110161940257,0.48646153803761094
3x16,147,0.5025319496790568,0.48549583305597827
3x16,148,0.5022138476371765,0.4860378943068086
3x16,149,0.5020610312620799,0.4853326912170732
3x16,150,0.5009852548440298,0.48574251052011674
3x16,151,0.501682452360789,0.4851263383729656
3x16,152,0.5023911416530609,0.48471865371359013
3x16,153,0.5010536253452301,0.48474301086925653
3x16,154,0.5018729547659556,0.48480344380019597
3x16,155,0.5019219378630321,0.48402015448434693
3x16,156,0.5004325648148854,0.4839441863653777
3x16,157,0.5002276420593261,0.4841803585686674
3x16,158,0.4968708817447935,0.48474600508255455
3x16,159,0.4998835452965328,0.48283570768417683
3x16,160,0.49799099777426037,0.48316825280957426
3x16,161,0.5002168672425407,0.48288515189514153
3x16,162,0.4984352844102042,0.4834045066852397
3x16,163,0.49809604244572775,0.48227002133248587
3x16,164,0.49839076825550627,0.48233136333613597
3x16,165,0.49675806931086947,0.4820038869295741
3x16,166,0.498006026659693,0.48178356307010023
3x16,167,0.49768541966165813,0.481752619410937
3x16,168,0.49700251647404264,0.4812929179661266
3x16,169,0.49567163842064993,0.48092910714552367
3x16,170,0.49955508751528604,0.4805911611482886
3x16,171,0.4955408275127411,0.48132462123179215
3x16,172,0.4975855201482773,0.48028778961661783
3x16,173,0.4965690438236509,0.4803643998716072
3x16,174,0.4977018939597266,0.4799426211368007
3x16,175,0.49716921363558086,0.4802949104601372
3x16,176,0.49623191569532665,0.4799359232725626
3x16,177,0.4964948147535324,0.4792605012239317
3x16,178,0.496907325727599,0.4789914590327245
3x16,179,0.49709380311625345,0.4788165803932842
3x16,180,0.49620628569807324,0.4792041960622542
3x16,181,0.4959026596375874,0.47942342449029024
3x16,182,0.49472562968730927,0.47827737098293893
3x16,183,0.4946270968232836,0.47772567567689006
3x16,184,0.495438603418214,0.4777651733204417
3x16,185,0.49439501549516407,0.4776244412133145
3x16,186,0.49369898651327404,0.47702088297675516
3x16,187,0.49528282242161886,0.476865465929591
3x16,188,0.4944359234401158,0.47684929549739735
3x16,189,0.4949555056435721,0.47637521389947274
3x16,190,0.4945614146334784,0.4768524570333804
3x16,191,0.4930362084082195,0.4763832696936307
3x16,192,0.49513175019196104,0.4761817650338123
3x16,193,0.493674316576549,0.476635704541527
3x16,194,0.49289112857409884,0.475552762999445
3x16,195,0.49530820548534393,0.4754002669294029
3x16,196,0.49304531514644623,0.4762427036146222
3x16,197,0.4937588359628405,0.4747160416455422
3x16,198,0.493198247892516,0.47560550995651074
3x16,199,0.49401770319257465,0.47471057246927123
3x16,200,0.4929901382752827,0.4751170805486942
3x16,201,0.49391127484185354,0.47445236011374214
3x16,202,0.4919112239565168,0.47453539074180917
3x16,203,0.49359140258568984,0.47341507513999315
3x16,204,0.4922815171571878,0.4735433333513448
3x16,205,0.4906284946661729,0.47300604286122583
3x16,206,0.4909602655814244,0.47268815505073203
3x16,207,0.4906645302589123,0.47253418171709277
3x16,208,0.49139029246110183,0.4723542801396409
3x16,209,0.4916715369774745,0.4725832512165361
3x16,210,0.49242863746789783,0.47206576116338184
3x16,211,0.4909683099159828,0.4719143911156611
3x16,212,0.49337913210575396,0.4723001584559769
3x16,213,0.49229880938163173,0.47228008798882415
3x16,214,0.4916394559236673,0.4715918089871147
3x16,215,0.49190381666024524,0.47098447584460734
3x16,216,0.4922407542665799,0.470507524136005
3x16,217,0.4896973446011543,0.4712177384503203
3x16,218,0.490916075805823,0.4704479074756966
3x16,219,0.49261488765478134,0.47002903314202565
3x16,220,0.4910804412581704,0.4695056548163427
3x16,221,0.4889372397552837,0.46956907446744656
3x16,222,0.49083763360977173,0.4691859519363174
3x16,223,0.48915471136569977,0.4693134006939448
3x16,224,0.4902394026517868,0.4688229842031097
3x16,225,0.49038722813129426,0.4686204115996002
3x16,226,0.4913404077291489,0.4689966239077446
3x16,227,0.4884215623140335,0.4686807966109113
3x16,228,0.4886573374271393,0.46920120334156473
3x16,229,0.48581571380297345,0.46765340726726
3x16,230,0.48871594336297774,0.4675472337259643
3x16,231,0.4862258533636729,0.4688070560695016
3x16,232,0.4889238079388936,0.46823760303896134
3x16,233,0.48744749691751266,0.46785676456274694
3x16,234,0.4863714277744293,0.4673949196445844
3x16,235,0.48746971951590645,0.46733205128960786
3x16,236,0.48917196856604683,0.4673025058220566
3x16,237,0.4871028893523746,0.46727900288240065
3x16,238,0.4905405044555664,0.46705675335518965
3x16,239,0.49083711419786724,0.4668544931667098
3x16,240,0.49074843525886536,0.4667180127929828
3x16,241,0.49175875527518137,0.4665768275842779
3x16,242,0.4895655981131962,0.46639219977549423
3x16,243,0.48825555188315256,0.466457818186301
3x16,244,0.49012728674071177,0.4669231357083085
3x16,245,0.48786720633506775,0.4669313204323377
3x16,246,0.48955181666782926,0.4659811964149382
3x16,247,0.49036998408181326,0.4654616203906469
3x16,248,0.4881987486566816,0.46483715440876905
3x16,249,0.4888082316943577,0.4655980250375288
3x16,250,0.4915674030780792,0.46603686668952793
3x16,251,0.4880123223577227,0.4648607874423681
3x16,252,0.48967596888542175,0.46446246548533826
3x16,253,0.48936510511807035,0.46498634887180385
3x16,254,0.48915725094931467,0.46451513964872276
3x16,255,0.4893810365881239,0.46480571422175343
3x16,256,0.48876472881862093,0.46497613961002854
3x16,257,0.4894861323492868,0.4654607813605138
3x16,258,0.48913847903410596,0.46449448116714726
3x16,259,0.4915366768836975,0.46459324716571904
3x16,260,0.4892127712567647,0.46573253407291143
3x16,261,0.4882519642512004,0.46445118073499514
3x16,262,0.4900459945201874,0.46340381450578283
3x16,263,0.49032530188560486,0.4645458332580476
3x16,264,0.487862691283226,0.46397730391985365
3x16,265,0.4886340796947479,0.46395596531087663
3x16,266,0.49130066732565564,0.46338056344604067
3x16,267,0.4892716358105342,0.4629909139524135
3x16,268,0.48720942934354144,0.46321936940477476
3x16,269,0.49214192628860476,0.4626693506251941
3x16,270,0.4955221712589264,0.46293754192066083
3x16,271,0.4919178426265717,0.4644153376910893
3x16,272,0.49936479330062866,0.4619759943886064
3x16,273,0.494889535009861,0.46212434155504023
3x16,274,0.49357668310403824,0.4614859242696035
3x16,275,0.49793674796819687,0.4610581499128215
3x16,276,0.4921210929751396,0.4624976316922267
3x16,277,0.4927747845649719,0.46164392269521876
3x16,278,0.49620553851127625,0.4600500086548358
3x16,279,0.4951416850090027,0.4616804848834808
3x16,280,0.48797444999217987,0.4636870721255021
3x16,281,0.4896034896373749,0.4623421983436482
3x16,282,0.48656749725341797,0.4623210969605619
3x16,283,0.49218182265758514,0.4645259027611977
3x16,284,0.48834237456321716,0.46994883038084184
3x16,285,0.48619118332862854,0.4693056366708251
3x16,286,0.48772507905960083,0.46731933576879964
3x16,287,0.48713886737823486,0.4687163680427466
3x16,288,0.48390650749206543,0.46877859758636764
3x16,289,0.4847647249698639,0.4694882809617424
3x16,290,0.48488202691078186,0.46668394694543086
3x16,291,0.48912549018859863,0.4672092041486331
3x16,292,0.487434983253479,0.4681822703803781
3x16,293,0.48852217197418213,0.4699115243693288
3x16,294,0.486382395029068,0.46891761660679304
3x16,295,0.4908820688724518,0.46866726140884923
3x16,296,0.4819957911968231,0.46635553375012284
3x16,297,0.484806090593338,0.4658626359588784
3x16,298,0.4816638231277466,0.466870369835589
3x16,299,0.4849407374858856,0.4680305479913233
3x16,300,0.4877539873123169,0.4666186481316947
3x16,301,0.49018988013267517,0.4696487473926212
3x16,302,0.48775196075439453,0.46958575757123266
3x16,303,0.47974473237991333,0.4663326333183553
3x16,304,0.4818993806838989,0.4663136888704174
3x16,305,0.4823507070541382,0.46667269925227856
3x16,306,0.4855651557445526,0.46701142835797615
3x16,307,0.4828316569328308,0.46599009169702454
3x16,308,0.48298895359039307,0.4665713465165817
3x16,309,0.483868271112442,0.4677381751203872
3x16,310,0.48598796129226685,0.466049683844431
3x16,311,0.48378995060920715,0.4663270061252771
3x16,312,0.48188525438308716,0.4659332828895239
3x16,313,0.48794522881507874,0.46684964432215725
3x16,314,0.486022025346756,0.4681918286718649
3x16,315,0.48336556553840637,0.4681988979110942
3x16,316,0.4823486804962158,0.4665976391517938
3x16,317,0.4859399199485779,0.46655962307238563
3x16,318,0.4810369610786438,0.4651646552669275
3x16,319,0.47957736253738403,0.46464842574833565
3x16,320,0.4799560308456421,0.4650957839324138
3x16,321,0.48689204454421997,0.46481709754000594
3x16,322,0.4806363582611084,0.4652882037776741
3x16,323,0.47983449697494507,0.4645700137434843
3x16,324,0.47955310344696045,0.4638469465440725
3x16,325,0.4821348786354065,0.46628179606216286
3x16,326,0.47957679629325867,0.4646091293797768
3x16,327,0.48924872279167175,0.466388842360289
3x16,328,0.4844844937324524,0.46810261469454556
3x16,329,0.4869818687438965,0.4663680567109097
3x16,330,0.47983911633491516,0.46519835309161556
3x16,331,0.48092496395111084,0.4640164544522748
3x16,332,0.47628816962242126,0.4647693079621143
3x16,333,0.48220449686050415,0.4633594304029334
3x16,334,0.48416727781295776,0.46456685595269026
3x16,335,0.47694697976112366,0.46766341710547654
3x16,336,0.4844385087490082,0.4655416287711585
3x16,337,0.4835508167743683,0.46835901447324013
3x16,338,0.49136894941329956,0.4634459896414703
3x16,339,0.4793143570423126,0.46569629617601366
3x16,340,0.4812053442001343,0.4645241558213259
3x16,341,0.47653597593307495,0.46276302985953377
3x16,342,0.47710779309272766,0.46223583259849205
3x16,343,0.47779878973960876,0.4636246382348534
3x16,344,0.4762652516365051,0.4638517137778203
3x16,345,0.4812798500061035,0.4629538928996015
3x16,346,0.48154935240745544,0.4637819808712609
3x16,347,0.47492650151252747,0.46805512450927533
3x16,348,0.4861733615398407,0.4632290031543767
3x16,349,0.48301124572753906,0.46356799638336216
3x16,350,0.4806865155696869,0.46545872734041915
3x16,351,0.4884950816631317,0.46371173854410963
3x16,352,0.48034608364105225,0.4633828049448186
3x16,353,0.47766217589378357,0.4628067502061811
3x16,354,0.47562193870544434,0.4639339465123392
3x16,355,0.48189154267311096,0.4613023667098258
3x16,356,0.4793708026409149,0.4629583764482468
3x16,357,0.4779055714607239,0.4620116074124543
3x16,358,0.47683990001678467,0.46269947844997156
3x16,359,0.4756717085838318,0.46283333451719494
3x16,360,0.4785977005958557,0.4624934900260229
3x16,361,0.4789191782474518,0.46092682185750977
3x16,362,0.48346054553985596,0.4622661328808483
3x16,363,0.4821828007698059,0.46260374840420954
3x16,364,0.4780784249305725,0.46254272835952603
3x16,365,0.5084888935089111,0.46265585715249574
3x16,366,0.47728514671325684,0.4702154952987771
3x16,367,0.4788041114807129,0.4610808263481759
3x256,1,0.6205806454022725,0.7368421646737835
3x256,2,0.5932943463325501,0.5733392692606517
3x256,3,0.5668822765350342,0.5441503923979839
3x256,4,0.5329839706420898,0.5246366246099529
3x256,5,0.5434340675671895,0.5087099326189839
3x256,6,0.5188831726710001,0.49451465094566116
3x256,7,0.5249953150749207,0.4837416569678304
3x256,8,0.4867508033911387,0.47386100664219605
3x256,9,0.5193766375382741,0.4618248336357816
3x256,10,0.5075634340445201,0.46065490074603255
3x256,11,0.4735207756360372,0.45118250446011327
3x256,12,0.48136542240778607,0.44030206327341215
3x256,13,0.4699481983979543,0.4335014217020896
3x256,14,0.4573107123374939,0.42800137610350664
3x256,15,0.4646559675534566,0.42130933867597065
3x256,16,0.4639167249202728,0.41501910376213685
3x256,17,0.44691105286280314,0.41198271468506253
3x256,18,0.44431034723917645,0.40237073036554916
3x256,19,0.4491811712582906,0.39909829424545734
3x256,20,0.4386556684970856,0.3943670053511959
3x256,21,0.43579431374867755,0.3874734392655062
3x256,22,0.4374054114023844,0.3814107241564353
3x256,23,0.4359940826892853,0.3783829013314582
3x256,24,0.43343249360720315,0.3738868101100689
3x256,25,0.4305036743481954,0.36560723190554495
3x256,26,0.42953135768572487,0.36450639945102975
3x256,27,0.42136281927426655,0.36362681572130917
3x256,28,0.4286782622337341,0.3547662937181308
3x256,29,0.41920193831125896,0.3529172755629142
3x256,30,0.4204335351785024,0.3455320297022568
3x256,31,0.42122814853986107,0.3452754946181505
3x256,32,0.4218167026837667,0.33874785097218
3x256,33,0.4128155569235484,0.3336760511582406
3x256,34,0.42000502546628316,0.32944995321111836
3x256,35,0.40752485394477844,0.3282311412903768
3x256,36,0.4126335382461548,0.32194622263148953
3x256,37,0.40547428925832113,0.3192881597024145
3x256,38,0.4052096704641978,0.31364494647948954
3x256,39,0.40700964331626893,0.30657430182932704
3x256,40,0.4137895941734314,0.3028176816407651
3x256,41,0.4050988435745239,0.3101375966935834
3x256,42,0.3996741116046906,0.29936913010431865
3x256,43,0.40460116664568585,0.29805357171274627
3x256,44,0.4098448932170868,0.2907820565542911
3x256,45,0.4021178146203359,0.29108684170401594
3x256,46,0.40053701798121133,0.2865090901473128
3x256,47,0.39782865047454835,0.2816948201378716
3x256,48,0.39708025654157003,0.27930683381856464
3x256,49,0.3946887036164602,0.27320579817412166
3x256,50,0.3965256929397583,0.2692529656464144
3x256,51,0.4000078499317169,0.26802043997809016
3x256,52,0.39423758586247765,0.2668755112822359
3x256,53,0.3956381618976593,0.2610955996362408
3x256,54,0.3940652589003245,0.2558698603967283
3x256,55,0.3936423083146413,0.2542528324969555
3x256,56,0.4000948389371236,0.25224904623200467
3x256,57,0.3917379101117452,0.24931034500652163
3x256,58,0.4007347524166107,0.24305949712080122
3x256,59,0.3920230766137441,0.24225557083505206
3x256,60,0.3915214517286846,0.23940685442738616
3x256,61,0.39158000903470175,0.2377779936211877
3x256,62,0.3932248651981354,0.23379131894866845
3x256,63,0.39286752896649496,0.23248461434824877
3x256,64,0.39593646781785147,0.2270694590161603
3x256,65,0.38975036995751516,0.22805022978949166
3x256,66,0.39180542528629303,0.22559760929370665
3x256,67,0.38962920222963604,0.218969944515949
3x256,68,0.3929792514869145,0.21717464095381517
3x256,69,0.39222328708722043,0.21731758007183619
3x256,70,0.39118150105843175,0.2135628146812586
3x256,71,0.3936213403940201,0.2139631731999676
3x256,72,0.3897877484560013,0.21066819703999015
3x256,73,0.3871658518910408,0.20690261232405013
3x256,74,0.38867878665526706,0.20112343634054874
3x256,75,0.38872848202784854,0.20169717119454464
3x256,76,0.3884379640221596,0.19993662167090634
3x256,77,0.3923211966951688,0.19663861250168724
3x256,78,0.3922684544866735,0.19823879372595588
3x256,79,0.3984074836427515,0.1908445591858296
3x256,80,0.3933661173690449,0.19349289557398583
3x256,81,0.39773017168045044,0.19098220273609617
3x256,82,0.39675135910511017,0.1858186420753811
3x256,83,0.39066735804080965,0.18418369691313802
3x256,84,0.3921074628829956,0.17983995063366015
3x256,85,0.3935039970609877,0.17974822280407982
3x256,86,0.39462154772546554,0.17814901524274804
3x256,87,0.39828140536944073,0.17651088312208832
3x256,88,0.3960612288543156,0.17529953249476157
3x256,89,0.3895332898412432,0.1765745273403891
3x256,90,0.39515124758084613,0.1658584074086902
3x256,91,0.39686723947525027,0.17164584119147644
3x256,92,0.3901237308979034,0.16850594008752692
3x256,93,0.3920188248157501,0.16007671836894977
3x256,94,0.3877326622605324,0.16007641386536786
3x256,95,0.3876999815305074,0.15439634098102042
3x256,96,0.40097955862681073,0.15810772526546613
3x256,97,0.3893391489982605,0.1629447299244684
3x256,98,0.37916967272758484,0.15651245539925812
3x256,99,0.3717692494392395,0.15345738364497155
3x256,100,0.3763297200202942,0.1487826509478341
3x256,101,0.3675333857536316,0.15366186433312098
3x256,102,0.3874209225177765,0.1493899315863629
3x256,103,0.37049180269241333,0.15280015006575606
3x256,104,0.3774704337120056,0.1489839468648252
3x256,105,0.3854950964450836,0.1497942277537335
3x64,1,0.6365235487620036,0.8041598572266418
3x64,2,0.598222021261851,0.6209866750869112
3x64,3,0.5783690055211385,0.588005049032337
3x64,4,0.5594733556111654,0.5679591462214757
3x64,5,0.5602237701416015,0.5523501489517259
3x64,6,0.5440688769022624,0.541150288455558
3x64,7,0.5408650000890096,0.5300088304439058
3x64,8,0.5280089656511943,0.5219585468597395
3x64,9,0.5285384257634481,0.5116274648227899
3x64,10,0.5228186468283336,0.5056320894406604
3x64,11,0.5079478700955709,0.498889366624257
3x64,12,0.5135023136933644,0.4927698383004587
3x64,13,0.5065114855766296,0.48791956698558164
3x64,14,0.49537461598714194,0.4820922163249611
3x64,15,0.5003492156664531,0.47734755138883717
3x64,16,0.49692790309588114,0.47293752948095164
3x64,17,0.48620334068934123,0.4693407728311651
3x64,18,0.4838742752869924,0.4635864932246477
3x64,19,0.48723586996396384,0.4610024916842341
3x64,20,0.4758637646834056,0.45818445872585867
3x64,21,0.4792578279972076,0.453184689497428
3x64,22,0.47330510218938193,0.4496772669108998
3x64,23,0.4760637998580933,0.4473275657011989
3x64,24,0.47103757262229917,0.4445684431820488
3x64,25,0.4745479106903076,0.44084651492008486
3x64,26,0.4741380333900452,0.4403233781393865
3x64,27,0.4662816524505615,0.4382135251987799
3x64,28,0.4689412852128347,0.43446210865016077
3x64,29,0.4622607092062632,0.43316724501542947
3x64,30,0.4621390700340271,0.4294034611948101
3x64,31,0.4591785887877146,0.4275193057068611
3x64,32,0.46017003456751504,0.42535522104466267
3x64,33,0.4567950109640757,0.42310317450304313
3x64,34,0.45954516728719075,0.4198300467820971
3x64,35,0.4525167167186737,0.4195541682485701
3x64,36,0.45509209036827086,0.41646934929843427
3x64,37,0.4521544655164083,0.41582669829112967
3x64,38,0.4489124198754629,0.4131397561431135
3x64,39,0.4483722368876139,0.41014467299098933
3x64,40,0.45433096488316854,0.4080237469319488
3x64,41,0.4476733366648356,0.41022403588156214
3x64,42,0.4474820554256439,0.4065039490122852
3x64,43,0.4517467180887858,0.40506638852407606
3x64,44,0.4508290966351827,0.403326328534787
3x64,45,0.4482262035210927,0.4040694250517523
3x64,46,0.4453521688779195,0.3999318471973163
3x64,47,0.44355883200963336,0.39795147246170787
3x64,48,0.44394317468007405,0.396147360031872
3x64,49,0.44368546406428017,0.39439727025623406
3x64,50,0.4423647006352743,0.39245550279955865
3x64,51,0.4427103658517202,0.39237643391429156
3x64,52,0.4389239629109701,0.3925878439825905
3x64,53,0.44043229818344115,0.3891335856834276
3x64,54,0.4393421987692515,0.3863212144881309
3x64,55,0.44098257621129355,0.3861475703832632
3x64,56,0.4451714873313904,0.38536983260797747
3x64,57,0.4360286295413971,0.38315602365616436
3x64,58,0.4404449284076691,0.38161889212979105
3x64,59,0.43824384808540345,0.3813400558391304
3x64,60,0.43633233904838564,0.37892410440920893
3x64,61,0.4330586055914561,0.37904931241750484
3x64,62,0.43624781171480814,0.3761047466112623
3x64,63,0.4339264690876007,0.3762712644968562
3x64,64,0.44165236353874204,0.37403029285931405
3x64,65,0.43374922474225364,0.37580594429576075
3x64,66,0.4284337043762207,0.37294127467803934
3x64,67,0.4318558394908905,0.37047035628022923
3x64,68,0.43434364597002667,0.37198535629771295
3x64,69,0.4310733298460642,0.37000507857571274
3x64,70,0.42921388347943623,0.3670123119353982
3x64,71,0.43306970596313477,0.3672271730160077
3x64,72,0.4313246786594391,0.36587919223445226
3x64,73,0.4284786065419515,0.364641584261822
3x64,74,0.43100536465644834,0.363954047518501
3x64,75,0.4308996140956879,0.36229459352557986
3x64,76,0.42994224627812705,0.36243052261628494
3x64,77,0.4285065511862437,0.3618228086848541
3x64,78,0.4313767711321513,0.36125185953512
3x64,79,0.43483259677886965,0.35799027820523815
3x64,80,0.43177844484647115,0.3590496623888465
3x64,81,0.4300105690956116,0.35808583802422683
3x64,82,0.42949716250101727,0.355283015305735
3x64,83,0.43036812742551167,0.35447269610439397
3x64,84,0.4291045566399892,0.3542816109127599
3x64,85,0.4262008527914683,0.3549226479026569
3x64,86,0.4296771864096324,0.3529060878294313
3x64,87,0.42957501113414764,0.3533407302546897
3x64,88,0.42860666130270275,0.35126038235497453
3x64,89,0.42665105828872096,0.350300968673879
3x64,90,0.42524219552675885,0.3485603563887476
3x64,91,0.426833339035511,0.34924842214700563
3x64,92,0.42417968809604645,0.34747742415218447
3x64,93,0.4260635996858279,0.3467162113820592
3x64,94,0.42629601738669654,0.3483633191701989
3x64,95,0.42495962977409363,0.3453668839571527
3x64,96,0.4384672018614682,0.346079969720165
3x64,97,0.4239422082901001,0.34721200947150616
3x64,98,0.41982826590538025,0.34413085370716023
3x64,99,0.42707984447479247,0.3403369430924234
3x64,100,0.42206830978393556,0.342523975589937
3x64,101,0.4234184086322784,0.3397932511375178
3x64,102,0.4189956933259964,0.3398594120722342
3x64,103,0.42121576368808744,0.3382618331624486
3x64,104,0.4242676138877869,0.3376558657494913
3x64,105,0.4187425196170807,0.3384230688695648
3x64,106,0.4268421232700348,0.33612814882726544
3x64,107,0.42530291974544526,0.3376930889212682
3x64,108,0.4226487249135971,0.3357560189346076
3x64,109,0.4197052627801895,0.33575327654709397
3x64,110,0.4242529094219208,0.33540246708459204
3x64,111,0.42156954705715177,0.33404563903312556
3x64,112,0.42458633581797284,0.3323202270502446
3x64,113,0.41925567761063576,0.33402678452713086
3x64,114,0.41889671981334686,0.3312056467546535
3x64,115,0.42035406082868576,0.3309924589365561
3x64,116,0.4310383200645447,0.3296717257167883
3x64,117,0.4168544225394726,0.33001105752322135
3x64,118,0.4189949706196785,0.32801032248995227
3x64,119,0.4163040481507778,0.33218231174833013
3x64,120,0.4197194278240204,0.32744028353237986
3x64,121,0.4177670329809189,0.32729782131243046
3x64,122,0.42133107284704846,0.32720531079633003
3x64,123,0.4199034223953883,0.32649031342633755
3x64,124,0.42315544684727985,0.32506607420197303
3x64,125,0.4212062855561574,0.32648488623377214
3x64,126,0.41951904197533924,0.3243709240069645
3x64,127,0.41790780425071716,0.3241168071364348
3x64,128,0.4155335674683253,0.3233473802717149
3x64,129,0.41568485895792645,0.3218439878845775
3x64,130,0.41401693820953367,0.3202429001586825
3x64,131,0.4190013945102692,0.32171069277102066
3x64,132,0.4140955626964569,0.32157511974327047
3x64,133,0.42600011825561523,0.31828904177188644
3x64,134,0.42292543053627013,0.3202463452649519
3x64,135,0.4164527356624603,0.3194409063449274
3x64,136,0.41591793298721313,0.3141502720018126
3x64,137,0.42323248386383056,0.31631365302605446
3x64,138,0.4198132693767548,0.3178762808647819
3x64,139,0.4153707206249237,0.3168094384773227
3x64,140,0.4232625484466553,0.31629152003053596
3x64,141,0.41185408234596255,0.3150437615549112
3x64,142,0.41910986304283143,0.31288097249584224
3x64,143,0.41688108444213867,0.3122552855159663
3x64,144,0.4149292230606079,0.312035500792625
3x64,145,0.41472494006156924,0.3121213255340372
3x64,146,0.4150582730770111,0.310911868549422
3x64,147,0.4226021468639374,0.30883326801080063
3x64,148,0.42158658504486085,0.3104626615930734
3x64,149,0.4163345515727997,0.3124239479879753
3x64,150,0.4169489026069641,0.3083597667187328
3x64,151,0.4159120380878448,0.30999295340134364
3x64,152,0.419778448343277,0.30579071116577217
3x64,153,0.43306292593479156,0.3091917983053883
3x64,154,0.4172176197171211,0.31533391506785735
3x64,155,0.41170819103717804,0.30835581785030447
3x64,156,0.4211912527680397,0.30953298918412125
3x64,157,0.41526777297258377,0.30828728488246576
3x64,158,0.4111080765724182,0.30595091210690417
3x64,159,0.425876721739769,0.3047606531902942
3x64,160,0.4241929352283478,0.3141633775051416
3x64,161,0.41571808854738873,0.30975456749199287
3x64,162,0.4114576131105423,0.30325717206345265
3x64,163,0.4100814163684845,0.30491179068438157
3x64,164,0.44184568524360657,0.3049897922131977
3x64,165,0.4177279770374298,0.2960268858609501
3x64,166,0.41036257147789,0.29225492434278033
3x64,167,0.4077678620815277,0.29086466569803465
3x64,168,0.4489302933216095,0.29200855041138896
3x64,169,0.41544511914253235,0.3105784892598622
3x64,170,0.4070615768432617,0.2934818256361642
3x64,171,0.4081372916698456,0.2931992831507193
3x64,172,0.41159147024154663,0.28721325139551024
4x16,1,0.7928380052248637,1.2021083957531893
4x16,2,0.7239827990531922,0.7601821635143452
4x16,3,0.6932557582855224,0.716845518581616
4x16,4,0.671614142258962,0.6904216925100963
4x16,5,0.65652809937795,0.6692104196767723
4x16,6,0.6436477939287821,0.6533536173733369
4x16,7,0.6304892301559448,0.6397894602925128
4x16,8,0.6198379993438721,0.6276434304296934
4x16,9,0.6127224167188009,0.617991459630609
4x16,10,0.6040920853614807,0.609994756043567
4x16,11,0.599143656094869,0.603122979320104
4x16,12,0.5988915205001831,0.5967179087753447
4x16,13,0.5921707391738892,0.5920584856561092
4x16,14,0.5843267321586609,0.586236984835996
4x16,15,0.5809520602226257,0.5801339340498024
4x16,16,0.5754416306813558,0.5768063509968296
4x16,17,0.5709462881088256,0.572168023863922
4x16,18,0.5691863139470418,0.5684891522972142
4x16,19,0.5665772040685018,0.5654825886118023
4x16,20,0.5608914057413737,0.562032351338543
4x16,21,0.5584158937136332,0.5585226721948203
4x16,22,0.56035871108373,0.5551574498353086
4x16,23,0.5551011125246684,0.5535922851679825
4x16,24,0.554564893245697,0.5504375668978453
4x16,25,0.5520322759946187,0.5481514268389229
4x16,26,0.5472548405329386,0.546639512124359
4x16,27,0.5467011253039042,0.5440482957491927
4x16,28,0.5495736638704936,0.5421865333463808
4x16,29,0.5438912351926167,0.5409699423151211
4x16,30,0.5406779925028483,0.5388593048497512
4x16,31,0.5417511423428854,0.5370731916249508
4x16,32,0.5412123481432597,0.5363403813244292
4x16,33,0.5394688089688618,0.5348953579868005
4x16,34,0.5383564233779907,0.5315820937396499
4x16,35,0.5371095061302185,0.5310768217516714
4x16,36,0.5333367904027303,0.5291269407221308
4x16,37,0.5327614744504293,0.5279252897852718
4x16,38,0.53249591588974,0.5266791628476638
4x16,39,0.530997633934021,0.52532519620822
4x16,40,0.5320826689402263,0.5242974856763625
4x16,41,0.5274172782897949,0.5239106723092337
4x16,42,0.5302397807439169,0.5220149435759036
4x16,43,0.5278724034627279,0.5213223651834762
4x16,44,0.5262450098991394,0.5195958942902906
4x16,45,0.5247993846734365,0.5183731655597951
4x16,46,0.5239905595779419,0.5176267412789242
4x16,47,0.5229873915513357,0.5167814976351364
4x16,48,0.525471152861913,0.5160768042813656
4x16,49,0.5229480465253195,0.5147116515831788
4x16,50,0.524334975083669,0.5135162621970049
4x16,51,0.5240146537621816,0.5133824856924455
4x16,52,0.5209589382012685,0.5134243612649148
4x16,53,0.5196905036767324,0.5114492421165128
4x16,54,0.5213978131612141,0.5098352706918822
4x16,55,0.518472037712733,0.5088758346598738
4x16,56,0.5196415980656942,0.508600058058404
4x16,57,0.5170475542545319,0.5079826957828062
4x16,58,0.5189331769943237,0.5063358366631248
4x16,59,0.5155239939689636,0.5065317389943492
4x16,60,0.5150003770987193,0.5052325447621395
4x16,61,0.514542814095815,0.5048698916585009
4x16,62,0.5141372998555501,0.5037340537794621
4x16,63,0.5178959747155507,0.503775244229366
4x16,64,0.5158441543579102,0.5036913590763975
4x16,65,0.5128769199053447,0.5024278741407782
4x16,66,0.5120016912619273,0.5006382597228284
4x16,67,0.5113879104455312,0.4998989240311858
4x16,68,0.5114576439062755,0.49988088356030513
4x16,69,0.5100412825743358,0.4992645421996958
4x16,70,0.5103182276089986,0.49832026451306544
4x16,71,0.5095892767111461,0.49898165955433116
4x16,72,0.5094994088013967,0.49754145155744534
4x16,73,0.5101833581924439,0.49654489589664996
4x16,74,0.5119717260201772,0.49662366281149783
4x16,75,0.5077195266882578,0.49586420614544763
4x16,76,0.5082891543706258,0.4948975113673771
4x16,77,0.5071113049983978,0.49473089953094335
4x16,78,0.5120354096094767,0.4946790139225994
4x16,79,0.508007123072942,0.4942170592129195
4x16,80,0.5085844119389852,0.4936521944536944
4x16,81,0.5078396618366241,0.49254713733414235
4x16,82,0.5053878943125407,0.4922801395921834
4x16,83,0.506131766239802,0.4909589015899332
4x16,84,0.5046739498774211,0.49043988991189924
4x16,85,0.5069309135278066,0.48985913559269
4x16,86,0.5065438648064932,0.48965068117494465
4x16,87,0.5068896134694417,0.4888739802529655
4x16,88,0.5058385034402212,0.48860253248913155
4x16,89,0.5041770080725352,0.48830450661050406
4x16,90,0.5048520028591156,0.4872021215235211
4x16,91,0.5061062097549438,0.48775449638552454
4x16,92,0.5025948246320089,0.4872290782011178
4x16,93,0.5030930459499359,0.4864191892819045
4x16,94,0.504480775197347,0.48525972342357776
4x16,95,0.5025886615117391,0.4853531839654415
4x16,96,0.5040824353694916,0.4846327162947776
4x16,97,0.5000619729359944,0.48522015915756167
4x16,98,0.49965112408002216,0.48414335273101816
4x16,99,0.502391533056895,0.48367567096849917
4x16,100,0.5011661370595296,0.4835642861346988
4x16,101,0.4997886578241984,0.48190990829249297
4x16,102,0.5028864324092865,0.4824331884448444
4x16,103,0.49896610379219053,0.4817691445102235
4x16,104,0.5000429252783457,0.48140258351356807
4x16,105,0.4995245178540548,0.48080251609268826
4x16,106,0.49803953766822817,0.48011222573052115
4x16,107,0.4977231462796529,0.4797610554826999
4x16,108,0.49684178630510967,0.47882676014636966
4x16,109,0.49933860898017884,0.4793309885427536
4x16,110,0.498980446656545,0.4790470712615073
4x16,111,0.49786367019017536,0.4782329708631646
4x16,112,0.4986446877320608,0.4783604584217999
4x16,113,0.4974095463752747,0.4776507713356125
4x16,114,0.4991086761156718,0.4773693480157278
4x16,115,0.4977915604909261,0.47771019561682054
4x16,116,0.4953479746977488,0.4761383031033086
4x16,117,0.49565259416898094,0.4765526489435409
4x16,118,0.4961797495683034,0.4755460235721301
4x16,119,0.4946172535419464,0.47632699599062245
4x16,120,0.4956634700298309,0.4750921785122264
4x16,121,0.49447986284891765,0.47461209283309885
4x16,122,0.49390091697374977,0.474024811970398
4x16,123,0.49632034699122113,0.47485163431464866
4x16,124,0.49400304555892943,0.4741227247799879
4x16,125,0.49451828996340436,0.4739338807339879
4x16,126,0.49337162971496584,0.4727015389366519
4x16,127,0.49412251909573873,0.4716666756146041
4x16,128,0.4936203142007192,0.47280031549968504
4x16,129,0.49162947535514834,0.47215764224239326
4x16,130,0.49312203923861186,0.4708962697602068
4x16,131,0.49426643252372743,0.470532668393821
4x16,132,0.4941818018754323,0.47204682214187504
4x16,133,0.4912835419178009,0.47052438949724285
4x16,134,0.4910554548104604,0.47019430038959925
4x16,135,0.4906206210454305,0.47010382436902926
4x16,136,0.4893931269645691,0.46891335643314047
4x16,137,0.4927177786827087,0.4683774143303429
4x16,138,0.49184221029281616,0.46973486609514215
4x16,139,0.4913277804851532,0.46885769839207625
4x16,140,0.49297977345330374,0.4690595522808728
4x16,141,0.49162425100803375,0.46885273155069257
4x16,142,0.49268489863191334,0.46771930362288494
4x16,143,0.4936022162437439,0.46778627670917244
4x16,144,0.492578712957246,0.4668462910774644
4x16,145,0.4922135663884027,0.4672981812559428
4x16,146,0.49139524144785746,0.4674644717260543
4x16,147,0.48978703788348604,0.46679271584501103
4x16,148,0.4931189784636864,0.4668363461873696
4x16,149,0.49221362058932966,0.4670071536095
4x16,150,0.49302199253669154,0.46701233505494893
4x16,151,0.49299344191184413,0.46638213323129474
4x16,152,0.49099754370175874,0.46563297482641597
4x16,153,0.49101340999970067,0.46517999367526836
4x16,154,0.4902214954296748,0.46830283848051163
4x16,155,0.49342672278483707,0.46591736142302725
4x16,156,0.4886328252879056,0.46559946127102586
4x16,157,0.49085274880582636,0.4655386825179848
4x16,158,0.4880661422556097,0.4663561825337107
4x16,159,0.49164534969763324,0.4644675295771199
4x16,160,0.48925662311640655,0.4650732307827511
4x16,161,0.49335746602578595,0.4642782573615421
4x16,162,0.49068502675403247,0.4654924995117467
4x16,163,0.4883410199121995,0.4642157666296214
4x16,164,0.4908669645136053,0.46269739693641027
4x16,165,0.48795475743033667,0.46307942588988404
4x16,166,0.4886096580462022,0.4636928787247269
4x16,167,0.4886895147236911,0.46246899818946774
4x16,168,0.4884902916171334,0.46150062986378265
4x16,169,0.4906371384859085,0.4613118725584407
4x16,170,0.4911376714706421,0.4611430358497528
4x16,171,0.48822127448187935,0.46111465676803093
4x16,172,0.49059053924348617,0.46129662514286157
4x16,173,0.4869154956605699,0.46167354516291037
4x16,174,0.4894567628701528,0.4606319053413922
4x16,175,0.48962375190522933,0.4614877635599615
4x16,176,0.4866268104977078,0.46080550871711157
4x16,177,0.4886847833792369,0.4601711114879639
4x16,178,0.4893311725722419,0.4597351110644072
4x16,179,0.4881889820098877,0.4595649452729355
4x16,180,0.487367848555247,0.4607513314074247
4x16,181,0.48606332143147785,0.45959403325989684
4x16,182,0.48692016137970817,0.45921703213144954
4x16,183,0.48423592580689323,0.45823898593530366
4x16,184,0.48504531052377486,0.45751343579244047
4x16,185,0.48577362961239284,0.45807811616179506
4x16,186,0.4872095324099064,0.45809983244446273
4x16,187,0.48631054535508156,0.4584826193382577
4x16,188,0.487053494900465,0.4584275716887075
4x16,189,0.4901314973831177,0.4576524611766137
4x16,190,0.4891260489821434,0.45759718162517116
4x16,191,0.4853350179536002,0.455973187688294
4x16,192,0.4850974678993225,0.45556608828848205
4x16,193,0.48440840414592196,0.4556157098914242
4x16,194,0.4827886436666761,0.4553954584127972
4x16,195,0.4871413324560438,0.4544660961750274
4x16,196,0.4820516322340284,0.4561933310086949
4x16,197,0.48432656271117075,0.4538660961113009
4x16,198,0.48349708318710327,0.4556874878818147
4x16,199,0.48233171871730257,0.4554714359616176
4x16,200,0.484444538752238,0.4544623067221425
4x16,201,0.4855917642513911,0.45411648430011126
4x16,202,0.48594267169634503,0.45320576228874726
4x16,203,0.48423612614472705,0.453034496058413
4x16,204,0.48104613025983173,0.4532439530887861
4x16,205,0.4833766669034958,0.4523062413207051
4x16,206,0.4830578217903773,0.4526986387485526
4x16,207,0.48242713510990143,0.4521705757630952
4x16,208,0.48361601928869885,0.4526201703077719
4x16,209,0.4798445651928584,0.4524171197636715
4x16,210,0.48249560097853345,0.4524434758108062
4x16,211,0.48359983166058856,0.4509346005699905
4x16,212,0.4804035077492396,0.45209512823320314
4x16,213,0.48405800263086957,0.45150846449744425
4x16,214,0.4840971827507019,0.4508511585195123
4x16,215,0.4826752295096715,0.4496006610377476
4x16,216,0.4802460918823878,0.4507030603733218
4x16,217,0.4818520247936249,0.4515175315658499
4x16,218,0.4844255745410919,0.44906489634406654
4x16,219,0.4872698664665222,0.4485325410344994
4x16,220,0.48521156907081603,0.4488374778889064
4x16,221,0.4859145700931549,0.44788111390479407
4x16,222,0.48621671795845034,0.44805992625814195
4x16,223,0.48472900390625,0.4496997465424718
4x16,224,0.48705351948738096,0.447633081392233
4x16,225,0.48376408219337463,0.4491409145439612
4x16,226,0.48306081891059877,0.44855246751727085
4x16,227,0.4855413854122162,0.44681444432519724
4x16,228,0.4832193195819855,0.4492691471604996
4x16,229,0.4840698063373566,0.4467378504058865
4x16,230,0.4845814347267151,0.4463244820739923
4x16,231,0.48804381489753723,0.4474404419776515
4x16,232,0.4869318902492523,0.4495412706252086
4x16,233,0.48383064568042755,0.4484621952383725
4x16,234,0.48730699717998505,0.4466256335809083
4x16,235,0.48675736784935,0.4476868930630756
4x16,236,0.489836610853672,0.44752876170804146
4x16,237,0.4831371307373047,0.44730601708290185
4x16,238,0.4838540032505989,0.44619323354332857
4x16,239,0.4847012683749199,0.4462000820143672
4x16,240,0.48454078286886215,0.44609315846480624
4x16,241,0.48567934334278107,0.4460673809076198
4x16,242,0.4865964204072952,0.44462989031630257
4x16,243,0.48267532885074615,0.4472416019155474
4x16,244,0.4865404739975929,0.44542850991520744
4x16,245,0.48552359640598297,0.44525805323269285
4x16,246,0.4879731982946396,0.44611755834986866
4x16,247,0.48479412496089935,0.4459819402526589
4x16,248,0.4868709519505501,0.44462517657339773
4x16,249,0.4843875840306282,0.4451757547537207
4x16,250,0.48388662934303284,0.44549969007926915
4x16,251,0.4842737093567848,0.4438671001457304
4x16,252,0.4863736107945442,0.4433760033220869
4x16,253,0.4835563376545906,0.4453725063052404
4x16,254,0.48577144742012024,0.4434260273415592
4x16,255,0.4881332367658615,0.4439784435243404
4x16,256,0.48374784737825394,0.44535682258859055
4x16,257,0.4852695018053055,0.443331920482977
4x16,258,0.4825571080048879,0.44506410992320133
4x16,259,0.48429422577222186,0.4460009859812595
4x16,260,0.4809902807076772,0.4477081135879612
4x16,261,0.47733578085899353,0.44744036042095653
4x16,262,0.48125975330670673,0.445904671343404
4x16,263,0.48251891136169434,0.44764336044800085
4x16,264,0.4810045063495636,0.4448183293884049
4x16,265,0.4791715741157532,0.4451287388307887
4x16,266,0.47760119040807086,0.4447146216442926
4x16,267,0.48147133986155194,0.44427202294618917
4x16,268,0.485625038544337,0.4458702057658794
4x16,269,0.4800148904323578,0.4456157760452138
4x16,270,0.48676131169001263,0.44429785134505145
4x16,271,0.47506774961948395,0.44090697669809886
4x16,272,0.4850592315196991,0.44144194671490256
4x16,273,0.481820285320282,0.4404741782462023
4x16,274,0.4780484735965729,0.44269851789641307
4x16,275,0.48478400707244873,0.4403299990583879
4x16,276,0.48118218779563904,0.440730010980291
4x16,277,0.4824964255094528,0.4428552530151705
4x16,278,0.4787372350692749,0.44028188309458055
4x16,279,0.4747754633426666,0.44007378619246806
4x16,280,0.4768132120370865,0.4422554897356459
4x16,281,0.4796413779258728,0.4411532554710533
4x16,282,0.4767526090145111,0.4392310961630759
4x16,283,0.49440157413482666,0.4396316061624924
4x16,284,0.47786353528499603,0.44185703849203817
4x16,285,0.47650329768657684,0.4389108429997372
4x16,286,0.4773480296134949,0.43836797875749434
4x16,287,0.4731502830982208,0.4390844400630366
4x16,288,0.47320109605789185,0.43941893225035156
4x16,289,0.47757990658283234,0.4383698059393609
4x16,290,0.47025638818740845,0.43801863313572276
4x16,291,0.471430167555809,0.43754100843874955
4x16,292,0.4742417335510254,0.4391786293637595
4x16,293,0.4736298769712448,0.438889356773622
4x16,294,0.4852132052183151,0.4410003104503621
4x16,295,0.47855105996131897,0.43224084058272083
4x16,296,0.4685305655002594,0.43601938484547653
4x16,297,0.46567779779434204,0.4331942747690949
4x16,298,0.46934446692466736,0.4330003564749605
4x16,299,0.4753633737564087,0.4334047477643291
4x16,300,0.47818827629089355,0.43253815642166393
4x16,301,0.4662104845046997,0.4343230265016444
4x16,302,0.47347700595855713,0.432863549069199
4x16,303,0.47388938069343567,0.4342554971473473
4x16,304,0.4735691249370575,0.431854258235663
4x16,305,0.47116026282310486,0.4337871441510495
4x16,306,0.4707649350166321,0.4321323444675532
4x16,307,0.46965059638023376,0.4315965288213124
4x16,308,0.4757411777973175,0.43247348324394175
4x16,309,0.47665849328041077,0.4321217317540553
4x16,310,0.4729945659637451,0.433946852767901
4x16,311,0.4774976372718811,0.43252615674235817
4x16,312,0.469417542219162,0.4329032519830931
4x16,313,0.465472549200058,0.4326134346830475
4x16,314,0.4695803225040436,0.4314593931233515
4x16,315,0.47469398379325867,0.4333356016875254
4x16,316,0.4702988862991333,0.43136599483837545
4x16,317,0.4734790027141571,0.43159394480221613
4x16,318,0.47284820675849915,0.4303169545220249
4x16,319,0.4743831753730774,0.4301244966463024
4x16,320,0.46697089076042175,0.43177163361835397
4x16,321,0.473868727684021,0.43110151260614
4x16,322,0.47317424416542053,0.4336358553896645
4x16,323,0.4726532995700836,0.4306299786321502
4x16,324,0.4685312509536743,0.4339089649769469
4x16,325,0.47151461243629456,0.4319008359648954
4x16,326,0.46703577041625977,0.4297871042042677
4x16,327,0.46846604347229004,0.4301382654391413
4x16,328,0.4648364782333374,0.4289740559791855
4x16,329,0.4693876802921295,0.4288935955366126
4x16,330,0.47330576181411743,0.4311942013221988
4x16,331,0.4767351746559143,0.43136868126489974
4x16,332,0.4654521048069,0.43423904122036416
4x16,333,0.4754098951816559,0.4325883619024747
4x16,334,0.4758824110031128,0.4301738786736883
4x16,335,0.4743376076221466,0.4322054202040165
4x16,336,0.46868398785591125,0.43399246629785077
4x16,337,0.4695149064064026,0.4318250628067622
4x16,338,0.46686506271362305,0.4295701776344881
4x16,339,0.46924933791160583,0.429172238559671
4x16,340,0.4662216603755951,0.42977679825933085
4x16,341,0.4761958122253418,0.42933294898310587
4x16,342,0.46801912784576416,0.4334636629685681
4x16,343,0.4693963825702667,0.4302937929361525
4x16,344,0.4713090658187866,0.42875774317456505
4x16,345,0.46841272711753845,0.43201033390310273
4x16,346,0.4725487232208252,0.4313141648453606
4x16,347,0.4677262306213379,0.43035448350496
4x16,348,0.4646691381931305,0.4309135340309918
4x16,349,0.4711514711380005,0.4303843428436548
4x16,350,0.47349295020103455,0.43157072814187764
4x16,351,0.466708779335022,0.42974792877290774
4x16,352,0.4882800281047821,0.42935827435816726
4x16,353,0.4697299301624298,0.43415630457575616
4x16,354,0.46761688590049744,0.4285289125047272
4x16,355,0.4675256609916687,0.4284913699383088
4x16,356,0.47044745087623596,0.4280226790087827
4x16,357,0.4672418236732483,0.42921333490433994
4x16,358,0.46922290325164795,0.430920552378001
4x16,359,0.46907028555870056,0.434795477088058
4x16,360,0.46820271015167236,0.4271689636799273
4x16,361,0.47526365518569946,0.4309960308676405
4x16,362,0.4657791256904602,0.43006493607614565
4x16,363,0.4881274700164795,0.42805451515336473
4x16,364,0.4668622314929962,0.42959741624482867
4x16,365,0.466347873210907,0.43013483921116324
4x16,366,0.46528637409210205,0.4297938441086748
4x16,367,0.46526095271110535,0.43316198540681766
4x16,368,0.47086113691329956,0.4284204342493248
4x256,1,0.6013633847236634,0.8050079342646959
4x256,2,0.5588924050331116,0.5575343187432822
4x256,3,0.531520676612854,0.5291419966600416
4x256,4,0.5091515858968099,0.5033512416051679
4x256,5,0.5076564113299052,0.48883737210004197
4x256,6,0.4901680032412211,0.4747597529731129
4x256,7,0.4861407260100047,0.4643168164430812
4x256,8,0.4728782534599304,0.45078663987330836
4x256,9,0.47743269602457683,0.4395502474782676
4x256,10,0.47143473227818805,0.43450522601960234
4x256,11,0.4539594888687134,0.42466203355807364
4x256,12,0.45104025801022846,0.4149813182572262
4x256,13,0.44618682662645975,0.40512270560540364
4x256,14,0.4394387980302175,0.3986905295740831
4x256,15,0.43999192913373314,0.39222303659491004
4x256,16,0.4450887342294057,0.3842161067633577
4x256,17,0.4290229181448619,0.3813884382946172
4x256,18,0.42877280910809834,0.36860358302412244
4x256,19,0.4284079968929291,0.3646573748528395
4x256,20,0.4199598749478658,0.3575166887211076
4x256,21,0.417108408610026,0.34948644402885615
4x256,22,0.41193292538324994,0.34083215398610844
4x256,23,0.41893542408943174,0.3341871256554789
4x256,24,0.4085557480653127,0.3325568932870737
4x256,25,0.4103188415368398,0.32024821198712483
4x256,26,0.40755154291788737,0.31912450070685966
4x256,27,0.4031465987364451,0.31519526244855467
4x256,28,0.40824137926101683,0.30772652431156067
4x256,29,0.4026823361714681,0.30138647002719604
4x256,30,0.40360668500264485,0.29401803405579335
4x256,31,0.3969653745492299,0.2912352463348183
4x256,32,0.3995886782805125,0.2823492513463755
4x256,33,0.39290148417154946,0.27688649484448347
4x256,34,0.3917262673377991,0.27562636903158194
4x256,35,0.39347819487253827,0.27043889014859024
4x256,36,0.3989673852920532,0.263203990352829
4x256,37,0.39247621297836305,0.26109420637230124
4x256,38,0.38970859050750734,0.25387919005936627
4x256,39,0.38864370187123615,0.24381751544650745
4x256,40,0.3937442163626353,0.23843951244671746
4x256,41,0.39206721385320026,0.242418071437586
4x256,42,0.3893736362457275,0.2360312873765069
4x256,43,0.39030991395314535,0.23197603711285802
4x256,44,0.3924431065718333,0.22460910574615353
4x256,45,0.3874723275502523,0.2235402799596475
4x256,46,0.388849663734436,0.2163024967778032
4x256,47,0.3899309496084849,0.21277002741129092
4x256,48,0.3875383814175924,0.20893361442444805
4x256,49,0.38707005977630615,0.20358466462910432
4x256,50,0.38867880702018737,0.1958621340681433
4x256,51,0.38712904254595437,0.19112388663447827
4x256,52,0.38725924491882324,0.19062632613105618
4x256,53,0.38343626459439595,0.1864032357547549
4x256,54,0.3858976364135742,0.17921585576901514
4x256,55,0.388021049896876,0.1810033715397824
4x256,56,0.38942332069079083,0.1752832505212736
4x256,57,0.3848870635032654,0.16971220310574367
4x256,58,0.3896249492963155,0.16294769368955464
4x256,59,0.3889869153499603,0.1658803421160894
4x256,60,0.38634778062502545,0.1611095119675289
4x256,61,0.3870824992656708,0.15793866432905634
4x256,62,0.39053995807965597,0.15533777534870016
4x256,63,0.3869724134604136,0.15450535600895787
4x256,64,0.39284395376841225,0.14647770376055583
4x256,65,0.38638761242230735,0.1473812274125477
4x256,66,0.38764903800828115,0.14481564572058278
4x256,67,0.3872872843192174,0.13890547436176348
4x256,68,0.38830943902333576,0.1349765044376687
4x256,69,0.38793013989925385,0.13208979806328897
4x256,70,0.38533586925930446,0.1317769554268442
4x256,71,0.3913130350410938,0.12427757139059607
4x256,72,0.39627717435359955,0.1258773689858461
4x256,73,0.3858477808535099,0.12096782152486543
4x256,74,0.3911201996462686,0.1152603006340229
4x256,75,0.3945438911517461,0.12383805688339637
4x256,76,0.396960844596227,0.12510328576974142
4x256,77,0.3894372209906578,0.1245787064660932
4x256,78,0.3874811331431071,0.1064066082825504
4x256,79,0.39823809266090393,0.10634314598349744
4x256,80,0.38298484683036804,0.09994388865433579
4x256,81,0.3894934256871541,0.09705252270980137
4x256,82,0.3910816510518392,0.09137137030255953
4x256,83,0.39484497904777527,0.10279067318199568
4x256,84,0.3925233880678813,0.1043633248842415
4x256,85,0.39024219910303753,0.09913755364157519
4x256,86,0.39180582761764526,0.10098701112464258
4x256,87,0.37067583203315735,0.11697686821577291
4x256,88,0.3836975693702698,0.10279252324710277
4x256,89,0.37817060947418213,0.1041805463274204
4x256,90,0.3787054419517517,0.10461670560533809
4x256,91,0.37657833099365234,0.12041655321776458
4x256,92,0.37424254417419434,0.10085585475181888
4x256,93,0.3731570243835449,0.08561074907406653
4x64,1,0.627780799070994,0.7597977971086205
4x64,2,0.582740859190623,0.6010601290923077
4x64,3,0.5649355888366699,0.5692478877219471
4x64,4,0.5368581295013428,0.5458477215566798
4x64,5,0.532291313012441,0.5273637706199003
4x64,6,0.5234556635220845,0.5134053877028405
4x64,7,0.5197611252466837,0.5011505701076674
4x64,8,0.5021335522333781,0.49174342678209854
4x64,9,0.49794865449269615,0.48016226257686034
4x64,10,0.49157102902730304,0.4755692523007596
4x64,11,0.4827659447987874,0.4671949300823416
4x64,12,0.4832770049571991,0.45957359155124133
4x64,13,0.47619271477063496,0.45496218549586476
4x64,14,0.4703911463419596,0.44878964955044226
4x64,15,0.4751283288002014,0.44315378817713663
4x64,16,0.4687771658102671,0.438482395200822
4x64,17,0.4649289925893148,0.4366451433075521
4x64,18,0.46220044493675233,0.4292192991714719
4x64,19,0.4613727152347565,0.4266654110537699
4x64,20,0.4549898147583008,0.4218042469485081
4x64,21,0.45622082352638244,0.41759089061105903
4x64,22,0.4527057429154714,0.41359397905690726
4x64,23,0.45143539309501646,0.4105124668508164
4x64,24,0.4465025722980499,0.4072500846637251
4x64,25,0.4534070312976837,0.40172083194354535
4x64,26,0.4483137369155884,0.4029782133633438
4x64,27,0.4427621364593506,0.39998080444302714
4x64,28,0.4505648831526438,0.3947746517968959
4x64,29,0.44093169967333473,0.39341458552637115
4x64,30,0.43993946512540183,0.38859721892288657
4x64,31,0.44173903663953146,0.38731843253373255
4x64,32,0.44008514086405437,0.38361782751371504
4x64,33,0.43921866416931155,0.3807507450520226
4x64,34,0.44044854044914244,0.37979850873172033
4x64,35,0.43591915965080263,0.37720045170547084
4x64,36,0.43920096357663474,0.3736161753664178
4x64,37,0.4304369946320852,0.37291448346204553
4x64,38,0.431680961449941,0.37086931448272603
4x64,39,0.4283537725607554,0.3657424517807902
4x64,40,0.43680800596872965,0.3638822044753178
4x64,41,0.4311247746149699,0.36793684315692904
4x64,42,0.42785254716873167,0.36153823294942317
4x64,43,0.4324251671632131,0.3599748514360105
4x64,44,0.43234715461730955,0.3567243706369434
4x64,45,0.4318058451016744,0.36004204570287934
4x64,46,0.4276360829671224,0.3546262866244751
4x64,47,0.4301978449026744,0.3509692876338363
4x64,48,0.42656386295954385,0.34961531463611706
4x64,49,0.428954142332077,0.34526314409021885
4x64,50,0.42415705919265745,0.34449460447984154
4x64,51,0.4309492846330007,0.34295234481552406
4x64,52,0.4251599689324697,0.343819652526371
4x64,53,0.4259178102016449,0.341402104087508
4x64,54,0.42614276011784874,0.3373457246033553
4x64,55,0.4265947421391805,0.3368777936208646
4x64,56,0.4296006977558136,0.33665725762329995
4x64,57,0.4255850891272227,0.33513346658123555
4x64,58,0.43084950049718224,0.3309100164310884
4x64,59,0.42256425420443217,0.3312868893508161
4x64,60,0.42293940981229144,0.32898152274516035
4x64,61,0.42229872941970825,0.326699873327383
4x64,62,0.4209755698839823,0.3253032117612651
4x64,63,0.42184028242315563,0.32434023254215455
4x64,64,0.42455693440777914,0.32257500800058186
4x64,65,0.41924138154302326,0.3232071588164129
4x64,66,0.41718469904019284,0.3185320228423507
4x64,67,0.4214019798315488,0.3164722718503551
4x64,68,0.4192843809723854,0.3195202110367017
4x64,69,0.4202326809366544,0.31583686367116903
4x64,70,0.41743820408980054,0.3125405437986332
4x64,71,0.41775723546743393,0.3122528214521385
4x64,72,0.4178438037633896,0.3104577462407533
4x64,73,0.41631370782852173,0.30885572941067585
4x64,74,0.41686595569957385,0.3087132577781187
4x64,75,0.42097499153830786,0.3091973158996976
4x64,76,0.4175579439509999,0.30751755129948866
4x64,77,0.41363270445303485,0.30528638765600674
4x64,78,0.4213971929116683,0.307145161714439
4x64,79,0.41699508374387567,0.3022404269649297
4x64,80,0.42213708433237945,0.30106487705600143
4x64,81,0.4124241977930069,0.30172974650065654
4x64,82,0.4156007319688797,0.2972873617931313
4x64,83,0.41400049030780794,0.29762468859262414
4x64,84,0.41580993599361843,0.2977995624238908
4x64,85,0.4180946283870273,0.2943219259299274
4x64,86,0.415213018655777,0.2921999893289706
4x64,87,0.41814835156713215,0.29308292682658593
4x64,88,0.41712529744420734,0.28953850945376863
4x64,89,0.42397846778233844,0.2883677649402108
4x64,90,0.4155268023411433,0.2894400474798691
4x64,91,0.421257550517718,0.29006597868999645
4x64,92,0.4159531593322754,0.288921070737028
4x64,93,0.41565102835496265,0.2826791155257299
4x64,94,0.41650381684303284,0.28398398810349196
4x64,95,0.4186489820480347,0.2793357050194578
4x64,96,0.42741321325302123,0.2839089302852288
4x64,97,0.41237958520650864,0.285162354612965
4x64,98,0.40866732597351074,0.27675697434136115
4x64,99,0.4209534078836441,0.273807064512179
4x64,100,0.4110327512025833,0.2778768738778907
4x64,101,0.41259025037288666,0.2691146891173001
4x64,102,0.4163203239440918,0.2710140434863619
4x64,103,0.41975896060466766,0.2786288892370844
4x64,104,0.41748443245887756,0.2796831335826863
4x64,105,0.41325806081295013,0.2703809581989086
4x64,106,0.4125296473503113,0.28785697573062285
4x64,107,0.3994392156600952,0.2756085204402947
4x64,108,0.38765087723731995,0.2717250263624183
4x64,109,0.3938032388687134,0.26782524651784084
4x64,110,0.387404203414917,0.2708420356459504
4x64,111,0.38445404171943665,0.2630183612855064
4x64,112,0.3927585482597351,0.2610332801387947
4x64,113,0.4042644798755646,0.26221540279453126
